ActualClosePrice,OriginalFeaturePrediction,EngineeredFeaturePrediction,OriginalAbsoluteError,EngineeredAbsoluteError
8712500.0,9000000.0,7976500.0,287500.0,736000.0
1100000.0,1099000.0,1025000.0,1000.0,75000.0
1625000.0,1400000.0,1725000.0,225000.0,100000.0
1560000.0,1530000.0,1651500.0,30000.0,91500.0
605000.0,620000.0,610000.0,15000.0,5000.0
377500.0,395000.0,385000.0,17500.0,7500.0
400000.0,400000.0,415000.0,0.0,15000.0
595000.0,580000.0,575000.0,15000.0,20000.0
595000.0,595000.0,590000.0,0.0,5000.0
2400000.0,2695000.0,2710000.0,295000.0,310000.0
260000.0,260000.0,240000.0,0.0,20000.0
379900.0,385000.0,380000.0,5100.0,100.0
775000.0,808000.0,808000.0,33000.0,33000.0
240000.0,225000.0,225000.0,15000.0,15000.0
1890000.0,1917800.0,1760000.0,27800.0,130000.0
351000.0,354900.0,355000.0,3900.0,4000.0
4550000.0,4475000.0,4560000.0,75000.0,10000.0
633400.0,660000.0,670000.0,26600.0,36600.0
1100000.0,1105000.0,1099000.0,5000.0,1000.0
465000.0,490000.0,475000.0,25000.0,10000.0
1240000.0,1157015.0,1160000.0,82985.0,80000.0
347000.0,347000.0,350000.0,0.0,3000.0
1400000.0,1500000.0,1360000.0,100000.0,40000.0
609000.0,760000.0,805000.0,151000.0,196000.0
660000.0,645000.0,647000.0,15000.0,13000.0
1350000.0,1100000.0,1098000.0,250000.0,252000.0
4200000.0,3990000.0,3990000.0,210000.0,210000.0
1070000.0,1065000.0,1095000.0,5000.0,25000.0
525000.0,565000.0,530000.0,40000.0,5000.0
3995000.0,4200000.0,3850000.0,205000.0,145000.0
4663750.0,4350000.0,4450000.0,313750.0,213750.0
2510000.0,2630000.0,2700000.0,120000.0,190000.0
1100000.0,1130000.0,1200000.0,30000.0,100000.0
635000.0,628175.0,550000.0,6825.0,85000.0
1365000.0,1350000.0,1399000.0,15000.0,34000.0
2789000.0,2700000.0,2795000.0,89000.0,6000.0
1200000.0,1150000.0,1250000.0,50000.0,50000.0
10998000.0,10000000.0,10000000.0,998000.0,998000.0
1132500.0,995000.0,1010000.0,137500.0,122500.0
6063320.0,6100000.0,6140000.0,36680.0,76680.0
292500.0,283000.0,295000.0,9500.0,2500.0
1175000.0,1190000.0,1150000.0,15000.0,25000.0
1310000.0,1415000.0,1415000.0,105000.0,105000.0
710000.0,760000.0,745000.0,50000.0,35000.0
725812.0,790000.0,725000.0,64188.0,812.0
1065000.0,1043000.0,1025000.0,22000.0,40000.0
35000000.0,31750000.0,33500000.0,3250000.0,1500000.0
2875000.0,2769000.0,2550000.0,106000.0,325000.0
310000.0,280000.0,310000.0,30000.0,0.0
465000.0,475000.0,463000.0,10000.0,2000.0
3012500.0,3000000.0,3300000.0,12500.0,287500.0
450000.0,465000.0,465000.0,15000.0,15000.0
530000.0,530000.0,528000.0,0.0,2000.0
7095000.0,6750000.0,6995000.0,345000.0,100000.0
1360000.0,1587000.0,1587000.0,227000.0,227000.0
2265000.0,2405000.0,2200000.0,140000.0,65000.0
587000.0,599500.0,599500.0,12500.0,12500.0
1175000.0,1220000.0,1230000.0,45000.0,55000.0
2700000.0,3250000.0,2780000.0,550000.0,80000.0
3400000.0,3320000.0,3200000.0,80000.0,200000.0
211000.0,209000.0,210000.0,2000.0,1000.0
935000.0,934000.0,1000000.0,1000.0,65000.0
1500000.0,920000.0,920000.0,580000.0,580000.0
1175000.0,1185000.0,1168000.0,10000.0,7000.0
2550000.0,2475000.0,2475000.0,75000.0,75000.0
660000.0,680000.0,675000.0,20000.0,15000.0
899000.0,919000.0,865000.0,20000.0,34000.0
1200000.0,1275000.0,1150000.0,75000.0,50000.0
3100000.0,3750000.0,3750000.0,650000.0,650000.0
780000.0,850000.0,799000.0,70000.0,19000.0
2475000.0,2350000.0,2380000.0,125000.0,95000.0
589000.0,583000.0,600000.0,6000.0,11000.0
400000.0,403000.0,403000.0,3000.0,3000.0
1632000.0,1750000.0,1750000.0,118000.0,118000.0
545000.0,535000.0,610000.0,10000.0,65000.0
2150000.0,2077000.0,2150000.0,73000.0,0.0
2995000.0,2877000.0,2875000.0,118000.0,120000.0
1325000.0,1328000.0,1313000.0,3000.0,12000.0
690000.0,700000.0,699000.0,10000.0,9000.0
4500000.0,4500000.0,4250000.0,0.0,250000.0
1230000.0,1230000.0,1215000.0,0.0,15000.0
2715000.0,2720000.0,2435000.0,5000.0,280000.0
350000.0,333500.0,350000.0,16500.0,0.0
394750.0,403000.0,410000.0,8250.0,15250.0
815000.0,925000.0,865000.0,110000.0,50000.0
1250000.0,1185000.0,1185000.0,65000.0,65000.0
1555200.0,1580000.0,1595000.0,24800.0,39800.0
1059000.0,1035000.0,1020000.0,24000.0,39000.0
600000.0,600000.0,620000.0,0.0,20000.0
1800000.0,1780000.0,1780000.0,20000.0,20000.0
3270000.0,3224200.0,3100000.0,45800.0,170000.0
480000.0,490000.0,490000.0,10000.0,10000.0
930000.0,936000.0,929000.0,6000.0,1000.0
10700000.0,9775000.0,9850000.0,925000.0,850000.0
1155000.0,1230000.0,1180000.0,75000.0,25000.0
1100000.0,1130000.0,1150000.0,30000.0,50000.0
1495000.0,1500000.0,1475000.0,5000.0,20000.0
1023000.0,1050000.0,1075000.0,27000.0,52000.0
1000000.0,971111.0,995000.0,28889.0,5000.0
2650000.0,2808888.0,2577900.0,158888.0,72100.0
1125000.0,1100000.0,1260000.0,25000.0,135000.0
1550000.0,1550000.0,1550000.0,0.0,0.0
464000.0,469000.0,463250.0,5000.0,750.0
509900.0,505000.0,509900.0,4900.0,0.0
694900.0,719990.0,675000.0,25090.0,19900.0
359000.0,320000.0,320000.0,39000.0,39000.0
500000.0,500000.0,505000.0,0.0,5000.0
1000000.0,1100000.0,1125000.0,100000.0,125000.0
800000.0,780000.0,800000.0,20000.0,0.0
1410000.0,1240000.0,1297500.0,170000.0,112500.0
630000.0,640000.0,630000.0,10000.0,0.0
3900000.0,3360000.0,3290000.0,540000.0,610000.0
600000.0,600000.0,620000.0,0.0,20000.0
822000.0,825000.0,800000.0,3000.0,22000.0
250000.0,289000.0,300000.0,39000.0,50000.0
1245000.0,1230000.0,1250000.0,15000.0,5000.0
2837500.0,3126000.0,2800000.0,288500.0,37500.0
725000.0,775000.0,820000.0,50000.0,95000.0
1200000.0,1055000.0,1020000.0,145000.0,180000.0
2520000.0,2805000.0,2710000.0,285000.0,190000.0
2650000.0,2605000.0,2629990.0,45000.0,20010.0
1380000.0,1465000.0,1490000.0,85000.0,110000.0
2300000.0,2055000.0,2000000.0,245000.0,300000.0
1500000.0,1450000.0,1760000.0,50000.0,260000.0
1865000.0,1875000.0,1850000.0,10000.0,15000.0
3750000.0,3750000.0,3500000.0,0.0,250000.0
980000.0,1110000.0,1110000.0,130000.0,130000.0
1200000.0,1240500.0,1200000.0,40500.0,0.0
14500000.0,12000000.0,13000000.0,2500000.0,1500000.0
270000.0,269900.0,275000.0,100.0,5000.0
288000.0,294200.0,290000.0,6200.0,2000.0
1400000.0,1355000.0,1427618.0,45000.0,27618.0
1220300.0,1170000.0,1210000.0,50300.0,10300.0
1475000.0,1500000.0,1500000.0,25000.0,25000.0
1775000.0,1775000.0,1725000.0,0.0,50000.0
275000.0,255000.0,263000.0,20000.0,12000.0
850000.0,855000.0,860000.0,5000.0,10000.0
1189000.0,1310000.0,1199000.0,121000.0,10000.0
420000.0,430000.0,430000.0,10000.0,10000.0
4200000.0,4450000.0,3950000.0,250000.0,250000.0
218000.0,217000.0,209000.0,1000.0,9000.0
1175000.0,1130000.0,1100000.0,45000.0,75000.0
1515000.0,1610000.0,1540000.0,95000.0,25000.0
2300000.0,2470000.0,2450000.0,170000.0,150000.0
1962500.0,3400000.0,1895000.0,1437500.0,67500.0
630000.0,660000.0,660000.0,30000.0,30000.0
2350000.0,2300000.0,2300000.0,50000.0,50000.0
875000.0,875000.0,875000.0,0.0,0.0
3995000.0,4200000.0,4200000.0,205000.0,205000.0
1480000.0,1400000.0,1820000.0,80000.0,340000.0
1065000.0,1069990.0,1075000.0,4990.0,10000.0
1550000.0,1599000.0,1600000.0,49000.0,50000.0
4995000.0,5000000.0,5000000.0,5000.0,5000.0
3400000.0,3800000.0,3800000.0,400000.0,400000.0
3000000.0,3110000.0,2920000.0,110000.0,80000.0
3100000.0,3600000.0,2795000.0,500000.0,305000.0
715000.0,740000.0,730000.0,25000.0,15000.0
2000000.0,2456666.0,2020000.0,456666.0,20000.0
560000.0,595000.0,599000.0,35000.0,39000.0
821000.0,820000.0,835000.0,1000.0,14000.0
990000.0,1000000.0,1000000.0,10000.0,10000.0
2750000.0,2750000.0,2710000.0,0.0,40000.0
2350000.0,2325000.0,2350000.0,25000.0,0.0
1650000.0,1750000.0,1627500.0,100000.0,22500.0
640000.0,625000.0,639000.0,15000.0,1000.0
3750000.0,3450000.0,3675000.0,300000.0,75000.0
1210000.0,1332100.0,1200000.0,122100.0,10000.0
4300000.0,4175000.0,4175000.0,125000.0,125000.0
570000.0,589000.0,589000.0,19000.0,19000.0
1500000.0,1480000.0,1530000.0,20000.0,30000.0
950000.0,950000.0,920000.0,0.0,30000.0
2250000.0,2850000.0,2850000.0,600000.0,600000.0
2750000.0,2700000.0,2825000.0,50000.0,75000.0
955000.0,919500.0,910000.0,35500.0,45000.0
1600000.0,1545000.0,1575000.0,55000.0,25000.0
699000.0,670000.0,670000.0,29000.0,29000.0
680000.0,735000.0,740000.0,55000.0,60000.0
1337000.0,1300000.0,1355000.0,37000.0,18000.0
1900000.0,2050000.0,2050000.0,150000.0,150000.0
700000.0,832000.0,865000.0,132000.0,165000.0
5300000.0,4960000.0,5360000.0,340000.0,60000.0
1430000.0,1425000.0,1425000.0,5000.0,5000.0
826000.0,835000.0,695000.0,9000.0,131000.0
3500000.0,3500000.0,3500000.0,0.0,0.0
1075000.0,1018200.0,1071000.0,56800.0,4000.0
345000.0,294500.0,275000.0,50500.0,70000.0
1049000.0,1020000.0,982500.0,29000.0,66500.0
900000.0,915000.0,925000.0,15000.0,25000.0
3200000.0,3200000.0,3375000.0,0.0,175000.0
1625000.0,1510000.0,1610000.0,115000.0,15000.0
18277380.0,17830000.0,17830000.0,447380.0,447380.0
650000.0,635000.0,635000.0,15000.0,15000.0
1000000.0,1053000.0,970000.0,53000.0,30000.0
5000000.0,5001415.0,4800000.0,1415.0,200000.0
310000.0,305000.0,310000.0,5000.0,0.0
1300000.0,1300000.0,1315000.0,0.0,15000.0
2520000.0,2265000.0,2589000.0,255000.0,69000.0
1350000.0,1350000.0,1210000.0,0.0,140000.0
3600000.0,3500000.0,3645000.0,100000.0,45000.0
5200000.0,5050000.0,5243810.0,150000.0,43810.0
270000.0,285000.0,297500.0,15000.0,27500.0
1800000.0,1450000.0,1450000.0,350000.0,350000.0
1150000.0,1100000.0,1252000.0,50000.0,102000.0
688000.0,680000.0,660000.0,8000.0,28000.0
2100000.0,2210000.0,1911000.0,110000.0,189000.0
2400000.0,2010000.0,2025900.0,390000.0,374100.0
162000.0,165000.0,170000.0,3000.0,8000.0
585000.0,589000.0,580000.0,4000.0,5000.0
1105000.0,1300000.0,1300000.0,195000.0,195000.0
1200000.0,1150000.0,1225000.0,50000.0,25000.0
1580000.0,1650000.0,1625000.0,70000.0,45000.0
1612500.0,1610000.0,1569000.0,2500.0,43500.0
895000.0,875000.0,880000.0,20000.0,15000.0
410000.0,405000.0,405000.0,5000.0,5000.0
1675000.0,1670000.0,1590000.0,5000.0,85000.0
1190000.0,1190000.0,1228000.0,0.0,38000.0
1705000.0,1700000.0,1660000.0,5000.0,45000.0
840000.0,825000.0,840000.0,15000.0,0.0
1425000.0,1352930.0,1530000.0,72070.0,105000.0
600000.0,600000.0,612000.0,0.0,12000.0
6000000.0,6100000.0,6100000.0,100000.0,100000.0
1075000.0,1045000.0,1030000.0,30000.0,45000.0
2000000.0,1900000.0,1900000.0,100000.0,100000.0
3200000.0,2800000.0,3195000.0,400000.0,5000.0
5995000.0,5250000.0,6200000.0,745000.0,205000.0
1240000.0,1250000.0,1230000.0,10000.0,10000.0
650000.0,672000.0,672000.0,22000.0,22000.0
1000000.0,1120000.0,1130000.0,120000.0,130000.0
515000.0,525000.0,525000.0,10000.0,10000.0
3440000.0,3500000.0,3600000.0,60000.0,160000.0
600000.0,510000.0,590000.0,90000.0,10000.0
2680000.0,2660000.0,2590000.0,20000.0,90000.0
303000.0,275000.0,270000.0,28000.0,33000.0
3200000.0,3150000.0,3100000.0,50000.0,100000.0
2700000.0,2685000.0,2675000.0,15000.0,25000.0
1050000.0,1250000.0,1139000.0,200000.0,89000.0
2450000.0,2450000.0,2436670.0,0.0,13330.0
1415000.0,1420000.0,1400000.0,5000.0,15000.0
730000.0,590000.0,731000.0,140000.0,1000.0
3060000.0,3500000.0,3500000.0,440000.0,440000.0
415000.0,375000.0,380000.0,40000.0,35000.0
1360000.0,1175000.0,1230000.0,185000.0,130000.0
1502125.0,1515000.0,1475000.0,12875.0,27125.0
5100000.0,5415000.0,5298000.0,315000.0,198000.0
900000.0,905500.0,918000.0,5500.0,18000.0
1050000.0,1150000.0,1128000.0,100000.0,78000.0
1430000.0,1429000.0,1400000.0,1000.0,30000.0
700000.0,675000.0,679000.0,25000.0,21000.0
785000.0,785000.0,780000.0,0.0,5000.0
3000000.0,3100000.0,3200000.0,100000.0,200000.0
2845000.0,2700000.0,2800000.0,145000.0,45000.0
1800000.0,1873000.0,1930000.0,73000.0,130000.0
490000.0,496000.0,496000.0,6000.0,6000.0
3265000.0,2450000.0,2488888.0,815000.0,776112.0
499900.0,500000.0,500000.0,100.0,100.0
975000.0,980000.0,960000.0,5000.0,15000.0
4188000.0,4160000.0,3900000.0,28000.0,288000.0
820000.0,850000.0,875000.0,30000.0,55000.0
927000.0,880000.0,925000.0,47000.0,2000.0
1078000.0,1100000.0,1060000.0,22000.0,18000.0
248012.1,235000.0,235000.0,13012.100000000006,13012.100000000006
950000.0,975555.0,950000.0,25555.0,0.0
1300000.0,1431000.0,1350000.0,131000.0,50000.0
1275000.0,1225000.0,1223500.0,50000.0,51500.0
1300000.0,1300000.0,1260000.0,0.0,40000.0
3650000.0,3500000.0,3275000.0,150000.0,375000.0
1850000.0,1890000.0,1887000.0,40000.0,37000.0
675000.0,660000.0,675000.0,15000.0,0.0
1250000.0,1175000.0,1250000.0,75000.0,0.0
970000.0,974000.0,974000.0,4000.0,4000.0
2330000.0,2500000.0,2505000.0,170000.0,175000.0
611000.0,560000.0,560000.0,51000.0,51000.0
3000000.0,3403000.0,3600000.0,403000.0,600000.0
790000.0,820000.0,780000.0,30000.0,10000.0
875000.0,857000.0,855000.0,18000.0,20000.0
825000.0,830000.0,830000.0,5000.0,5000.0
930000.0,923000.0,923000.0,7000.0,7000.0
1005000.0,830000.0,925000.0,175000.0,80000.0
3800000.0,3510000.0,3925000.0,290000.0,125000.0
1400000.0,1588500.0,1585000.0,188500.0,185000.0
1600000.0,1100000.0,1050000.0,500000.0,550000.0
450000.0,465000.0,400000.0,15000.0,50000.0
2190000.0,2050000.0,2180000.0,140000.0,10000.0
670000.0,720000.0,725000.0,50000.0,55000.0
1113000.0,1200000.0,1200000.0,87000.0,87000.0
661000.0,580000.0,575000.0,81000.0,86000.0
750000.0,735000.0,735000.0,15000.0,15000.0
405000.0,436000.0,400000.0,31000.0,5000.0
725000.0,740000.0,725000.0,15000.0,0.0
728000.0,718500.0,749000.0,9500.0,21000.0
270000.0,305000.0,299000.0,35000.0,29000.0
1300000.0,1235000.0,1319000.0,65000.0,19000.0
750000.0,875000.0,831000.0,125000.0,81000.0
470000.0,700000.0,770000.0,230000.0,300000.0
890000.0,905000.0,900000.0,15000.0,10000.0
1100000.0,1330000.0,1300000.0,230000.0,200000.0
3200000.0,2890000.0,2830000.0,310000.0,370000.0
3100000.0,2920000.0,2968334.0,180000.0,131666.0
2601000.0,2286474.0,1950000.0,314526.0,651000.0
239900.0,255000.0,250000.0,15100.0,10100.0
525000.0,820000.0,880000.0,295000.0,355000.0
742000.0,740000.0,730000.0,2000.0,12000.0
1185000.0,1050000.0,1220000.0,135000.0,35000.0
1975000.0,1920000.0,1920000.0,55000.0,55000.0
2477000.0,2800000.0,2800000.0,323000.0,323000.0
785000.0,801663.0,750000.0,16663.0,35000.0
1450000.0,1650000.0,1650000.0,200000.0,200000.0
1675000.0,1650000.0,1635000.0,25000.0,40000.0
1550000.0,1617000.0,1710000.0,67000.0,160000.0
988000.0,800000.0,850000.0,188000.0,138000.0
1305000.0,1350000.0,1300000.0,45000.0,5000.0
297000.0,275000.0,275000.0,22000.0,22000.0
2808000.0,2300000.0,2300000.0,508000.0,508000.0
430500.0,435000.0,403000.0,4500.0,27500.0
1075000.0,970000.0,1020000.0,105000.0,55000.0
5895000.0,5295000.0,5295000.0,600000.0,600000.0
960900.0,910000.0,888000.0,50900.0,72900.0
1280000.0,1370000.0,1385000.0,90000.0,105000.0
1250000.0,1225000.0,1250000.0,25000.0,0.0
694900.0,699999.0,685000.0,5099.0,9900.0
860000.0,867000.0,845000.0,7000.0,15000.0
685000.0,685000.0,679999.0,0.0,5001.0
550000.0,670000.0,635000.0,120000.0,85000.0
1875000.0,1850000.0,1920000.0,25000.0,45000.0
1100000.0,1250000.0,1300000.0,150000.0,200000.0
600000.0,610000.0,722000.0,10000.0,122000.0
1300000.0,1350000.0,1320000.0,50000.0,20000.0
2600000.0,2500000.0,2750000.0,100000.0,150000.0
8130000.0,8100000.0,8395000.0,30000.0,265000.0
3134171.0,3580000.0,3600000.0,445829.0,465829.0
1200000.0,1238000.0,1020000.0,38000.0,180000.0
687000.0,660000.0,699000.0,27000.0,12000.0
850000.0,860000.0,859000.0,10000.0,9000.0
1400000.0,1250000.0,1450000.0,150000.0,50000.0
302202.0,297000.0,310000.0,5202.0,7798.0
1460000.0,1171072.5,1340000.0,288927.5,120000.0
625000.0,628175.0,628175.0,3175.0,3175.0
1300000.0,1170000.0,1300000.0,130000.0,0.0
950000.0,1110000.0,920000.0,160000.0,30000.0
2000000.0,2020000.0,1900000.0,20000.0,100000.0
1330000.0,1180000.0,1438500.0,150000.0,108500.0
789000.0,770000.0,740000.0,19000.0,49000.0
238000.0,235000.0,235000.0,3000.0,3000.0
740000.0,735000.0,710000.0,5000.0,30000.0
2200000.0,2168076.79,2200000.0,31923.209999999963,0.0
3925000.0,3900000.0,3900000.0,25000.0,25000.0
1565000.0,147500.0,1610000.0,1417500.0,45000.0
821000.0,749000.0,770000.0,72000.0,51000.0
3300000.0,3510000.0,3400000.0,210000.0,100000.0
850000.0,680000.0,710000.0,170000.0,140000.0
1400000.0,1415000.0,1399000.0,15000.0,1000.0
343500.0,450000.0,450000.0,106500.0,106500.0
1730625.0,1725000.0,1720000.0,5625.0,10625.0
527600.0,510000.0,499000.0,17600.0,28600.0
1185000.0,1055000.0,1000000.0,130000.0,185000.0
2168000.0,2302517.0,2330000.0,134517.0,162000.0
2300000.0,2100000.0,1975000.0,200000.0,325000.0
2625000.0,2550000.0,2696000.0,75000.0,71000.0
1600000.0,1500000.0,1595000.0,100000.0,5000.0
1700000.0,1660000.0,1700000.0,40000.0,0.0
305000.0,347000.0,350000.0,42000.0,45000.0
3312500.0,3050000.0,3050000.0,262500.0,262500.0
4550000.0,4450000.0,4450000.0,100000.0,100000.0
313700.0,335000.0,297000.0,21300.0,16700.0
2911500.0,3175000.0,3175000.0,263500.0,263500.0
1950000.0,1596000.0,1650000.0,354000.0,300000.0
660000.0,690000.0,660000.0,30000.0,0.0
1510000.0,1355000.0,1275000.0,155000.0,235000.0
1350000.0,1400000.0,1400000.0,50000.0,50000.0
1298000.0,1245000.0,1255000.0,53000.0,43000.0
1425000.0,1379000.0,1364000.0,46000.0,61000.0
5200000.0,4235000.0,4235000.0,965000.0,965000.0
400000.0,380000.0,400000.0,20000.0,0.0
2242500.0,2175000.0,2175000.0,67500.0,67500.0
824000.0,820000.0,840000.0,4000.0,16000.0
2285000.0,2286474.0,2125000.0,1474.0,160000.0
900000.0,850000.0,850000.0,50000.0,50000.0
3500000.0,3200000.0,3080000.0,300000.0,420000.0
599000.0,618000.0,600000.0,19000.0,1000.0
1355000.0,1250000.0,1288000.0,105000.0,67000.0
1600000.0,1558000.0,1625000.0,42000.0,25000.0
330000.0,395000.0,395000.0,65000.0,65000.0
1410000.0,1400000.0,1350000.0,10000.0,60000.0
1850000.0,1865000.0,1800000.0,15000.0,50000.0
1625000.0,1450000.0,1515000.0,175000.0,110000.0
1710000.0,1500000.0,1745000.0,210000.0,35000.0
1185000.0,1100000.0,1180000.0,85000.0,5000.0
900000.0,797000.0,840000.0,103000.0,60000.0
1925000.0,1870000.0,1870000.0,55000.0,55000.0
1300000.0,1236610.0,1200000.0,63390.0,100000.0
1530000.0,1525000.0,1485000.0,5000.0,45000.0
28000000.0,24500000.0,24500000.0,3500000.0,3500000.0
4000000.0,4300000.0,4730000.0,300000.0,730000.0
825000.0,782999.0,782999.0,42001.0,42001.0
2408888.0,2455000.0,2349000.0,46112.0,59888.0
3150000.0,2630000.0,2650000.0,520000.0,500000.0
1900000.0,1822000.0,1800000.0,78000.0,100000.0
1648000.0,1550000.0,1595000.0,98000.0,53000.0
1020000.0,1125000.0,1150000.0,105000.0,130000.0
649990.0,616461.0,616461.0,33529.0,33529.0
1765000.0,1181000.0,1181000.0,584000.0,584000.0
1260000.0,1200000.0,1180000.0,60000.0,80000.0
1225000.0,970000.0,898000.0,255000.0,327000.0
3625000.0,3388000.0,3820000.0,237000.0,195000.0
2008000.0,2700000.0,2700000.0,692000.0,692000.0
2670000.0,2755000.0,2600000.0,85000.0,70000.0
630000.0,620000.0,619000.0,10000.0,11000.0
2010777.0,1598000.0,1750000.0,412777.0,260777.0
735000.0,680000.0,729900.0,55000.0,5100.0
4250000.0,3750000.0,3960000.0,500000.0,290000.0
2050000.0,2130225.0,1975000.0,80225.0,75000.0
1310800.0,1250000.0,1250000.0,60800.0,60800.0
580000.0,580000.0,572500.0,0.0,7500.0
1810000.0,1799338.0,1799999.0,10662.0,10001.0
1030000.0,1080000.0,1090000.0,50000.0,60000.0
1920000.0,1680000.0,1715000.0,240000.0,205000.0
335000.0,335000.0,335000.0,0.0,0.0
1700000.0,1649000.0,1650000.0,51000.0,50000.0
1400000.0,1350000.0,1380000.0,50000.0,20000.0
950000.0,908880.0,929900.0,41120.0,20100.0
1300000.0,1260000.0,1225000.0,40000.0,75000.0
2092500.0,2210000.0,1911000.0,117500.0,181500.0
2111000.0,2000000.0,1950000.0,111000.0,161000.0
1550000.0,1350000.0,1475000.0,200000.0,75000.0
1928888.0,2120000.0,1525000.0,191112.0,403888.0
990000.0,884000.0,850000.0,106000.0,140000.0
2825000.0,2750000.0,2750000.0,75000.0,75000.0
3570000.0,1930000.0,1932000.0,1640000.0,1638000.0
3700000.0,3695000.0,3500000.0,5000.0,200000.0
950000.0,885000.0,870000.0,65000.0,80000.0
480000.0,479500.0,480000.0,500.0,0.0
1850000.0,1808000.0,1750000.0,42000.0,100000.0
1895000.0,2238000.0,2590000.0,343000.0,695000.0
1130000.0,995000.0,970000.0,135000.0,160000.0
1600000.0,1530000.0,1515000.0,70000.0,85000.0
550000.0,610000.0,605000.0,60000.0,55000.0
1800000.0,1780000.0,1780000.0,20000.0,20000.0
1675000.0,1810000.0,1750000.0,135000.0,75000.0
2100000.0,2100000.0,2420000.0,0.0,320000.0
530000.0,560000.0,560000.0,30000.0,30000.0
950000.0,965000.0,950000.0,15000.0,0.0
3175000.0,3295000.0,3600000.0,120000.0,425000.0
1400000.0,1400000.0,1400000.0,0.0,0.0
749000.0,755000.0,806000.0,6000.0,57000.0
5350000.0,5100052.0,4960000.0,249948.0,390000.0
2551000.0,2050000.0,2325000.0,501000.0,226000.0
1470000.0,1600000.0,1450000.0,130000.0,20000.0
595000.0,605000.0,585000.0,10000.0,10000.0
420000.0,399000.0,390000.0,21000.0,30000.0
1650000.0,1680000.0,1550000.0,30000.0,100000.0
900000.0,1034500.0,950000.0,134500.0,50000.0
3500000.0,3700000.0,3700000.0,200000.0,200000.0
659243.0,658990.0,650000.0,253.0,9243.0
875000.0,808000.0,862500.0,67000.0,12500.0
311750.0,320000.0,300000.0,8250.0,11750.0
1850000.0,2020000.0,1850000.0,170000.0,0.0
920000.0,900000.0,919000.0,20000.0,1000.0
1220000.0,1179000.0,1080000.0,41000.0,140000.0
1325000.0,1107000.0,1260000.0,218000.0,65000.0
750000.0,700000.0,738800.0,50000.0,11200.0
950000.0,930000.0,920000.0,20000.0,30000.0
2715000.0,2660000.0,2590000.0,55000.0,125000.0
1255000.0,1219500.0,1100000.0,35500.0,155000.0
800000.0,799900.0,835000.0,100.0,35000.0
2510000.0,2310000.0,2325000.0,200000.0,185000.0
1850000.0,1810000.0,1678000.0,40000.0,172000.0
1190000.0,1210000.0,1080000.0,20000.0,110000.0
1525000.0,1490900.0,1720000.0,34100.0,195000.0
890000.0,875000.0,875000.0,15000.0,15000.0
1875000.0,1950000.0,1949000.0,75000.0,74000.0
455000.0,440000.0,445000.0,15000.0,10000.0
2542800.0,3100000.0,2665000.0,557200.0,122200.0
1900000.0,1950000.0,1900000.0,50000.0,0.0
2237000.0,2200000.0,2125000.0,37000.0,112000.0
700000.0,731000.0,731000.0,31000.0,31000.0
910000.0,945000.0,985000.0,35000.0,75000.0
1000000.0,1000000.0,1000000.0,0.0,0.0
1475000.0,1300000.0,1300000.0,175000.0,175000.0
4008888.0,4200000.0,4300000.0,191112.0,291112.0
556500.0,480000.0,480000.0,76500.0,76500.0
7800000.0,7150000.0,7400000.0,650000.0,400000.0
425000.0,450000.0,410000.0,25000.0,15000.0
750000.0,810000.0,758000.0,60000.0,8000.0
610000.0,640000.0,650000.0,30000.0,40000.0
1200000.0,1224990.0,1225000.0,24990.0,25000.0
1900000.0,1715000.0,2040000.0,185000.0,140000.0
955000.0,865000.0,980000.0,90000.0,25000.0
1475000.0,1680000.0,1480000.0,205000.0,5000.0
2670000.0,2700000.0,2700000.0,30000.0,30000.0
2800000.0,2900000.0,2745000.0,100000.0,55000.0
4050000.0,4150000.0,4310000.0,100000.0,260000.0
1100000.0,1035000.0,1025000.0,65000.0,75000.0
4075000.0,3650000.0,4200000.0,425000.0,125000.0
540000.0,570000.0,540000.0,30000.0,0.0
4300000.0,5896000.0,5896000.0,1596000.0,1596000.0
1995000.0,1865000.0,1950000.0,130000.0,45000.0
291000.0,298000.0,270000.0,7000.0,21000.0
2800000.0,2500000.0,3100000.0,300000.0,300000.0
760000.0,775000.0,775000.0,15000.0,15000.0
876000.0,955000.0,955000.0,79000.0,79000.0
365000.0,349900.0,390000.0,15100.0,25000.0
540000.0,545000.0,529000.0,5000.0,11000.0
1600000.0,1650000.0,1550000.0,50000.0,50000.0
1350000.0,1405000.0,1325000.0,55000.0,25000.0
1895000.0,1900000.0,1825000.0,5000.0,70000.0
650000.0,635000.0,620000.0,15000.0,30000.0
5000000.0,5058843.94,4850000.0,58843.94000000041,150000.0
3500000.0,3340000.0,3340000.0,160000.0,160000.0
3103000.0,2600000.0,2600000.0,503000.0,503000.0
4060000.0,3750000.0,3960000.0,310000.0,100000.0
675000.0,655000.0,638000.0,20000.0,37000.0
375000.0,400000.0,385000.0,25000.0,10000.0
785000.0,770000.0,800000.0,15000.0,15000.0
600000.0,557000.0,600000.0,43000.0,0.0
1383000.0,1460000.0,1725000.0,77000.0,342000.0
1250000.0,1150000.0,1310000.0,100000.0,60000.0
580000.0,710000.0,699000.0,130000.0,119000.0
3450000.0,3268000.0,3155000.0,182000.0,295000.0
2040000.0,1900000.0,2065000.0,140000.0,25000.0
680000.0,760000.0,760000.0,80000.0,80000.0
2350000.0,2460000.0,1950000.0,110000.0,400000.0
612500.0,585000.0,589000.0,27500.0,23500.0
1850000.0,1850000.0,1850000.0,0.0,0.0
1150000.0,1080000.0,1100000.0,70000.0,50000.0
995000.0,975000.0,990000.0,20000.0,5000.0
1700000.0,1650000.0,1830000.0,50000.0,130000.0
1950000.0,2058000.0,1825000.0,108000.0,125000.0
2050000.0,1990000.0,1920000.0,60000.0,130000.0
1675000.0,1532500.0,1667500.0,142500.0,7500.0
1850000.0,2050000.0,2030000.0,200000.0,180000.0
625000.0,597000.0,640000.0,28000.0,15000.0
3500000.0,3800000.0,3950000.0,300000.0,450000.0
1900000.0,1650000.0,1851000.0,250000.0,49000.0
615000.0,600000.0,600000.0,15000.0,15000.0
400000.0,400000.0,407000.0,0.0,7000.0
1840000.0,1830000.0,1850000.0,10000.0,10000.0
3490500.0,3757000.0,3300000.0,266500.0,190500.0
1325000.0,1350000.0,1325000.0,25000.0,0.0
1275000.0,1250000.0,1225000.0,25000.0,50000.0
880000.0,870000.0,870000.0,10000.0,10000.0
840000.0,855000.0,910000.0,15000.0,70000.0
699000.0,685000.0,685000.0,14000.0,14000.0
746360.0,750000.0,750000.0,3640.0,3640.0
3200000.0,2750000.0,3150000.0,450000.0,50000.0
1780000.0,1530000.0,1636750.0,250000.0,143250.0
1588000.0,1600000.0,1650000.0,12000.0,62000.0
1475000.0,1380000.0,1450000.0,95000.0,25000.0
615000.0,592000.0,575000.0,23000.0,40000.0
605000.0,595000.0,635000.0,10000.0,30000.0
910000.0,949000.0,935000.0,39000.0,25000.0
3698000.0,3585000.0,3280000.0,113000.0,418000.0
457000.0,457000.0,448000.0,0.0,9000.0
1348888.0,1274000.0,1430000.0,74888.0,81112.0
700000.0,729000.0,725000.0,29000.0,25000.0
5500000.0,4900000.0,5800000.0,600000.0,300000.0
1725000.0,1700000.0,1600000.0,25000.0,125000.0
1230000.0,940000.0,968000.0,290000.0,262000.0
1575000.0,1425000.0,1569900.0,150000.0,5100.0
1630000.0,1650000.0,1650000.0,20000.0,20000.0
1452750.0,1350000.0,1590000.0,102750.0,137250.0
11000000.0,10000000.0,10000000.0,1000000.0,1000000.0
4200000.0,4005000.0,3340000.0,195000.0,860000.0
2250000.0,1850000.0,1753400.0,400000.0,496600.0
1905500.0,2050000.0,2065000.0,144500.0,159500.0
3625000.0,3600000.0,3550000.0,25000.0,75000.0
605000.0,605000.0,610000.0,0.0,5000.0
2000000.0,1950000.0,2020000.0,50000.0,20000.0
745000.0,740000.0,740000.0,5000.0,5000.0
1150000.0,1135000.0,1135000.0,15000.0,15000.0
725000.0,722000.0,675000.0,3000.0,50000.0
1050500.0,1025000.0,1000000.0,25500.0,50500.0
1115000.0,1150000.0,1150000.0,35000.0,35000.0
315000.0,270000.0,276500.0,45000.0,38500.0
3595000.0,3410000.0,3629876.0,185000.0,34876.0
1050000.0,865000.0,865000.0,185000.0,185000.0
519000.0,505000.0,505000.0,14000.0,14000.0
910000.0,799000.0,768000.0,111000.0,142000.0
1255000.0,1095000.0,1150000.0,160000.0,105000.0
1320000.0,1199900.0,1200000.0,120100.0,120000.0
3650000.0,3550000.0,3450000.0,100000.0,200000.0
800000.0,830000.0,550000.0,30000.0,250000.0
705000.0,669800.0,630000.0,35200.0,75000.0
285000.0,275000.0,275000.0,10000.0,10000.0
1866042.0,1710000.0,1650000.0,156042.0,216042.0
1575000.0,1750000.0,1485000.0,175000.0,90000.0
2152000.0,1975000.0,2225000.0,177000.0,73000.0
1400000.0,1400000.0,1195000.0,0.0,205000.0
4800000.0,5000000.0,4719000.0,200000.0,81000.0
650000.0,510000.0,510000.0,140000.0,140000.0
1072758.0,1075000.0,1135000.0,2242.0,62242.0
2320000.0,2250000.0,2250000.0,70000.0,70000.0
1240000.0,1140000.0,1145000.0,100000.0,95000.0
655000.0,600000.0,624460.0,55000.0,30540.0
840000.0,790000.0,815000.0,50000.0,25000.0
1645000.0,1580000.0,1600000.0,65000.0,45000.0
2480000.0,2250000.0,2400000.0,230000.0,80000.0
3777000.0,3650000.0,3650000.0,127000.0,127000.0
1060000.0,1050000.0,1060000.0,10000.0,0.0
1175000.0,1205000.0,1100000.0,30000.0,75000.0
830000.0,721500.0,850000.0,108500.0,20000.0
588000.0,610000.0,590000.0,22000.0,2000.0
2700000.0,2850000.0,2775000.0,150000.0,75000.0
530000.0,525500.0,525500.0,4500.0,4500.0
1960000.0,2350000.0,1937500.0,390000.0,22500.0
250000.0,250000.0,250000.0,0.0,0.0
800000.0,775000.0,829000.0,25000.0,29000.0
925000.0,985000.0,875000.0,60000.0,50000.0
2550000.0,2500000.0,2500000.0,50000.0,50000.0
1700000.0,1725000.0,1670000.0,25000.0,30000.0
995000.0,975000.0,934000.0,20000.0,61000.0
829000.0,825000.0,830000.0,4000.0,1000.0
680000.0,593900.0,615000.0,86100.0,65000.0
625000.0,610000.0,615000.0,15000.0,10000.0
3285000.0,2975000.0,3250000.0,310000.0,35000.0
1525000.0,1275000.0,1050000.0,250000.0,475000.0
290000.0,300000.0,290000.0,10000.0,0.0
1475000.0,1600000.0,1525000.0,125000.0,50000.0
870000.0,855000.0,875000.0,15000.0,5000.0
1520000.0,1551000.0,1510000.0,31000.0,10000.0
1230000.0,1050000.0,1050000.0,180000.0,180000.0
410000.0,405000.0,405000.0,5000.0,5000.0
390000.0,389000.0,376000.0,1000.0,14000.0
3420500.0,3190000.0,3160000.0,230500.0,260500.0
1158000.0,1095000.0,1095000.0,63000.0,63000.0
1235000.0,1230000.0,1235000.0,5000.0,0.0
3005000.0,2650000.0,2699000.0,355000.0,306000.0
1274000.0,1285000.0,1299000.0,11000.0,25000.0
565000.0,565000.0,565000.0,0.0,0.0
3125000.0,3302248.0,3161000.0,177248.0,36000.0
4388000.0,3990000.0,4151000.0,398000.0,237000.0
1565000.0,1560000.0,1566775.0,5000.0,1775.0
1550777.0,1600000.0,1530000.0,49223.0,20777.0
2800000.0,2750000.0,2750000.0,50000.0,50000.0
869000.0,835000.0,835000.0,34000.0,34000.0
1235000.0,1270000.0,1199000.0,35000.0,36000.0
1710000.0,1750000.0,1850000.0,40000.0,140000.0
1180000.0,1282000.0,1280078.0,102000.0,100078.0
987000.0,950000.0,965000.0,37000.0,22000.0
975000.0,1000000.0,854000.0,25000.0,121000.0
930000.0,900000.0,915000.0,30000.0,15000.0
4250000.0,3900000.0,3700000.0,350000.0,550000.0
1253000.0,775000.0,775000.0,478000.0,478000.0
1000000.0,825000.0,883000.0,175000.0,117000.0
2300000.0,1743200.0,2100000.0,556800.0,200000.0
808000.0,837000.0,800000.0,29000.0,8000.0
835000.0,830000.0,830000.0,5000.0,5000.0
469000.0,469900.0,479000.0,900.0,10000.0
1557000.0,1660000.0,1475000.0,103000.0,82000.0
845000.0,845000.0,858000.0,0.0,13000.0
4305000.0,3700000.0,3700000.0,605000.0,605000.0
1080000.0,1000000.0,950000.0,80000.0,130000.0
915000.0,972500.0,910000.0,57500.0,5000.0
10325000.0,10125000.0,10125000.0,200000.0,200000.0
1520000.0,1618000.0,1500000.0,98000.0,20000.0
970000.0,995000.0,1040000.0,25000.0,70000.0
365000.0,375000.0,369000.0,10000.0,4000.0
560000.0,550000.0,571118.0,10000.0,11118.0
1410000.0,1375000.0,1467500.0,35000.0,57500.0
1725000.0,1740000.0,1822000.0,15000.0,97000.0
769000.0,760000.0,760000.0,9000.0,9000.0
950000.0,900000.0,910000.0,50000.0,40000.0
2700000.0,2970000.0,2800000.0,270000.0,100000.0
585000.0,610000.0,580000.0,25000.0,5000.0
890000.0,800000.0,860000.0,90000.0,30000.0
893000.0,875000.0,875000.0,18000.0,18000.0
1505000.0,1050000.0,1300000.0,455000.0,205000.0
3100000.0,2630000.0,2650000.0,470000.0,450000.0
1650000.0,1225000.0,1460000.0,425000.0,190000.0
1300000.0,1170000.0,1125000.0,130000.0,175000.0
2800000.0,2390000.0,2500000.0,410000.0,300000.0
710000.0,815000.0,890000.0,105000.0,180000.0
1050000.0,980000.0,975000.0,70000.0,75000.0
695000.0,690000.0,700000.0,5000.0,5000.0
435000.0,430000.0,470000.0,5000.0,35000.0
1765000.0,1600000.0,1750000.0,165000.0,15000.0
2995000.0,3100000.0,2800000.0,105000.0,195000.0
620000.0,570000.0,610000.0,50000.0,10000.0
950000.0,950000.0,930000.0,0.0,20000.0
4278000.0,4500000.0,4500000.0,222000.0,222000.0
1475000.0,1430000.0,1380000.0,45000.0,95000.0
2225000.0,2101000.0,2101000.0,124000.0,124000.0
1455000.0,1350000.0,1339600.0,105000.0,115400.0
1750000.0,1500000.0,1550000.0,250000.0,200000.0
1086000.0,1032000.0,785000.0,54000.0,301000.0
1265000.0,1245000.0,1250000.0,20000.0,15000.0
815000.0,775000.0,770000.0,40000.0,45000.0
765000.0,762000.0,750000.0,3000.0,15000.0
2209150.0,2290000.0,2420000.0,80850.0,210850.0
1635000.0,1568000.0,1575000.0,67000.0,60000.0
1478880.0,1350000.0,1135000.0,128880.0,343880.0
940000.0,832500.0,1041000.0,107500.0,101000.0
1330000.0,1265000.0,1249000.0,65000.0,81000.0
741000.0,739000.0,725000.0,2000.0,16000.0
390000.0,365000.0,365000.0,25000.0,25000.0
1366500.0,1325000.0,1315000.0,41500.0,51500.0
1245000.0,910000.0,910000.0,335000.0,335000.0
2450000.0,2100000.0,2220000.0,350000.0,230000.0
200000.0,200000.0,200000.0,0.0,0.0
1978990.0,1900000.0,1880000.0,78990.0,98990.0
1317000.0,1270000.0,1200000.0,47000.0,117000.0
1400000.0,1250000.0,1305000.0,150000.0,95000.0
1050000.0,989000.0,1060000.0,61000.0,10000.0
550000.0,686000.0,686000.0,136000.0,136000.0
970000.0,900000.0,845000.0,70000.0,125000.0
4200000.0,6960000.0,3800000.0,2760000.0,400000.0
2925000.0,2500000.0,2300000.0,425000.0,625000.0
866000.0,860000.0,925000.0,6000.0,59000.0
892000.0,899000.0,900000.0,7000.0,8000.0
1400000.0,1395000.0,1360000.0,5000.0,40000.0
1999000.0,1917800.0,1845000.0,81200.0,154000.0
1660000.0,1280000.0,1350000.0,380000.0,310000.0
850000.0,700000.0,740000.0,150000.0,110000.0
1255000.0,1080000.0,1100000.0,175000.0,155000.0
1805000.0,1330000.0,1250000.0,475000.0,555000.0
1850000.0,1950000.0,1999000.0,100000.0,149000.0
1310000.0,1216822.44,1235000.0,93177.56000000006,75000.0
3620000.0,3251000.0,3390000.0,369000.0,230000.0
1575000.0,1225000.0,1487000.0,350000.0,88000.0
5825000.0,5100000.0,5050000.0,725000.0,775000.0
775000.0,764990.0,749990.0,10010.0,25010.0
1335000.0,1500000.0,1400000.0,165000.0,65000.0
2515000.0,2376550.0,2250000.0,138450.0,265000.0
1130000.0,1134000.0,1137500.0,4000.0,7500.0
1175000.0,1067000.0,1067000.0,108000.0,108000.0
845000.0,842000.0,845000.0,3000.0,0.0
5450000.0,5000000.0,5000000.0,450000.0,450000.0
3510000.0,3700000.0,3700000.0,190000.0,190000.0
1075000.0,1121000.0,1005000.0,46000.0,70000.0
585000.0,565000.0,579000.0,20000.0,6000.0
1903000.0,1615000.0,1615000.0,288000.0,288000.0
3600000.0,3350000.0,3790000.0,250000.0,190000.0
479000.0,479000.0,479000.0,0.0,0.0
805000.0,675000.0,815000.0,130000.0,10000.0
799950.0,796000.0,850000.0,3950.0,50050.0
1525000.0,1570000.0,1450000.0,45000.0,75000.0
2925000.0,2850000.0,3161000.0,75000.0,236000.0
500000.0,480000.0,505000.0,20000.0,5000.0
2190000.0,2100000.0,2355000.0,90000.0,165000.0
865000.0,840000.0,840000.0,25000.0,25000.0
1080000.0,1015000.0,1040000.0,65000.0,40000.0
1600000.0,1625000.0,1600000.0,25000.0,0.0
850000.0,850000.0,850000.0,0.0,0.0
2520000.0,2550000.0,2415000.0,30000.0,105000.0
3930000.0,3220000.0,3340000.0,710000.0,590000.0
855000.0,980000.0,718000.0,125000.0,137000.0
1470000.0,1400000.0,1390000.0,70000.0,80000.0
1080000.0,1075000.0,1053000.0,5000.0,27000.0
867000.0,830000.0,865000.0,37000.0,2000.0
944000.0,955000.0,1000000.0,11000.0,56000.0
2920000.0,2950000.0,2950000.0,30000.0,30000.0
858000.0,730000.0,835000.0,128000.0,23000.0
1586500.0,1670000.0,1626000.0,83500.0,39500.0
750000.0,750000.0,750000.0,0.0,0.0
908000.0,875000.0,879000.0,33000.0,29000.0
1730000.0,1900000.0,1915000.0,170000.0,185000.0
1055000.0,983000.0,1040000.0,72000.0,15000.0
3277000.0,3600000.0,3350000.0,323000.0,73000.0
2025000.0,2065000.0,1930000.0,40000.0,95000.0
805000.0,785000.0,810000.0,20000.0,5000.0
1249000.0,1200000.0,1210000.0,49000.0,39000.0
2265000.0,1800000.0,1875000.0,465000.0,390000.0
825000.0,830000.0,815000.0,5000.0,10000.0
1325000.0,1300000.0,1230000.0,25000.0,95000.0
1200000.0,1200000.0,1180000.0,0.0,20000.0
1390000.0,1465000.0,1398888.0,75000.0,8888.0
1900000.0,1766266.0,1700000.0,133734.0,200000.0
945000.0,950000.0,950000.0,5000.0,5000.0
1998800.0,2045238.36,2001000.0,46438.3600000001,2200.0
480000.0,450000.0,460000.0,30000.0,20000.0
879990.0,879990.0,879990.0,0.0,0.0
1000000.0,950000.0,925000.0,50000.0,75000.0
2578000.0,2500000.0,2250000.0,78000.0,328000.0
1320000.0,1290000.0,1325000.0,30000.0,5000.0
597500.0,490000.0,490000.0,107500.0,107500.0
2325000.0,2375000.0,2200000.0,50000.0,125000.0
767000.0,730000.0,689000.0,37000.0,78000.0
1050000.0,1120000.0,1205000.0,70000.0,155000.0
1210000.0,1220000.0,1230000.0,10000.0,20000.0
660000.0,718000.0,675000.0,58000.0,15000.0
2420000.0,2000000.0,2330000.0,420000.0,90000.0
1162000.0,1220000.0,1280000.0,58000.0,118000.0
699888.0,715000.0,720000.0,15112.0,20112.0
1300000.0,1651000.0,1225000.0,351000.0,75000.0
1725000.0,1588438.0,1626000.0,136562.0,99000.0
935000.0,935000.0,939000.0,0.0,4000.0
990000.0,1155000.0,1155000.0,165000.0,165000.0
3500000.0,3195000.0,3410000.0,305000.0,90000.0
620000.0,615000.0,615000.0,5000.0,5000.0
1210000.0,1180000.0,1225000.0,30000.0,15000.0
710000.0,715000.0,705000.0,5000.0,5000.0
440000.0,434990.0,430000.0,5010.0,10000.0
840000.0,815000.0,810000.0,25000.0,30000.0
1960000.0,2150000.0,1975000.0,190000.0,15000.0
1550000.0,1488000.0,1608000.0,62000.0,58000.0
1085000.0,1200000.0,1090000.0,115000.0,5000.0
1080000.0,1043000.0,1065000.0,37000.0,15000.0
990000.0,922000.0,875000.0,68000.0,115000.0
840500.0,810000.0,840000.0,30500.0,500.0
815000.0,830000.0,750000.0,15000.0,65000.0
718000.0,710000.0,737750.0,8000.0,19750.0
895000.0,850000.0,865000.0,45000.0,30000.0
1725000.0,1585000.0,1538000.0,140000.0,187000.0
1275511.0,1280000.0,1280000.0,4489.0,4489.0
4200000.0,3839400.0,3750000.0,360600.0,450000.0
2720000.0,2918000.0,2400000.0,198000.0,320000.0
240000.0,255000.0,225000.0,15000.0,15000.0
865000.0,875000.0,875000.0,10000.0,10000.0
4950000.0,4500000.0,4439642.0,450000.0,510358.0
1000000.0,1400000.0,1400000.0,400000.0,400000.0
1000000.0,1020000.0,1100000.0,20000.0,100000.0
380000.0,385000.0,375000.0,5000.0,5000.0
925000.0,895000.0,895000.0,30000.0,30000.0
2370000.0,2486500.0,2450000.0,116500.0,80000.0
1680001.0,1640000.0,1750000.0,40001.0,69999.0
1080000.0,1130000.0,1100000.0,50000.0,20000.0
590000.0,680000.0,680000.0,90000.0,90000.0
1710000.0,1670000.0,1590000.0,40000.0,120000.0
465000.0,515000.0,515000.0,50000.0,50000.0
595000.0,655000.0,645000.0,60000.0,50000.0
1390000.0,1300000.0,1300000.0,90000.0,90000.0
910000.0,873000.0,870000.0,37000.0,40000.0
1080000.0,1030000.0,1050000.0,50000.0,30000.0
970000.0,1030000.0,1030000.0,60000.0,60000.0
1750000.0,1575000.0,1500000.0,175000.0,250000.0
1400000.0,1480000.0,1450000.0,80000.0,50000.0
675000.0,695000.0,670000.0,20000.0,5000.0
1520000.0,1350000.0,1350000.0,170000.0,170000.0
950000.0,925000.0,925000.0,25000.0,25000.0
685000.0,690000.0,690000.0,5000.0,5000.0
2960000.0,3200000.0,3200000.0,240000.0,240000.0
1420000.0,1195000.0,1570000.0,225000.0,150000.0
1735000.0,1450000.0,1425000.0,285000.0,310000.0
3080000.0,3255000.0,3255000.0,175000.0,175000.0
1173600.0,1147000.0,1149000.0,26600.0,24600.0
1852500.0,1720000.0,1745000.0,132500.0,107500.0
4300000.0,3560000.0,3300000.0,740000.0,1000000.0
1758888.0,1750000.0,1720000.0,8888.0,38888.0
1299000.0,1270000.0,1240000.0,29000.0,59000.0
1325000.0,1425000.0,1250000.0,100000.0,75000.0
2838255.0,2700000.0,2800000.0,138255.0,38255.0
2050000.0,1938000.0,2075000.0,112000.0,25000.0
1757008.0,1750000.0,1745000.0,7008.0,12008.0
1815000.0,1750000.0,1881000.0,65000.0,66000.0
2150000.0,2215000.0,2283950.0,65000.0,133950.0
700000.0,675000.0,775000.0,25000.0,75000.0
2700000.0,2900000.0,2800000.0,200000.0,100000.0
3188000.0,3685000.0,3200000.0,497000.0,12000.0
487000.0,480000.0,490000.0,7000.0,3000.0
485000.0,480000.0,475000.0,5000.0,10000.0
1620000.0,1564000.0,1450000.0,56000.0,170000.0
456000.0,445000.0,435000.0,11000.0,21000.0
410000.0,400000.0,400000.0,10000.0,10000.0
975000.0,919990.0,980000.0,55010.0,5000.0
1935000.0,1725000.0,1570000.0,210000.0,365000.0
1725000.0,1680000.0,1547000.0,45000.0,178000.0
580000.0,550000.0,576000.0,30000.0,4000.0
1955000.0,1815000.0,1850000.0,140000.0,105000.0
760000.0,730000.0,735000.0,30000.0,25000.0
2050000.0,1625000.0,1625000.0,425000.0,425000.0
1075000.0,1005000.0,975000.0,70000.0,100000.0
1300000.0,1195000.0,1125000.0,105000.0,175000.0
935000.0,925000.0,935000.0,10000.0,0.0
2325000.0,2320000.0,2120000.0,5000.0,205000.0
451000.0,420000.0,405000.0,31000.0,46000.0
1700000.0,1675000.0,1800000.0,25000.0,100000.0
1130000.0,1050000.0,995000.0,80000.0,135000.0
1850000.0,1650000.0,1719500.0,200000.0,130500.0
1140000.0,1230000.0,1300000.0,90000.0,160000.0
587000.0,481000.0,481000.0,106000.0,106000.0
4750000.0,5896000.0,5896000.0,1146000.0,1146000.0
1290000.0,1340000.0,1278000.0,50000.0,12000.0
850000.0,850000.0,849900.0,0.0,100.0
688000.0,675000.0,683000.0,13000.0,5000.0
2249000.0,2175000.0,2025000.0,74000.0,224000.0
1390000.0,1075000.0,1361000.0,315000.0,29000.0
1235000.0,1167000.0,1150000.0,68000.0,85000.0
1420000.0,1455000.0,1421222.0,35000.0,1222.0
500000.0,535000.0,520000.0,35000.0,20000.0
1250000.0,1280000.0,1200000.0,30000.0,50000.0
585000.0,575000.0,575000.0,10000.0,10000.0
760000.0,725000.0,740000.0,35000.0,20000.0
840000.0,888000.0,834495.0,48000.0,5505.0
649000.0,655000.0,645000.0,6000.0,4000.0
750000.0,748000.0,752000.0,2000.0,2000.0
1172790.0,1050000.0,1157500.0,122790.0,15290.0
1300000.0,1250000.0,1280000.0,50000.0,20000.0
1765000.0,1800000.0,1640000.0,35000.0,125000.0
930000.0,930000.0,930000.0,0.0,0.0
595990.0,589990.0,580000.0,6000.0,15990.0
847500.0,871000.0,645000000.0,23500.0,644152500.0
1370000.0,1340000.0,1333000.0,30000.0,37000.0
860500.0,855000.0,875000.0,5500.0,14500.0
1410000.0,1310000.0,1274000.0,100000.0,136000.0
1700000.0,1810000.0,1760000.0,110000.0,60000.0
24000000.0,17000000.0,17000000.0,7000000.0,7000000.0
665000.0,680000.0,680000.0,15000.0,15000.0
1365000.0,1330000.0,1225000.0,35000.0,140000.0
1925000.0,1950000.0,2050000.0,25000.0,125000.0
1348888.0,1380000.0,1350000.0,31112.0,1112.0
650000.0,645000.0,625000.0,5000.0,25000.0
1354000.0,1200000.0,1560000.0,154000.0,206000.0
610000.0,606000.0,575000.0,4000.0,35000.0
1230000.0,1200000.0,1200000.0,30000.0,30000.0
1777500.0,1710000.0,1710000.0,67500.0,67500.0
1100000.0,919000.0,900000.0,181000.0,200000.0
1755000.0,1580000.0,1595000.0,175000.0,160000.0
700000.0,697700.0,667000.0,2300.0,33000.0
975000.0,900000.0,970000.0,75000.0,5000.0
465000.0,530000.0,505000.0,65000.0,40000.0
2680000.0,2826210.0,2600000.0,146210.0,80000.0
1950000.0,1985000.0,1985000.0,35000.0,35000.0
2265000.0,2455000.0,2349000.0,190000.0,84000.0
327500.0,313000.0,334000.0,14500.0,6500.0
1700000.0,1630000.0,1681000.0,70000.0,19000.0
2128000.0,1800000.0,1860000.0,328000.0,268000.0
1800000.0,1800000.0,1960000.0,0.0,160000.0
683000.0,700000.0,700000.0,17000.0,17000.0
570000.0,535000.0,600000.0,35000.0,30000.0
1257000.0,1200000.0,1198000.0,57000.0,59000.0
461000.0,520000.0,520000.0,59000.0,59000.0
1225000.0,1250000.0,1275000.0,25000.0,50000.0
1325000.0,1325000.0,1315000.0,0.0,10000.0
585000.0,545000.0,545000.0,40000.0,40000.0
1400000.0,1290000.0,1240000.0,110000.0,160000.0
650000.0,675000.0,775000.0,25000.0,125000.0
420000.0,445000.0,520000.0,25000.0,100000.0
1200000.0,1200000.0,1200000.0,0.0,0.0
920000.0,850000.0,895000.0,70000.0,25000.0
880000.0,820000.0,820000.0,60000.0,60000.0
1073000.0,988000.0,1060000.0,85000.0,13000.0
1250000.0,1130000.0,1250000.0,120000.0,0.0
1850000.0,1305000.0,1200000.0,545000.0,650000.0
1508250.0,1450000.0,1450000.0,58250.0,58250.0
925000.0,920000.0,905000.0,5000.0,20000.0
2850000.0,2500000.0,2330000.0,350000.0,520000.0
1355500.0,1283000.0,1295000.0,72500.0,60500.0
535000.0,705000.0,728000.0,170000.0,193000.0
430000.0,480000.0,480000.0,50000.0,50000.0
855000.0,848000.0,950000.0,7000.0,95000.0
1360000.0,1120000.0,1157500.0,240000.0,202500.0
589900.0,622000.0,640000.0,32100.0,50100.0
1210000.0,1200000.0,1200000.0,10000.0,10000.0
1365000.0,947250.0,1060000.0,417750.0,305000.0
625000.0,805000.0,775000.0,180000.0,150000.0
563000.0,630000.0,645000.0,67000.0,82000.0
2325000.0,2200000.0,2265000.0,125000.0,60000.0
1410000.0,1745000.0,1640000.0,335000.0,230000.0
1940000.0,1835350.0,1775000.0,104650.0,165000.0
665000.0,670000.0,650000.0,5000.0,15000.0
1440000.0,1450000.0,1400000.0,10000.0,40000.0
1580000.0,1625000.0,1455000.0,45000.0,125000.0
560000.0,500000.0,500000.0,60000.0,60000.0
810000.0,789900.0,795000.0,20100.0,15000.0
945000.0,981000.0,892500.0,36000.0,52500.0
530000.0,515000.0,530000.0,15000.0,0.0
1460888.0,1323000.0,1325000.0,137888.0,135888.0
3850000.0,3800000.0,3800000.0,50000.0,50000.0
325000.0,330000.0,329900.0,5000.0,4900.0
429000.0,445000.0,445000.0,16000.0,16000.0
640000.0,620000.0,610000.0,20000.0,30000.0
1175000.0,1100000.0,1100000.0,75000.0,75000.0
2525000.0,2125000.0,2215000.0,400000.0,310000.0
1575000.0,1300000.0,1418000.0,275000.0,157000.0
539000.0,519000.0,515000.0,20000.0,24000.0
2826675.0,2380000.0,2510000.0,446675.0,316675.0
1100000.0,988000.0,1060000.0,112000.0,40000.0
390000.0,299900.0,275000.0,90100.0,115000.0
825000.0,775000.0,795000.0,50000.0,30000.0
15900000.0,13000000.0,15300000.0,2900000.0,600000.0
3600000.0,3403000.0,3450000.0,197000.0,150000.0
685000.0,690000.0,700000.0,5000.0,15000.0
835000.0,830000.0,820000.0,5000.0,15000.0
850000.0,758000.0,841000.0,92000.0,9000.0
1585000.0,1500000.0,1525000.0,85000.0,60000.0
1075000.0,860000.0,1000000.0,215000.0,75000.0
1800500.0,1560000.0,1715280.0,240500.0,85220.0
1375000.0,1342000.0,1289000.0,33000.0,86000.0
1180000.0,1159000.0,1120000.0,21000.0,60000.0
552953.0,530000.0,535000.0,22953.0,17953.0
800000.0,720000.0,690000.0,80000.0,110000.0
1180000.0,1040000.0,1040000.0,140000.0,140000.0
932000.0,885000.0,885000.0,47000.0,47000.0
1810000.0,1775000.0,1765000.0,35000.0,45000.0
1375000.0,1461000.0,1340000.0,86000.0,35000.0
1500005.0,1167000.0,1100000.0,333005.0,400005.0
685000.0,675000.0,715000.0,10000.0,30000.0
4200000.0,3150000.0,3150000.0,1050000.0,1050000.0
2085000.0,2149000.0,2245000.0,64000.0,160000.0
897500.0,840000.0,820000.0,57500.0,77500.0
440000.0,440000.0,430000.0,0.0,10000.0
431000.0,420000.0,425000.0,11000.0,6000.0
475000.0,465000.0,496000.0,10000.0,21000.0
795000.0,790000.0,825000.0,5000.0,30000.0
720000.0,635000.0,725000.0,85000.0,5000.0
445000.0,450000.0,451500.0,5000.0,6500.0
880000.0,907500.0,900000.0,27500.0,20000.0
1619000.0,1469000.0,1400000.0,150000.0,219000.0
777777.0,775000.0,725000.0,2777.0,52777.0
685000.0,625000.0,614000.0,60000.0,71000.0
2231000.0,1899888.0,1898000.0,331112.0,333000.0
3390000.0,2750000.0,2700000.0,640000.0,690000.0
700000.0,600000.0,704000.0,100000.0,4000.0
725000.0,690000.0,689000.0,35000.0,36000.0
2201785.0,2250000.0,2180000.0,48215.0,21785.0
1580000.0,1640000.0,1602600.0,60000.0,22600.0
930000.0,956000.0,900000.0,26000.0,30000.0
745000.0,707000.0,730000.0,38000.0,15000.0
787000.0,730000.0,850000.0,57000.0,63000.0
729000.0,729000.0,715000.0,0.0,14000.0
2050000.0,2050000.0,2000000.0,0.0,50000.0
1400000.0,1225000.0,1160000.0,175000.0,240000.0
879990.0,879990.0,879990.0,0.0,0.0
1750000.0,1679000.0,1690000.0,71000.0,60000.0
744000.0,685000.0,700000.0,59000.0,44000.0
550000.0,530000.0,550000.0,20000.0,0.0
1025000.0,1018000.0,1000000.0,7000.0,25000.0
905000.0,900000.0,900000.0,5000.0,5000.0
460000.0,465000.0,470000.0,5000.0,10000.0
1300000.0,1450000.0,1350099.0,150000.0,50099.0
1600000.0,1250000.0,1200000.0,350000.0,400000.0
842222.0,725000.0,674000.0,117222.0,168222.0
861000.0,730000.0,720000.0,131000.0,141000.0
1005000.0,995000.0,1000000.0,10000.0,5000.0
1400000.0,1300000.0,1175000.0,100000.0,225000.0
615000.0,650000.0,645000.0,35000.0,30000.0
670000.0,645000.0,669000.0,25000.0,1000.0
975000.0,1039000.0,1105000.0,64000.0,130000.0
1500000.0,1525000.0,1520000.0,25000.0,20000.0
460000.0,470000.0,465000.0,10000.0,5000.0
4150000.0,3350000.0,3265000.0,800000.0,885000.0
560000.0,565000.0,565000.0,5000.0,5000.0
875000.0,859000.0,875000.0,16000.0,0.0
638000.0,650000.0,635000.0,12000.0,3000.0
1190000.0,1200000.0,1257000.0,10000.0,67000.0
730000.0,700000.0,700000.0,30000.0,30000.0
545000.0,545000.0,565000.0,0.0,20000.0
1365000.0,1450000.0,1280000.0,85000.0,85000.0
11000000.0,10000000.0,8000000.0,1000000.0,3000000.0
3500000.0,3450000.0,3490000.0,50000.0,10000.0
3100000.0,2735000.0,2550000.0,365000.0,550000.0
625000.0,615000.0,605000.0,10000.0,20000.0
1225000.0,1210000.0,1280000.0,15000.0,55000.0
225000.0,95000.0,96000.0,130000.0,129000.0
445000.0,440000.0,450000.0,5000.0,5000.0
1315000.0,1325000.0,1315000.0,10000.0,0.0
1700000.0,1678000.0,1605000.0,22000.0,95000.0
2520000.0,2600000.0,2500000.0,80000.0,20000.0
1550000.0,1375000.0,1485000.0,175000.0,65000.0
2620000.0,2500000.0,2500000.0,120000.0,120000.0
240000.0,255000.0,227500.0,15000.0,12500.0
1450000.0,875000.0,854000.0,575000.0,596000.0
1800000.0,1395000.0,1395000.0,405000.0,405000.0
2250000.0,2375000.0,2500000.0,125000.0,250000.0
622500.0,610000.0,615000.0,12500.0,7500.0
608000.0,632000.0,600000.0,24000.0,8000.0
1320000.0,1500000.0,1455000.0,180000.0,135000.0
1340000.0,881000.0,881000.0,459000.0,459000.0
1100000.0,1200000.0,1075000.0,100000.0,25000.0
489000.0,499000.0,535000.0,10000.0,46000.0
830000.0,850000.0,892000.0,20000.0,62000.0
968000.0,715000.0,740000.0,253000.0,228000.0
1260000.0,1250000.0,1220000.0,10000.0,40000.0
900000.0,885000.0,917375.0,15000.0,17375.0
1410000.0,1349999.0,1350000.0,60001.0,60000.0
650000.0,625000.0,600000.0,25000.0,50000.0
965000.0,960000.0,1025000.0,5000.0,60000.0
1000000.0,760000.0,700000.0,240000.0,300000.0
2050000.0,1700000.0,1850000.0,350000.0,200000.0
600000.0,525000.0,560000.0,75000.0,40000.0
1685000.0,1010000.0,950000.0,675000.0,735000.0
3926000.0,3900000.0,3900000.0,26000.0,26000.0
430000.0,425000.0,425000.0,5000.0,5000.0
635000.0,736000.0,730000.0,101000.0,95000.0
1600000.0,1587500.0,1580000.0,12500.0,20000.0
1010000.0,950000.0,950000.0,60000.0,60000.0
825000.0,900000.0,890000.0,75000.0,65000.0
2760000.0,2650000.0,2400000.0,110000.0,360000.0
945000.0,913000.0,950000.0,32000.0,5000.0
1200000.0,1225000.0,1225000.0,25000.0,25000.0
2360000.0,2425000.0,2425000.0,65000.0,65000.0
1875000.0,1795000.0,1800000.0,80000.0,75000.0
965000.0,975000.0,1050000.0,10000.0,85000.0
1290000.0,1150000.0,1185000.0,140000.0,105000.0
1585000.0,1500000.0,1475000.0,85000.0,110000.0
2200000.0,2200000.0,2050000.0,0.0,150000.0
1995000.0,1950000.0,1970000.0,45000.0,25000.0
420000.0,405000.0,410000.0,15000.0,10000.0
3050000.0,2900000.0,3375000.0,150000.0,325000.0
1299000.0,1322000.0,1255000.0,23000.0,44000.0
968000.0,950000.0,970000.0,18000.0,2000.0
3525000.0,3100000.0,3100000.0,425000.0,425000.0
1550000.0,1499000.0,1500000.0,51000.0,50000.0
1750000.0,1630000.0,1725000.0,120000.0,25000.0
560000.0,565000.0,545000.0,5000.0,15000.0
900000.0,885000.0,799000.0,15000.0,101000.0
570000.0,578000.0,540000.0,8000.0,30000.0
2350000.0,2455000.0,2455000.0,105000.0,105000.0
2350000.0,2200000.0,2170000.0,150000.0,180000.0
1119120.0,1055000.0,1115000.0,64120.0,4120.0
618000.0,615000.0,615000.0,3000.0,3000.0
1650000.0,1820000.0,1815000.0,170000.0,165000.0
905000.0,950000.0,865000.0,45000.0,40000.0
395000.0,405000.0,390000.0,10000.0,5000.0
2005000.0,1825000.0,1430000.0,180000.0,575000.0
740000.0,737500.0,740000.0,2500.0,0.0
1235000.0,1230000.0,1100000.0,5000.0,135000.0
860000.0,865000.0,820000.0,5000.0,40000.0
708500.0,690000.0,705000.0,18500.0,3500.0
2225000.0,2075000.0,2525000.0,150000.0,300000.0
625000.0,660000.0,750000.0,35000.0,125000.0
834000.0,829000.0,820000.0,5000.0,14000.0
100000.0,112000.0,112000.0,12000.0,12000.0
1080000.0,1016000.0,1040000.0,64000.0,40000.0
1750000.0,1837000.0,2400000.0,87000.0,650000.0
1600000.0,1550000.0,1260000.0,50000.0,340000.0
880000.0,799900.0,838500.0,80100.0,41500.0
2951000.0,2400000.0,2695000.0,551000.0,256000.0
1350000.0,1360000.0,1297000.0,10000.0,53000.0
1265000.0,1200000.0,1300000.0,65000.0,35000.0
1690000.0,1600000.0,1700000.0,90000.0,10000.0
820000.0,757500.0,750000.0,62500.0,70000.0
1315000.0,1501000.0,1500000.0,186000.0,185000.0
1390000.0,1435000.0,1395000.0,45000.0,5000.0
1464725.0,1190000.0,1230000.0,274725.0,234725.0
925000.0,925000.0,970000.0,0.0,45000.0
950000.0,999990.0,1020000.0,49990.0,70000.0
3200000.0,3021000.0,3265000.0,179000.0,65000.0
595000.0,625000.0,605000.0,30000.0,10000.0
1008000.0,1200000.0,762500.0,192000.0,245500.0
2050000.0,1545000.0,1595000.0,505000.0,455000.0
956000.0,1400000.0,850000.0,444000.0,106000.0
938000.0,890000.0,935000.0,48000.0,3000.0
350000.0,355000.0,364500.0,5000.0,14500.0
999950.0,999999.0,970000.0,49.0,29950.0
622000.0,615000.0,620000.0,7000.0,2000.0
744000.0,850000.0,799000.0,106000.0,55000.0
590000.0,774999.0,775000.0,184999.0,185000.0
480000.0,465000.0,476000.0,15000.0,4000.0
1015000.0,950000.0,1007500.0,65000.0,7500.0
1476000.0,1235000.0,1260000.0,241000.0,216000.0
810000.0,810000.0,850000.0,0.0,40000.0
604000.0,588000.0,600000.0,16000.0,4000.0
600000.0,590000.0,600000.0,10000.0,0.0
1535000.0,1660000.0,1360000.0,125000.0,175000.0
2495000.0,2550000.0,2498000.0,55000.0,3000.0
1200000.0,1235000.0,1225000.0,35000.0,25000.0
2925000.0,2900000.0,2700000.0,25000.0,225000.0
1780000.0,1310000.0,1200000.0,470000.0,580000.0
1000000.0,1056000.0,1056000.0,56000.0,56000.0
1375000.0,1350000.0,950000.0,25000.0,425000.0
640000.0,653000.0,650000.0,13000.0,10000.0
1800000.0,2100000.0,1789000.0,300000.0,11000.0
946000.0,890000.0,870000.0,56000.0,76000.0
1750000.0,1525000.0,1530000.0,225000.0,220000.0
1425000.0,1300000.0,1355000.0,125000.0,70000.0
4850000.0,4600000.0,4745000.0,250000.0,105000.0
950000.0,875000.0,865000.0,75000.0,85000.0
3586995.0,3700000.0,3700000.0,113005.0,113005.0
525000.0,545000.0,552000.0,20000.0,27000.0
1350000.0,1250000.0,1220000.0,100000.0,130000.0
610000.0,591500.0,590000.0,18500.0,20000.0
808888.0,825000.0,800000.0,16112.0,8888.0
3110000.0,2435000.0,2500000.0,675000.0,610000.0
1425000.0,1250000.0,1250000.0,175000.0,175000.0
673000.0,670000.0,720000.0,3000.0,47000.0
840000.0,851000.0,850000.0,11000.0,10000.0
1560000.0,1060000.0,1180000.0,500000.0,380000.0
1751300.0,1675000.0,1638278.0,76300.0,113022.0
736000.0,725000.0,810000.0,11000.0,74000.0
825000.0,855000.0,910000.0,30000.0,85000.0
1405000.0,1285000.0,1230000.0,120000.0,175000.0
1750000.0,1475000.0,1475000.0,275000.0,275000.0
765000.0,735000.0,735000.0,30000.0,30000.0
1245000.0,1150000.0,1270000.0,95000.0,25000.0
740000.0,764750.0,765000.0,24750.0,25000.0
2900000.0,2949000.0,2949000.0,49000.0,49000.0
455000.0,460000.0,450000.0,5000.0,5000.0
850000.0,762000.0,760000.0,88000.0,90000.0
985000.0,965000.0,925000.0,20000.0,60000.0
1475000.0,950000.0,1350000.0,525000.0,125000.0
1500000.0,1450000.0,1600000.0,50000.0,100000.0
2100000.0,2050000.0,1925000.0,50000.0,175000.0
1525000.0,1530000.0,1475000.0,5000.0,50000.0
865830.0,900000.0,865000.0,34170.0,830.0
1208000.0,1450000.0,1315000.0,242000.0,107000.0
470000.0,500000.0,478000.0,30000.0,8000.0
745000.0,750000.0,725000.0,5000.0,20000.0
1040000.0,970000.0,990000.0,70000.0,50000.0
5350000.0,4500000.0,4500000.0,850000.0,850000.0
1301000.0,1497000.0,1497000.0,196000.0,196000.0
810000.0,680000.0,750000.0,130000.0,60000.0
675000.0,645000.0,625000.0,30000.0,50000.0
733000.0,688087.0,680000.0,44913.0,53000.0
1524000.0,1535000.0,1555000.0,11000.0,31000.0
1875000.0,2050000.0,1725000.0,175000.0,150000.0
950000.0,936500.0,895000.0,13500.0,55000.0
4100000.0,3400000.0,3700000.0,700000.0,400000.0
800000.0,835000.0,815000.0,35000.0,15000.0
1017000.0,1030000.0,1000000.0,13000.0,17000.0
1010000.0,1010000.0,965000.0,0.0,45000.0
761000.0,660000.0,725000.0,101000.0,36000.0
1740000.0,1750000.0,1675000.0,10000.0,65000.0
915000.0,855000.0,873000.0,60000.0,42000.0
989000.0,981500.0,971111.0,7500.0,17889.0
1450000.0,1180000.0,1200018.0,270000.0,249982.0
1088000.0,1110000.0,1110000.0,22000.0,22000.0
1120000.0,1200000.0,1280000.0,80000.0,160000.0
980000.0,985000.0,975000.0,5000.0,5000.0
799000.0,790000.0,790000.0,9000.0,9000.0
801000.0,880000.0,799000.0,79000.0,2000.0
975000.0,925000.0,956000.0,50000.0,19000.0
1935000.0,1543000.0,1602600.0,392000.0,332400.0
318000.0,300000.0,325000.0,18000.0,7000.0
1370000.0,995000.0,1139000.0,375000.0,231000.0
547000.0,508500.0,510000.0,38500.0,37000.0
530000.0,510000.0,510000.0,20000.0,20000.0
500000.0,500000.0,505000.0,0.0,5000.0
3338000.0,3100000.0,2975355.0,238000.0,362645.0
1460000.0,1400000.0,1425000.0,60000.0,35000.0
7172500.0,7300000.0,6585000.0,127500.0,587500.0
835000.0,840000.0,850000.0,5000.0,15000.0
2050000.0,1850000.0,2250000.0,200000.0,200000.0
4950000.0,4110000.0,3900000.0,840000.0,1050000.0
1370000.0,1205000.0,1200000.0,165000.0,170000.0
2150000.0,2700000.0,2300000.0,550000.0,150000.0
425000.0,365000.0,465000.0,60000.0,40000.0
1044000.0,1000000.0,1100000.0,44000.0,56000.0
3650000.0,3600000.0,3800000.0,50000.0,150000.0
652000.0,650000.0,650000.0,2000.0,2000.0
2300000.0,1999000.0,1950000.0,301000.0,350000.0
613000.0,625000.0,650000.0,12000.0,37000.0
3800000.0,3565000.0,3598000.0,235000.0,202000.0
1379000.0,1530000.0,1425000.0,151000.0,46000.0
353000.0,320000.0,230000.0,33000.0,123000.0
3060880.0,3100000.0,2860000.0,39120.0,200880.0
5341000.0,4650000.0,4575000.0,691000.0,766000.0
6000000.0,5200000.0,5100000.0,800000.0,900000.0
1725000.0,1770000.0,1725000.0,45000.0,0.0
470500.0,478000.0,475000.0,7500.0,4500.0
875000.0,875000.0,885000.0,0.0,10000.0
1050000.0,1225000.0,1280000.0,175000.0,230000.0
1160000.0,1140000.0,1150000.0,20000.0,10000.0
1250000.0,1225000.0,1280000.0,25000.0,30000.0
1500000.0,1623800.0,1400000.0,123800.0,100000.0
1057650.0,762500.0,850000.0,295150.0,207650.0
775500.0,710000.0,700000.0,65500.0,75500.0
390000.0,320000.0,320000.0,70000.0,70000.0
900000.0,835000.0,835000.0,65000.0,65000.0
2140000.0,1420000.0,1420000.0,720000.0,720000.0
850000.0,846000.0,875000.0,4000.0,25000.0
417000.0,410000.0,400000.0,7000.0,17000.0
4149500.0,3700000.0,3100000.0,449500.0,1049500.0
775000.0,780000.0,750000.0,5000.0,25000.0
2000000.0,2165000.0,2100000.0,165000.0,100000.0
3300000.0,2195000.0,2195000.0,1105000.0,1105000.0
371000.0,357500.0,355000.0,13500.0,16000.0
1225000.0,1154900.0,1060000.0,70100.0,165000.0
4422300.0,4350000.0,4300000.0,72300.0,122300.0
695000.0,775000.0,720000.0,80000.0,25000.0
1395000.0,1375000.0,1480000.0,20000.0,85000.0
515000.0,510000.0,495000.0,5000.0,20000.0
910000.0,900000.0,860000.0,10000.0,50000.0
2000000.0,2100000.0,2079000.0,100000.0,79000.0
1550000.0,1360000.0,1380000.0,190000.0,170000.0
825000.0,825000.0,875000.0,0.0,50000.0
930000.0,930000.0,970000.0,0.0,40000.0
1125000.0,1070000.0,1077500.0,55000.0,47500.0
5550000.0,4650000.0,4650000.0,900000.0,900000.0
540000.0,540000.0,525000.0,0.0,15000.0
370000.0,411000.0,411000.0,41000.0,41000.0
4850000.0,4500000.0,4475000.0,350000.0,375000.0
1588888.0,1650000.0,1615000.0,61112.0,26112.0
696180.0,660000.0,660000.0,36180.0,36180.0
887000.0,851000.0,865000.0,36000.0,22000.0
1500000.0,1625000.0,1625000.0,125000.0,125000.0
1515000.0,1370000.0,1425000.0,145000.0,90000.0
3500000.0,3400000.0,3350000.0,100000.0,150000.0
635000.0,585000.0,575000.0,50000.0,60000.0
765000.0,758500.0,750000.0,6500.0,15000.0
1185000.0,1130000.0,1172000.0,55000.0,13000.0
510625.0,525000.0,525000.0,14375.0,14375.0
1277500.0,1260000.0,1300000.0,17500.0,22500.0
1365000.0,1350000.0,1310000.0,15000.0,55000.0
1675000.0,1640000.0,1760000.0,35000.0,85000.0
1380000.0,1420000.0,1350000.0,40000.0,30000.0
1782000.0,1720000.0,1699000.0,62000.0,83000.0
480000.0,475000.0,475000.0,5000.0,5000.0
1360000.0,1210000.0,1300000.0,150000.0,60000.0
811000.0,826000.0,790000.0,15000.0,21000.0
1165000.0,1150000.0,1125000.0,15000.0,40000.0
1530000.0,1525000.0,1554000.0,5000.0,24000.0
1580000.0,1640000.0,1560000.0,60000.0,20000.0
2670000.0,2627500.0,2510000.0,42500.0,160000.0
890000.0,889000.0,897000.0,1000.0,7000.0
3300000.0,2800000.0,2800000.0,500000.0,500000.0
659000.0,650000.0,640000.0,9000.0,19000.0
1200000.0,1200000.0,1310000.0,0.0,110000.0
1240000.0,1100000.0,1000000.0,140000.0,240000.0
3600000.0,3675000.0,3500000.0,75000.0,100000.0
555000.0,555000.0,555000.0,0.0,0.0
793000.0,850000.0,865000.0,57000.0,72000.0
1260000.0,1168000.0,1230000.0,92000.0,30000.0
4230000.0,3510000.0,3421800.0,720000.0,808200.0
4728750.0,4410000.0,4410000.0,318750.0,318750.0
1492718.0,1535000.0,1450000.0,42282.0,42718.0
820000.0,800000.0,815000.0,20000.0,5000.0
1220000.0,1150000.0,1098000.0,70000.0,122000.0
3975000.0,3850000.0,3850000.0,125000.0,125000.0
2430000.0,2620000.0,2410000.0,190000.0,20000.0
765900.0,740000.0,760000.0,25900.0,5900.0
1045000.0,1100000.0,1100000.0,55000.0,55000.0
975000.0,850000.0,860000.0,125000.0,115000.0
1793300.0,1688000.0,1688000.0,105300.0,105300.0
305000.0,328000.0,305000.0,23000.0,0.0
1600000.0,1645000.0,1461250.0,45000.0,138750.0
938000.0,835000.0,820000.0,103000.0,118000.0
815000.0,768000.0,750000.0,47000.0,65000.0
2300000.0,2300000.0,2400000.0,0.0,100000.0
1130000.0,1100000.0,1098000.0,30000.0,32000.0
499000.0,504000.0,504000.0,5000.0,5000.0
1120000.0,1065000.0,1095000.0,55000.0,25000.0
3608888.0,3083000.0,3250000.0,525888.0,358888.0
1120000.0,950000.0,988000.0,170000.0,132000.0
1200000.0,1100000.0,1130000.0,100000.0,70000.0
1020000.0,991000.0,991000.0,29000.0,29000.0
990000.0,970000.0,970000.0,20000.0,20000.0
1575000.0,1575000.0,1590000.0,0.0,15000.0
3477000.0,2933333.0,2930000.0,543667.0,547000.0
4900000.0,3220000.0,3340000.0,1680000.0,1560000.0
655000.0,625000.0,662000.0,30000.0,7000.0
11150000.0,999000.0,995000.0,10151000.0,10155000.0
1025000.0,975000.0,999000.0,50000.0,26000.0
3500000.0,3690000.0,3600000.0,190000.0,100000.0
1051000.0,1100000.0,1100000.0,49000.0,49000.0
779900.0,750000.0,750000.0,29900.0,29900.0
1595000.0,1625000.0,1950000.0,30000.0,355000.0
1580000.0,1560000.0,1590000.0,20000.0,10000.0
716000.0,698500.0,700000.0,17500.0,16000.0
795000.0,790000.0,788000.0,5000.0,7000.0
785000.0,785000.0,785000.0,0.0,0.0
1225000.0,1010000.0,1410000.0,215000.0,185000.0
1365000.0,1160000.0,1160000.0,205000.0,205000.0
975000.0,916000.0,948000.0,59000.0,27000.0
550000.0,565000.0,535000.0,15000.0,15000.0
3140000.0,2920000.0,2869800.0,220000.0,270200.0
815000.0,790000.0,775000.0,25000.0,40000.0
865000.0,825000.0,910000.0,40000.0,45000.0
3110000.0,2535000.0,2600000.0,575000.0,510000.0
2220000.0,2250000.0,2250000.0,30000.0,30000.0
875000.0,885000.0,865000.0,10000.0,10000.0
590000.0,600000.0,565000.0,10000.0,25000.0
1645000.0,1600000.0,1660000.0,45000.0,15000.0
1400000.0,1110000.0,1110000.0,290000.0,290000.0
1050000.0,1187000.0,1100000.0,137000.0,50000.0
5390000.0,6000000.0,5100000.0,610000.0,290000.0
2100000.0,1873000.0,1848000.0,227000.0,252000.0
875000.0,825000.0,844000.0,50000.0,31000.0
715000.0,680000.0,695000.0,35000.0,20000.0
2145000.0,1675000.0,1575000.0,470000.0,570000.0
1295000.0,1175000.0,1290000.0,120000.0,5000.0
627000.0,639900.0,639000.0,12900.0,12000.0
948000.0,920000.0,905000.0,28000.0,43000.0
870000.0,829000.0,950000.0,41000.0,80000.0
1555000.0,1450000.0,1412500.0,105000.0,142500.0
1025000.0,1028000.0,990000.0,3000.0,35000.0
644000.0,640000.0,652000.0,4000.0,8000.0
5855000.0,4600000.0,4850000.0,1255000.0,1005000.0
620000.0,620000.0,651812.0,0.0,31812.0
1315000.0,1275000.0,1275000.0,40000.0,40000.0
815000.0,852000.0,818000.0,37000.0,3000.0
1650000.0,1650000.0,1670000.0,0.0,20000.0
1150000.0,1121000.0,1250000.0,29000.0,100000.0
2525000.0,2498888.0,2444393.0,26112.0,80607.0
800000.0,765000.0,750000.0,35000.0,50000.0
590000.0,589000.0,599000.0,1000.0,9000.0
1280000.0,1280000.0,1280000.0,0.0,0.0
1775000.0,1730000.0,1725000.0,45000.0,50000.0
1217500.0,1300000.0,1220000.0,82500.0,2500.0
250000.0,270000.0,299000.0,20000.0,49000.0
1100000.0,985000.0,1000000.0,115000.0,100000.0
1005000.0,850000.0,905000.0,155000.0,100000.0
1570000.0,1545000.0,1575000.0,25000.0,5000.0
1495000.0,1525000.0,1505000.0,30000.0,10000.0
1200000.0,1120000.0,1139000.0,80000.0,61000.0
1330000.0,1210000.0,1280000.0,120000.0,50000.0
830550.0,1005000.0,850000.0,174450.0,19450.0
1219000.0,1180000.0,1200000.0,39000.0,19000.0
1500000.0,1450000.0,1585000.0,50000.0,85000.0
585000.0,575000.0,569900.0,10000.0,15100.0
508888.0,510000.0,505000.0,1112.0,3888.0
530000.0,516000.0,519900.0,14000.0,10100.0
2438018.0,2300000.0,2220000.0,138018.0,218018.0
1280000.0,1335000.0,1350888.0,55000.0,70888.0
3500000.0,2970000.0,3000000.0,530000.0,500000.0
1950000.0,1825000.0,1900000.0,125000.0,50000.0
1375000.0,1270000.0,1250000.0,105000.0,125000.0
1180000.0,1200000.0,1050000.0,20000.0,130000.0
690000.0,675600.0,695000.0,14400.0,5000.0
1615000.0,1502000.0,1600000.0,113000.0,15000.0
1842500.0,1970000.0,1935000.0,127500.0,92500.0
775000.0,768000.0,765000.0,7000.0,10000.0
610000.0,610000.0,615000.0,0.0,5000.0
1675000.0,1679999.0,1660000.0,4999.0,15000.0
810000.0,780000.0,755000.0,30000.0,55000.0
861000.0,840000.0,835000.0,21000.0,26000.0
1500000.0,1450000.0,1325000.0,50000.0,175000.0
660000.0,672000.0,660000.0,12000.0,0.0
835000.0,826450.0,825000.0,8550.0,10000.0
1757500.0,1775000.0,1950000.0,17500.0,192500.0
475000.0,470000.0,470000.0,5000.0,5000.0
1050000.0,975000.0,1050000.0,75000.0,0.0
1835000.0,1845000.0,2050000.0,10000.0,215000.0
500000.0,430000.0,468000.0,70000.0,32000.0
980000.0,973100.0,1000000.0,6900.0,20000.0
1200000.0,1255000.0,1255000.0,55000.0,55000.0
2800000.0,2589000.0,2300000.0,211000.0,500000.0
765000.0,768000.0,719000.0,3000.0,46000.0
1390000.0,1365000.0,1350000.0,25000.0,40000.0
430000.0,422000.0,415000.0,8000.0,15000.0
1250000.0,1425000.0,1425000.0,175000.0,175000.0
2200000.0,2300000.0,2180000.0,100000.0,20000.0
955000.0,980000.0,935000.0,25000.0,20000.0
660000.0,640000.0,650000.0,20000.0,10000.0
664000.0,655000.0,664000.0,9000.0,0.0
730000.0,665000.0,680000.0,65000.0,50000.0
300000.0,275000.0,270000.0,25000.0,30000.0
860000.0,860000.0,812500.0,0.0,47500.0
999000.0,999999.0,930000.0,999.0,69000.0
2160000.0,2180000.0,2048000.0,20000.0,112000.0
3620000.0,3400000.0,3290000.0,220000.0,330000.0
1600000.0,1500000.0,1460000.0,100000.0,140000.0
4410000.0,3800000.0,4400000.0,610000.0,10000.0
580000.0,585000.0,585000.0,5000.0,5000.0
1500000.0,1510000.0,1470000.0,10000.0,30000.0
1290000.0,1310000.0,1210000.0,20000.0,80000.0
3785000.0,3460000.0,3900000.0,325000.0,115000.0
480000.0,490000.0,470000.0,10000.0,10000.0
900200.0,879060.0,890000.0,21140.0,10200.0
770000.0,730000.0,772000.0,40000.0,2000.0
935000.0,900000.0,870000.0,35000.0,65000.0
900000.0,976000.0,915000.0,76000.0,15000.0
675000.0,607500.0,645000.0,67500.0,30000.0
615000.0,650000.0,651000.0,35000.0,36000.0
1696000.0,1564000.0,1575000.0,132000.0,121000.0
1050000.0,940000.0,883000.0,110000.0,167000.0
885000.0,910000.0,859999.0,25000.0,25001.0
1682000.0,1719500.0,1670000.0,37500.0,12000.0
650000.0,620000.0,620000.0,30000.0,30000.0
2600000.0,1850000.0,1400000.0,750000.0,1200000.0
1350000.0,1299000.0,1311810.0,51000.0,38190.0
1010000.0,1005000.0,1085000.0,5000.0,75000.0
765000.0,829000.0,834000.0,64000.0,69000.0
3600000.0,3400000.0,3700000.0,200000.0,100000.0
475000.0,489000.0,440000.0,14000.0,35000.0
4550000.0,4400000.0,4000000.0,150000.0,550000.0
1320000.0,1282500.0,1200000.0,37500.0,120000.0
660000.0,655000.0,700000.0,5000.0,40000.0
1050000.0,1085000.0,988000.0,35000.0,62000.0
1000000.0,985000.0,988000.0,15000.0,12000.0
689000.0,670000.0,710000.0,19000.0,21000.0
1240000.0,1269000.0,1150000.0,29000.0,90000.0
925000.0,911100.0,909800.0,13900.0,15200.0
21450000.0,22950000.0,22250000.0,1500000.0,800000.0
710000.0,700000.0,690000.0,10000.0,20000.0
400000.0,380000.0,406500.0,20000.0,6500.0
443900.0,449900.0,445000.0,6000.0,1100.0
850000.0,955000.0,955000.0,105000.0,105000.0
1110000.0,1010000.0,1060000.0,100000.0,50000.0
2225000.0,2075000.0,2075000.0,150000.0,150000.0
1500000.0,1500000.0,1460000.0,0.0,40000.0
530000.0,549000.0,555000.0,19000.0,25000.0
1310000.0,1187000.0,1100000.0,123000.0,210000.0
1152000.0,1155000.0,1220000.0,3000.0,68000.0
1065000.0,981000.0,981000.0,84000.0,84000.0
880000.0,895000.0,920000.0,15000.0,40000.0
819000.0,805000.0,840000.0,14000.0,21000.0
800000.0,845000.0,810000.0,45000.0,10000.0
1100000.0,985000.0,1015000.0,115000.0,85000.0
1615000.0,1485000.0,1442000.0,130000.0,173000.0
2070000.0,2125000.0,2125000.0,55000.0,55000.0
795000.0,768825.0,770000.0,26175.0,25000.0
1750000.0,1700000.0,1750000.0,50000.0,0.0
3100000.0,3250000.0,3300000.0,150000.0,200000.0
1316400.0,1199000.0,1125000.0,117400.0,191400.0
1275000.0,1075000.0,1024000.0,200000.0,251000.0
4211000.0,3995000.0,4000000.0,216000.0,211000.0
2400000.0,2200000.0,2240000.0,200000.0,160000.0
843000.0,860000.0,901960.0,17000.0,58960.0
1230000.0,1220000.0,1230000.0,10000.0,0.0
2550000.0,2725000.0,2725000.0,175000.0,175000.0
625000.0,575000.0,605000.0,50000.0,20000.0
1341539.0,1200000.0,1588000.0,141539.0,246461.0
775000.0,790000.0,749000.0,15000.0,26000.0
1600000.0,1775000.0,1956000.0,175000.0,356000.0
745000.0,731000.0,700000.0,14000.0,45000.0
3200000.0,3310000.0,2400000.0,110000.0,800000.0
2650000.0,2400000.0,2600000.0,250000.0,50000.0
3120000.0,3300000.0,3100000.0,180000.0,20000.0
374900.0,370000.0,380000.0,4900.0,5100.0
955000.0,950000.0,929900.0,5000.0,25100.0
455000.0,435000.0,435000.0,20000.0,20000.0
1100000.0,1050000.0,1040000.0,50000.0,60000.0
1975625.0,1873000.0,1895000.0,102625.0,80625.0
1150000.0,1300000.0,1300000.0,150000.0,150000.0
580000.0,575000.0,575000.0,5000.0,5000.0
680000.0,699000.0,685000.0,19000.0,5000.0
3660000.0,4350000.0,3577000.0,690000.0,83000.0
1290000.0,1030000.0,1030000.0,260000.0,260000.0
1000000.0,945000.0,975000.0,55000.0,25000.0
357000.0,365900.0,362000.0,8900.0,5000.0
624900.0,635000.0,635000.0,10100.0,10100.0
1930000.0,1975000.0,2065000.0,45000.0,135000.0
1600000.0,1565000.0,1565000.0,35000.0,35000.0
755000.0,805000.0,810000.0,50000.0,55000.0
1000000.0,965000.0,990000.0,35000.0,10000.0
310000.0,282500.0,245000.0,27500.0,65000.0
1925000.0,2050000.0,2050000.0,125000.0,125000.0
1190000.0,1115000.0,1100000.0,75000.0,90000.0
1410000.0,1075000.0,1360000.0,335000.0,50000.0
1075000.0,1035000.0,1150000.0,40000.0,75000.0
1500000.0,1320000.0,1320000.0,180000.0,180000.0
625000.0,670000.0,612000.0,45000.0,13000.0
1735500.0,1482000.0,1825000.0,253500.0,89500.0
915000.0,885000.0,890000.0,30000.0,25000.0
455000.0,465000.0,450000.0,10000.0,5000.0
365000.0,280000.0,358000.0,85000.0,7000.0
470000.0,499000.0,499000.0,29000.0,29000.0
1600000.0,1580000.0,1462500.0,20000.0,137500.0
2635500.0,2100000.0,2100000.0,535500.0,535500.0
760000.0,750000.0,800000.0,10000.0,40000.0
1080000.0,1050000.0,1095000.0,30000.0,15000.0
895000.0,895000.0,913000.0,0.0,18000.0
1900000.0,1900000.0,1823000.0,0.0,77000.0
1500000.0,1400000.0,925000.0,100000.0,575000.0
950000.0,999990.0,1020000.0,49990.0,70000.0
900000.0,850000.0,850000.0,50000.0,50000.0
2200000.0,1950000.0,1875000.0,250000.0,325000.0
1100000.0,1100000.0,1125000.0,0.0,25000.0
2105000.0,2050000.0,2070000.0,55000.0,35000.0
815000.0,795000.0,780000.0,20000.0,35000.0
875000.0,840000.0,840000.0,35000.0,35000.0
3250000.0,3600000.0,3100000.0,350000.0,150000.0
1625000.0,1575000.0,1599900.0,50000.0,25100.0
622990.0,601990.0,622000.0,21000.0,990.0
290000.0,289000.0,289000.0,1000.0,1000.0
700000.0,710000.0,700000.0,10000.0,0.0
3054893.0,2700000.0,3000000.0,354893.0,54893.0
1171500.0,1130000.0,1050000.0,41500.0,121500.0
775000.0,738000.0,738000.0,37000.0,37000.0
1750000.0,1800000.0,1795000.0,50000.0,45000.0
367500.0,365000.0,365000.0,2500.0,2500.0
1150000.0,1000000.0,980000.0,150000.0,170000.0
1050000.0,1175000.0,1175000.0,125000.0,125000.0
735000.0,815000.0,815000.0,80000.0,80000.0
1650000.0,1589000.0,1551000.0,61000.0,99000.0
1765000.0,1800000.0,1750000.0,35000.0,15000.0
751535.0,750000.0,750000.0,1535.0,1535.0
2900000.0,2500000.0,2488888.0,400000.0,411112.0
295500.0,283000.0,290000.0,12500.0,5500.0
355000.0,344000.0,350000.0,11000.0,5000.0
1095000.0,1200000.0,1200000.0,105000.0,105000.0
910000.0,915000.0,889000.0,5000.0,21000.0
785000.0,725000.0,760000.0,60000.0,25000.0
615000.0,590000.0,590000.0,25000.0,25000.0
455000.0,410000.0,410000.0,45000.0,45000.0
960000.0,975000.0,1140000.0,15000.0,180000.0
1090000.0,1000000.0,918000.0,90000.0,172000.0
830000.0,785000.0,800000.0,45000.0,30000.0
745000.0,760000.0,745000.0,15000.0,0.0
2100000.0,2050000.0,1940000.0,50000.0,160000.0
2450000.0,2270000.0,2350000.0,180000.0,100000.0
1010000.0,888000.0,1015000.0,122000.0,5000.0
1598000.0,1520000.0,1480000.0,78000.0,118000.0
940000.0,940000.0,875000.0,0.0,65000.0
362000.0,345000.0,353000.0,17000.0,9000.0
800000.0,717000.0,717000.0,83000.0,83000.0
1300000.0,1200000.0,1319000.0,100000.0,19000.0
1125000.0,1050000.0,1049999.0,75000.0,75001.0
985000.0,975000.0,965000.0,10000.0,20000.0
1988888.0,1975000.0,1975000.0,13888.0,13888.0
830000.0,820000.0,795000.0,10000.0,35000.0
1598000.0,1625000.0,1605000.0,27000.0,7000.0
1247000.0,1275000.0,1335000.0,28000.0,88000.0
3608000.0,3528000.0,3600000.0,80000.0,8000.0
670000.0,616000.0,635000.0,54000.0,35000.0
560000.0,580000.0,575000.0,20000.0,15000.0
1051670.0,1000000.0,1220000.0,51670.0,168330.0
610000.0,605000.0,620000.0,5000.0,10000.0
1450000.0,1475000.0,1460000.0,25000.0,10000.0
705000.0,690000.0,680000.0,15000.0,25000.0
440000.0,439900.0,460000.0,100.0,20000.0
1000000.0,990000.0,975000.0,10000.0,25000.0
1601000.0,1350000.0,1450000.0,251000.0,151000.0
1770000.0,1660000.0,1575000.0,110000.0,195000.0
4600000.0,4895000.0,4700000.0,295000.0,100000.0
990000.0,893000.0,920000.0,97000.0,70000.0
3100000.0,2850000.0,2900000.0,250000.0,200000.0
635000.0,645000.0,660000.0,10000.0,25000.0
955000.0,925000.0,925000.0,30000.0,30000.0
1125000.0,1050000.0,1025000.0,75000.0,100000.0
2389000.0,2660000.0,2300000.0,271000.0,89000.0
2650000.0,1599000.0,2230000.0,1051000.0,420000.0
3800000.0,3600000.0,3660000.0,200000.0,140000.0
1890000.0,1900000.0,2100000.0,10000.0,210000.0
930000.0,867000.0,850000.0,63000.0,80000.0
1550000.0,1470000.0,1470000.0,80000.0,80000.0
1375000.0,1325000.0,1315000.0,50000.0,60000.0
2634180.0,2450000.0,2250000.0,184180.0,384180.0
3851000.0,3700000.0,3300000.0,151000.0,551000.0
540000.0,535000.0,535000.0,5000.0,5000.0
346500.0,385000.0,389000.0,38500.0,42500.0
1500000.0,1450000.0,1515000.0,50000.0,15000.0
1090000.0,1060000.0,1060000.0,30000.0,30000.0
1350000.0,1260000.0,1325000.0,90000.0,25000.0
740000.0,700000.0,720000.0,40000.0,20000.0
2980000.0,3000000.0,2995000.0,20000.0,15000.0
469000.0,490000.0,440000.0,21000.0,29000.0
600000.0,560000.0,560000.0,40000.0,40000.0
829000.0,803500.0,820000.0,25500.0,9000.0
2010000.0,1950000.0,664250000.0,60000.0,662240000.0
805000.0,705000.0,710000.0,100000.0,95000.0
1310000.0,1225000.0,1160000.0,85000.0,150000.0
1100000.0,1050000.0,1050000.0,50000.0,50000.0
2325000.0,2075000.0,1965000.0,250000.0,360000.0
915000.0,900000.0,900000.0,15000.0,15000.0
1600000.0,1500000.0,1750000.0,100000.0,150000.0
890000.0,835000.0,865000.0,55000.0,25000.0
1242000.0,1300000.0,1228500.0,58000.0,13500.0
1100000.0,1080000.0,1100000.0,20000.0,0.0
1050000.0,1280000.0,1049000.0,230000.0,1000.0
1580000.0,1530000.0,1585000.0,50000.0,5000.0
790000.0,815000.0,815000.0,25000.0,25000.0
250000.0,235000.0,239000.0,15000.0,11000.0
1780000.0,2000000.0,2205000.0,220000.0,425000.0
950888.0,960000.0,1020000.0,9112.0,69112.0
1300000.0,1399888.0,1399888.0,99888.0,99888.0
7300000.0,6300000.0,6625000.0,1000000.0,675000.0
925000.0,892000.0,936000.0,33000.0,11000.0
3150000.0,3200000.0,3255000.0,50000.0,105000.0
4300000.0,3900000.0,4400000.0,400000.0,100000.0
820000.0,780000.0,830000.0,40000.0,10000.0
550000.0,600000.0,600000.0,50000.0,50000.0
2250000.0,2428000.0,2250000.0,178000.0,0.0
975000.0,1038000.0,995000.0,63000.0,20000.0
965000.0,915000.0,877500.0,50000.0,87500.0
970000.0,925000.0,875000.0,45000.0,95000.0
1222000.0,1250000.0,1185000.0,28000.0,37000.0
507000.0,495000.0,485000.0,12000.0,22000.0
675000.0,699000.0,700000.0,24000.0,25000.0
942000.0,900000.0,860000.0,42000.0,82000.0
3200000.0,2750000.0,2425000.0,450000.0,775000.0
490000.0,510500.0,505000.0,20500.0,15000.0
525000.0,510000.0,540000.0,15000.0,15000.0
475000.0,462000.0,470000.0,13000.0,5000.0
465000.0,428200.0,430000.0,36800.0,35000.0
867000.0,790000.0,882000.0,77000.0,15000.0
130000.0,145000.0,123600.0,15000.0,6400.0
658000.0,625000.0,625000.0,33000.0,33000.0
1700000.0,1650000.0,1685000.0,50000.0,15000.0
811100.0,825000.0,825000.0,13900.0,13900.0
985000.0,960000.0,950000.0,25000.0,35000.0
660000.0,668000.0,665000.0,8000.0,5000.0
316000.0,310000.0,330000.0,6000.0,14000.0
300000.0,270000.0,259000.0,30000.0,41000.0
1750000.0,1683500.0,1900000.0,66500.0,150000.0
779000.0,765000.0,750000.0,14000.0,29000.0
667000.0,652000.0,654285.0,15000.0,12715.0
1780000.0,1775000.0,1820000.0,5000.0,40000.0
1800000.0,1700000.0,1650000.0,100000.0,150000.0
3128000.0,2700000.0,2488888.0,428000.0,639112.0
2100000.0,2325000.0,2140000.0,225000.0,40000.0
630000.0,600000.0,615000.0,30000.0,15000.0
1100000.0,1030000.0,1000000.0,70000.0,100000.0
1150000.0,1025000.0,1000000.0,125000.0,150000.0
2705000.0,2550000.0,2500000.0,155000.0,205000.0
2385000.0,2399000.0,2399000.0,14000.0,14000.0
620000.0,620000.0,625000.0,0.0,5000.0
550000.0,600000.0,680000.0,50000.0,130000.0
1350000.0,1268700.0,1275000.0,81300.0,75000.0
1438000.0,1475000.0,1400000.0,37000.0,38000.0
533000.0,532000.0,538000.0,1000.0,5000.0
1350000.0,1299000.0,1298000.0,51000.0,52000.0
1575000.0,1725000.0,1760000.0,150000.0,185000.0
2575000.0,2432625.0,2432625.0,142375.0,142375.0
870000.0,780000.0,800000.0,90000.0,70000.0
712500.0,695000.0,700000.0,17500.0,12500.0
2050000.0,1462500.0,1462500.0,587500.0,587500.0
575000.0,575000.0,550000.0,0.0,25000.0
2030643.0,1658000.0,1585000.0,372643.0,445643.0
719990.0,780000.0,726000.0,60010.0,6010.0
660000.0,680000.0,700000.0,20000.0,40000.0
2018578.0,1965000.0,1855000.0,53578.0,163578.0
1205000.0,1170000.0,1245000.0,35000.0,40000.0
1150000.0,1099900.0,1130000.0,50100.0,20000.0
487000.0,455000.0,435000.0,32000.0,52000.0
820000.0,800000.0,815000.0,20000.0,5000.0
1750000.0,1775000.0,1747000.0,25000.0,3000.0
1050000.0,1095000.0,1060000.0,45000.0,10000.0
990000.0,900000.0,915000.0,90000.0,75000.0
499000.0,485000.0,407000.0,14000.0,92000.0
2650000.0,1800000.0,1800000.0,850000.0,850000.0
600000.0,590000.0,600000.0,10000.0,0.0
275000.0,262500.0,275000.0,12500.0,0.0
1000000.0,955000.0,940000.0,45000.0,60000.0
1030000.0,931500.0,931500.0,98500.0,98500.0
269000.0,256000.0,240000.0,13000.0,29000.0
800000.0,760000.0,850000.0,40000.0,50000.0
4075000.0,4050000.0,3600000.0,25000.0,475000.0
755000.0,735000.0,747499.0,20000.0,7501.0
2050000.0,2200000.0,2050000.0,150000.0,0.0
625000.0,615000.0,625000.0,10000.0,0.0
1449000.0,1375000.0,1500000.0,74000.0,51000.0
927000.0,976000.0,915000.0,49000.0,12000.0
1470000.0,1085000.0,1150000.0,385000.0,320000.0
885000.0,725000.0,765000.0,160000.0,120000.0
2620000.0,2400000.0,2495000.0,220000.0,125000.0
1030000.0,1065000.0,1065000.0,35000.0,35000.0
980000.0,960000.0,970000.0,20000.0,10000.0
770000.0,760000.0,760000.0,10000.0,10000.0
1291000.0,1225000.0,1200000.0,66000.0,91000.0
916000.0,889819.0,889819.0,26181.0,26181.0
1805000.0,2125000.0,1860000.0,320000.0,55000.0
330000.0,350000.0,335000.0,20000.0,5000.0
1800000.0,1800000.0,1800000.0,0.0,0.0
1645000.0,1600000.0,1600000.0,45000.0,45000.0
2355000.0,2380000.0,2380000.0,25000.0,25000.0
2400000.0,2342500.0,2349000.0,57500.0,51000.0
31000000.0,30260000.0,31500000.0,740000.0,500000.0
643500.0,650000.0,640000.0,6500.0,3500.0
2475000.0,2600000.0,2486500.0,125000.0,11500.0
1625000.0,1612524.0,1612524.0,12476.0,12476.0
1140000.0,1100000.0,1050000.0,40000.0,90000.0
1435000.0,1410000.0,1590000.0,25000.0,155000.0
1257300.0,1233000.0,1205000.0,24300.0,52300.0
2314750.0,2203888.0,2349000.0,110862.0,34250.0
796000.0,730000.0,730000.0,66000.0,66000.0
920000.0,1455000.0,1050000.0,535000.0,130000.0
1900000.0,1660000.0,1836500.0,240000.0,63500.0
400000.0,445000.0,447000.0,45000.0,47000.0
760000.0,750000.0,750000.0,10000.0,10000.0
4075000.0,3850000.0,3850000.0,225000.0,225000.0
2340000.0,2400000.0,2375000.0,60000.0,35000.0
1475000.0,1510000.0,1435000.0,35000.0,40000.0
905000.0,922500.0,910000.0,17500.0,5000.0
810000.0,795000.0,795000.0,15000.0,15000.0
1075000.0,1035000.0,1035000.0,40000.0,40000.0
1230000.0,1225000.0,1186000.0,5000.0,44000.0
371000.0,355000.0,345000.0,16000.0,26000.0
625000.0,615000.0,615000.0,10000.0,10000.0
1151000.0,1137500.0,1149000.0,13500.0,2000.0
719900.0,716500.0,700000.0,3400.0,19900.0
1225000.0,1100000.0,1275000.0,125000.0,50000.0
1403000.0,1425000.0,1415000.0,22000.0,12000.0
1025000.0,945000.0,970000.0,80000.0,55000.0
1300000.0,1324307.0,1324307.0,24307.0,24307.0
4451000.0,4420000.0,4420000.0,31000.0,31000.0
7550000.0,7106000.0,6841211.0,444000.0,708789.0
1400000.0,1365000.0,1335000.0,35000.0,65000.0
6150000.0,5500000.0,5275000.0,650000.0,875000.0
3080000.0,2909000.0,2909000.0,171000.0,171000.0
2880000.0,2820000.0,2788000.0,60000.0,92000.0
510000.0,500000.0,511000.0,10000.0,1000.0
1025000.0,1025000.0,1025000.0,0.0,0.0
1500000.0,1555000.0,1570000.0,55000.0,70000.0
718000.0,720100.0,740000.0,2100.0,22000.0
799000.0,780000.0,781000.0,19000.0,18000.0
755000.0,764750.0,764750.0,9750.0,9750.0
415000.0,420000.0,419000.0,5000.0,4000.0
1200000.0,1080000.0,1149000.0,120000.0,51000.0
3650000.0,4005000.0,3400000.0,355000.0,250000.0
905000.0,875000.0,875000.0,30000.0,30000.0
940000.0,940000.0,935000.0,0.0,5000.0
887000.0,710000.0,693000.0,177000.0,194000.0
620000.0,599000.0,580000.0,21000.0,40000.0
1220000.0,1188000.0,1160000.0,32000.0,60000.0
690000.0,685000.0,680000.0,5000.0,10000.0
750000.0,730000.0,520000.0,20000.0,230000.0
695000.0,645000.0,645000.0,50000.0,50000.0
757000.0,780000.0,785000.0,23000.0,28000.0
4205000.0,2949000.0,2950000.0,1256000.0,1255000.0
1140000.0,925000.0,890000.0,215000.0,250000.0
1327500.0,1200000.0,1200000.0,127500.0,127500.0
820000.0,769000.0,820000.0,51000.0,0.0
434000.0,425000.0,430000.0,9000.0,4000.0
415000.0,420000.0,420000.0,5000.0,5000.0
1678000.0,1619000.0,1468000.0,59000.0,210000.0
1965525.0,1910000.0,1958645.0,55525.0,6880.0
1791216.0,1700000.0,1706000.0,91216.0,85216.0
1270000.0,1150000.0,1175000.0,120000.0,95000.0
87000.0,75000.0,85000.0,12000.0,2000.0
1393000.0,1350000.0,1350000.0,43000.0,43000.0
540000.0,535000.0,550000.0,5000.0,10000.0
1130000.0,970000.0,955000.0,160000.0,175000.0
1400000.0,1505000.0,1720000.0,105000.0,320000.0
915000.0,875000.0,850000.0,40000.0,65000.0
4890000.0,4085000.0,4900000.0,805000.0,10000.0
565286.0,565000.0,565000.0,286.0,286.0
1450000.0,1455000.0,1445000.0,5000.0,5000.0
750000.0,689000.0,715000.0,61000.0,35000.0
1500000.0,1460000.0,1500000.0,40000.0,0.0
958888.0,960000.0,948000.0,1112.0,10888.0
565000.0,530000.0,545000.0,35000.0,20000.0
4350000.0,4420000.0,4420000.0,70000.0,70000.0
545000.0,555000.0,545000.0,10000.0,0.0
2000000.0,2060000.0,1860000.0,60000.0,140000.0
3188000.0,3300000.0,3200000.0,112000.0,12000.0
985000.0,984900.0,910000.0,100.0,75000.0
1423000.0,1425000.0,1450000.0,2000.0,27000.0
4595000.0,4400000.0,4575000.0,195000.0,20000.0
535000.0,560000.0,550000.0,25000.0,15000.0
600000.0,635000.0,615000.0,35000.0,15000.0
1200000.0,1099000.0,1095000.0,101000.0,105000.0
1370000.0,1400000.0,1400000.0,30000.0,30000.0
1250000.0,1150000.0,1173000.0,100000.0,77000.0
840000.0,800000.0,800000.0,40000.0,40000.0
725000.0,699999.0,711000.0,25001.0,14000.0
6960000.0,6600000.0,6600000.0,360000.0,360000.0
1085000.0,975000.0,1030000.0,110000.0,55000.0
810186.0,860000.0,875000.0,49814.0,64814.0
1260000.0,1160000.0,1200000.0,100000.0,60000.0
2050000.0,1636750.0,1875000.0,413250.0,175000.0
757428.0,750000.0,725000.0,7428.0,32428.0
645000.0,617500.0,617500.0,27500.0,27500.0
1300000.0,1300000.0,1285000.0,0.0,15000.0
1350000.0,1333000.0,1350008.0,17000.0,8.0
1325000.0,1300000.0,1300000.0,25000.0,25000.0
575000.0,640000.0,609000.0,65000.0,34000.0
365000.0,330000.0,329000.0,35000.0,36000.0
1275000.0,1200000.0,1200000.0,75000.0,75000.0
2325000.0,1766266.0,1700000.0,558734.0,625000.0
1075000.0,1055000.0,980000.0,20000.0,95000.0
1200000.0,1199000.0,1180000.0,1000.0,20000.0
920000.0,922500.0,900000.0,2500.0,20000.0
642500.0,642000.0,642000.0,500.0,500.0
970000.0,1005000.0,965000.0,35000.0,5000.0
445000.0,365000.0,385000.0,80000.0,60000.0
2120000.0,1950000.0,2050000.0,170000.0,70000.0
730000.0,725000.0,725000.0,5000.0,5000.0
1700000.0,1690000.0,1690000.0,10000.0,10000.0
1425000.0,1220000.0,1400000.0,205000.0,25000.0
366000.0,365000.0,369000.0,1000.0,3000.0
980000.0,1000000.0,1012000.0,20000.0,32000.0
290000.0,272500.0,272500.0,17500.0,17500.0
1505000.0,1375000.0,1335000.0,130000.0,170000.0
1135000.0,1140000.0,1123000.0,5000.0,12000.0
2125000.0,2075000.0,2000000.0,50000.0,125000.0
3700000.0,3550000.0,3550000.0,150000.0,150000.0
650000.0,650000.0,650000.0,0.0,0.0
750000.0,750000.0,750000.0,0.0,0.0
419000.0,415000.0,420000.0,4000.0,1000.0
325000.0,330000.0,320000.0,5000.0,5000.0
1600000.0,1320000.0,1092000.0,280000.0,508000.0
505000.0,510000.0,520000.0,5000.0,15000.0
912500.0,925000.0,1056000.0,12500.0,143500.0
635000.0,635000.0,620000.0,0.0,15000.0
1070000.0,1010000.0,1100000.0,60000.0,30000.0
1035000.0,995000.0,1030000.0,40000.0,5000.0
675000.0,675000.0,665000.0,0.0,10000.0
965000.0,900000.0,945000.0,65000.0,20000.0
655000.0,659000.0,659900.0,4000.0,4900.0
600000.0,587000.0,610000.0,13000.0,10000.0
856000.0,760000.0,825000.0,96000.0,31000.0
1169000.0,1136000.0,1136000.0,33000.0,33000.0
308000.0,315000.0,305000.0,7000.0,3000.0
725000.0,735000.0,705000.0,10000.0,20000.0
1460000.0,1588500.0,1575000.0,128500.0,115000.0
2300000.0,2350000.0,2225000.0,50000.0,75000.0
1515000.0,1570000.0,1570000.0,55000.0,55000.0
4875000.0,4750000.0,5200000.0,125000.0,325000.0
3500000.0,3350000.0,3550000.0,150000.0,50000.0
410000.0,405000.0,404900.0,5000.0,5100.0
665000.0,600000.0,600000.0,65000.0,65000.0
378000.0,370000.0,370000.0,8000.0,8000.0
810000.0,829000.0,835000.0,19000.0,25000.0
1550000.0,1400000.0,1400000.0,150000.0,150000.0
3850000.0,3762000.0,3700000.0,88000.0,150000.0
620000.0,645000.0,637500.0,25000.0,17500.0
625000.0,625000.0,645000.0,0.0,20000.0
450000.0,440000.0,460000.0,10000.0,10000.0
2850000.0,3200000.0,3200000.0,350000.0,350000.0
1415000.0,1530000.0,1350000.0,115000.0,65000.0
1105000.0,1175000.0,1175000.0,70000.0,70000.0
576000.0,565000.0,565000.0,11000.0,11000.0
4350000.0,3898000.0,3810000.0,452000.0,540000.0
327500.0,285000.0,275000.0,42500.0,52500.0
675000.0,725000.0,670000.0,50000.0,5000.0
1175000.0,1325000.0,1173000.0,150000.0,2000.0
910000.0,869000.0,878000.0,41000.0,32000.0
1415000.0,1310000.0,1350000.0,105000.0,65000.0
1215000.0,1450000.0,1315000.0,235000.0,100000.0
1300000.0,1298000.0,1300000.0,2000.0,0.0
474990.0,476912.0,475000.0,1922.0,10.0
865000.0,865000.0,850000.0,0.0,15000.0
1645500.0,1652000.0,1580000.0,6500.0,65500.0
1450000.0,1420000.0,1378000.0,30000.0,72000.0
2950000.0,2708888.0,2708888.0,241112.0,241112.0
650000.0,605000.0,568000.0,45000.0,82000.0
805000.0,880000.0,839900.0,75000.0,34900.0
1725000.0,1405327.0,1560000.0,319673.0,165000.0
1250000.0,1100000.0,1203000.0,150000.0,47000.0
5050000.0,3988888.0,3900000.0,1061112.0,1150000.0
1350000.0,1370000.0,1570000.0,20000.0,220000.0
350000.0,385000.0,395000.0,35000.0,45000.0
1435000.0,1200000.0,1200000.0,235000.0,235000.0
1070000.0,1090000.0,1048000.0,20000.0,22000.0
790000.0,775000.0,775000.0,15000.0,15000.0
1300000.0,1300000.0,1135000.0,0.0,165000.0
593000.0,545000.0,472000.0,48000.0,121000.0
410000.0,415000.0,410000.0,5000.0,0.0
459000.0,459000.0,465000.0,0.0,6000.0
705000.0,700000.0,700000.0,5000.0,5000.0
1850000.0,1475000.0,1540000.0,375000.0,310000.0
718000.0,725000.0,725000.0,7000.0,7000.0
1710000.0,1590000.0,1690000.0,120000.0,20000.0
717000.0,725000.0,980000.0,8000.0,263000.0
535000.0,415000.0,430000.0,120000.0,105000.0
825000.0,835000.0,825000.0,10000.0,0.0
2250000.0,2600000.0,2290000.0,350000.0,40000.0
1375000.0,1349999.0,1325000.0,25001.0,50000.0
1880000.0,1850000.0,1700000.0,30000.0,180000.0
799000.0,805000.0,803000.0,6000.0,4000.0
521900.0,510000.0,550000.0,11900.0,28100.0
2595000.0,2400000.0,2755000.0,195000.0,160000.0
1799000.0,1810000.0,1725000.0,11000.0,74000.0
2300000.0,2190000.0,2235000.0,110000.0,65000.0
680000.0,690000.0,682000.0,10000.0,2000.0
799000.0,787000.0,800000.0,12000.0,1000.0
1020000.0,1308888.0,1260000.0,288888.0,240000.0
465000.0,460000.0,435000.0,5000.0,30000.0
2550000.0,2400000.0,2400000.0,150000.0,150000.0
690000.0,700000.0,740000.0,10000.0,50000.0
607000.0,560000.0,595000.0,47000.0,12000.0
940000.0,905000.0,905000.0,35000.0,35000.0
1055000.0,1085000.0,1020000.0,30000.0,35000.0
910000.0,895000.0,910000.0,15000.0,0.0
750000.0,780000.0,730000.0,30000.0,20000.0
1487500.0,1535000.0,1555555.0,47500.0,68055.0
650000.0,615000.0,595000.0,35000.0,55000.0
1069450.0,1160000.0,1050000.0,90550.0,19450.0
1650000.0,1700000.0,1775000.0,50000.0,125000.0
4635000.0,3400000.0,3945000.0,1235000.0,690000.0
299900.0,295000.0,305000.0,4900.0,5100.0
2200000.0,2395000.0,2409000.0,195000.0,209000.0
900000.0,998700.0,1050000.0,98700.0,150000.0
4500000.0,4600000.0,4385000.0,100000.0,115000.0
2505000.0,2305000.0,2210000.0,200000.0,295000.0
775000.0,770000.0,775000.0,5000.0,0.0
899000.0,972000.0,972000.0,73000.0,73000.0
4700000.0,4850000.0,4525000.0,150000.0,175000.0
1675000.0,1649000.0,1575000.0,26000.0,100000.0
2500000.0,2300000.0,1850000.0,200000.0,650000.0
2525000.0,2500000.0,2525000.0,25000.0,0.0
835000.0,825000.0,805000.0,10000.0,30000.0
750000.0,760000.0,712000.0,10000.0,38000.0
900000.0,845000.0,807500.0,55000.0,92500.0
795000.0,720000.0,730000.0,75000.0,65000.0
2900000.0,3250000.0,3100000.0,350000.0,200000.0
1325000.0,1345000.0,1200000.0,20000.0,125000.0
1650000.0,1650000.0,1700000.0,0.0,50000.0
2000000.0,2060000.0,2060000.0,60000.0,60000.0
775000.0,769000.0,781000.0,6000.0,6000.0
2650000.0,2310000.0,2325000.0,340000.0,325000.0
1925500.0,2125000.0,2125000.0,199500.0,199500.0
2450000.0,1885000.0,1885000.0,565000.0,565000.0
905000.0,890000.0,875000.0,15000.0,30000.0
1100000.0,1130000.0,1125000.0,30000.0,25000.0
1300000.0,1200000.0,1210000.0,100000.0,90000.0
4400000.0,4200000.0,4350000.0,200000.0,50000.0
1259500.0,1300000.0,1200000.0,40500.0,59500.0
1115000.0,1211000.0,1152500.0,96000.0,37500.0
780000.0,730000.0,818000.0,50000.0,38000.0
844000.0,830000.0,850000.0,14000.0,6000.0
550000.0,545000.0,548000.0,5000.0,2000.0
850000.0,835000.0,829500.0,15000.0,20500.0
1450000.0,1400000.0,1377800.0,50000.0,72200.0
520000.0,505000.0,50200.0,15000.0,469800.0
1988888.0,2090000.0,1900000.0,101112.0,88888.0
1650000.0,1338888.0,1400000.0,311112.0,250000.0
780000.0,925000.0,830000.0,145000.0,50000.0
1202000.0,1075000.0,1053000.0,127000.0,149000.0
315000.0,310000.0,31000.0,5000.0,284000.0
1400000.0,1348000.0,1428000.0,52000.0,28000.0
1135000.0,1025000.0,1100000.0,110000.0,35000.0
855000.0,860000.0,821128.0,5000.0,33872.0
1695000.0,1495000.0,1350000.0,200000.0,345000.0
645000.0,695000.0,660000.0,50000.0,15000.0
535000.0,510000.0,490000.0,25000.0,45000.0
1450000.0,1400000.0,1400000.0,50000.0,50000.0
1709675.0,1450000.0,1570000.0,259675.0,139675.0
1758000.0,1835000.0,1678000.0,77000.0,80000.0
368000.0,389900.0,385000.0,21900.0,17000.0
1484000.0,1530000.0,1455000.0,46000.0,29000.0
815000.0,770000.0,895000.0,45000.0,80000.0
473880.0,445000.0,425000.0,28880.0,48880.0
710000.0,650000.0,695000.0,60000.0,15000.0
750333.0,750000.0,750000.0,333.0,333.0
1800000.0,1750000.0,1767500.0,50000.0,32500.0
867000.0,845000.0,900000.0,22000.0,33000.0
395000.0,395000.0,420000.0,0.0,25000.0
1010000.0,1040000.0,1055000.0,30000.0,45000.0
1450000.0,1350000.0,1500000.0,100000.0,50000.0
875000.0,840000.0,855000.0,35000.0,20000.0
374250.0,359000.0,359000.0,15250.0,15250.0
1435000.0,1389000.0,1360000.0,46000.0,75000.0
2900000.0,2600000.0,3155000.0,300000.0,255000.0
3488000.0,3100000.0,3500000.0,388000.0,12000.0
680000.0,700000.0,706000.0,20000.0,26000.0
5052081.0,4650000.0,4625000.0,402081.0,427081.0
480000.0,459999.0,470000.0,20001.0,10000.0
1025000.0,1030000.0,1035000.0,5000.0,10000.0
435000.0,425000.0,425000.0,10000.0,10000.0
595000.0,615000.0,605000.0,20000.0,10000.0
3100000.0,3403000.0,4100000.0,303000.0,1000000.0
1180000.0,1250000.0,1150000.0,70000.0,30000.0
660000.0,675000.0,686000.0,15000.0,26000.0
875000.0,825000.0,879000.0,50000.0,4000.0
1650000.0,1251000.0,1600000.0,399000.0,50000.0
1203663.0,1035000.0,1000000.0,168663.0,203663.0
630000.0,535000.0,525000.0,95000.0,105000.0
733000.0,725000.0,650000.0,8000.0,83000.0
435000.0,434900.0,425000.0,100.0,10000.0
3200000.0,3100000.0,3200000.0,100000.0,0.0
1560000.0,1625000.0,1587777.0,65000.0,27777.0
4850000.0,4150000.0,4150000.0,700000.0,700000.0
1040000.0,1257500.0,1257500.0,217500.0,217500.0
1622500.0,1600000.0,1626000.0,22500.0,3500.0
1299000.0,1290000.0,1298000.0,9000.0,1000.0
9000000.0,7365000.0,8600000.0,1635000.0,400000.0
605000.0,592000.0,601500.0,13000.0,3500.0
470000.0,450000.0,454990.0,20000.0,15010.0
2189888.0,2420000.0,2176750.0,230112.0,13138.0
1220000.0,1175000.0,1010000.0,45000.0,210000.0
1205000.0,1245000.0,1250000.0,40000.0,45000.0
520000.0,520000.0,520000.0,0.0,0.0
1489000.0,1350000.0,1349000.0,139000.0,140000.0
15500000.0,13000000.0,13000000.0,2500000.0,2500000.0
1038000.0,1075000.0,1170000.0,37000.0,132000.0
722500.0,695000.0,695000.0,27500.0,27500.0
1567500.0,1680000.0,1550000.0,112500.0,17500.0
1020000.0,950000.0,1120000.0,70000.0,100000.0
730000.0,720000.0,735000.0,10000.0,5000.0
730000.0,790000.0,790000.0,60000.0,60000.0
885000.0,795000.0,795000.0,90000.0,90000.0
430000.0,435000.0,430000.0,5000.0,0.0
1150000.0,1090000.0,1110000.0,60000.0,40000.0
1900000.0,2030000.0,1900000.0,130000.0,0.0
886900.0,855000.0,870000.0,31900.0,16900.0
745000.0,745000.0,746000.0,0.0,1000.0
1100000.0,1095000.0,1075000.0,5000.0,25000.0
5800000.0,5500000.0,5500000.0,300000.0,300000.0
961250.0,1088888.0,1088888.0,127638.0,127638.0
2375000.0,2300000.0,2300000.0,75000.0,75000.0
435000.0,445000.0,434990.0,10000.0,10.0
4100000.0,4520000.0,3750000.0,420000.0,350000.0
2510000.0,2400000.0,2400000.0,110000.0,110000.0
820000.0,880000.0,885000.0,60000.0,65000.0
846500.0,850000.0,850000.0,3500.0,3500.0
805000.0,646750.0,646750.0,158250.0,158250.0
340000.0,340000.0,336000.0,0.0,4000.0
825000.0,816990.0,820000.0,8010.0,5000.0
980000.0,965000.0,941000.0,15000.0,39000.0
1573000.0,1599900.0,1600000.0,26900.0,27000.0
1685000.0,1683000.0,1639000.0,2000.0,46000.0
2550000.0,2450000.0,2435000.0,100000.0,115000.0
2870000.0,2640000.0,2760000.0,230000.0,110000.0
720000.0,700000.0,710000.0,20000.0,10000.0
1999000.0,1900000.0,1990000.0,99000.0,9000.0
1125000.0,1000000.0,1110000.0,125000.0,15000.0
868000.0,585000.0,549900.0,283000.0,318100.0
890000.0,879000.0,880000.0,11000.0,10000.0
1725000.0,1725000.0,1400000.0,0.0,325000.0
820000.0,835000.0,845000.0,15000.0,25000.0
1455000.0,1460000.0,1550000.0,5000.0,95000.0
1020000.0,1050000.0,1049999.0,30000.0,29999.0
699800.0,760000.0,750000.0,60200.0,50200.0
2800000.0,2750000.0,2750000.0,50000.0,50000.0
850000.0,835000.0,840000.0,15000.0,10000.0
1226500.0,1150000.0,1140000.0,76500.0,86500.0
1258000.0,1235000.0,1325000.0,23000.0,67000.0
2700000.0,2850000.0,2475000.0,150000.0,225000.0
955000.0,950000.0,964000.0,5000.0,9000.0
1775000.0,1787500.0,1805000.0,12500.0,30000.0
687000.0,700000.0,689900.0,13000.0,2900.0
972000.0,980000.0,949900.0,8000.0,22100.0
2097000.0,1963000.0,2038000.0,134000.0,59000.0
900000.0,905000.0,925000.0,5000.0,25000.0
510000.0,525000.0,532000.0,15000.0,22000.0
600000.0,560000.0,587000.0,40000.0,13000.0
2575000.0,2390000.0,2495000.0,185000.0,80000.0
2717000.0,2820000.0,2780000.0,103000.0,63000.0
2150000.0,1575000.0,1850000.0,575000.0,300000.0
3005000.0,3750000.0,3750000.0,745000.0,745000.0
2700000.0,2286474.0,2450000.0,413526.0,250000.0
995000.0,965000.0,975000.0,30000.0,20000.0
570000.0,565000.0,578000.0,5000.0,8000.0
774000.0,775000.0,770000.0,1000.0,4000.0
887000.0,915000.0,889000.0,28000.0,2000.0
2625000.0,2700000.0,2850000.0,75000.0,225000.0
986000.0,911000.0,870000.0,75000.0,116000.0
2600000.0,2500000.0,2265000.0,100000.0,335000.0
539000.0,539000.0,539000.0,0.0,0.0
1180000.0,1140000.0,1145000.0,40000.0,35000.0
1225000.0,1300000.0,1299000.0,75000.0,74000.0
695000.0,685000.0,700000.0,10000.0,5000.0
780000.0,805000.0,805000.0,25000.0,25000.0
1170000.0,1050000.0,1075000.0,120000.0,95000.0
2210000.0,2200000.0,2200000.0,10000.0,10000.0
830000.0,775000.0,750000.0,55000.0,80000.0
1650000.0,1645000.0,1461250.0,5000.0,188750.0
2200000.0,2590000.0,2590000.0,390000.0,390000.0
800000.0,825000.0,810000.0,25000.0,10000.0
1750000.0,1650000.0,1700000.0,100000.0,50000.0
2380000.0,2100000.0,2150000.0,280000.0,230000.0
38000.0,8000.0,18000.0,30000.0,20000.0
1355000.0,1295000.0,1299000.0,60000.0,56000.0
1350000.0,1330000.0,1280000.0,20000.0,70000.0
365000.0,330000.0,355500.0,35000.0,9500.0
850000.0,780000.0,770000.0,70000.0,80000.0
3165000.0,2925000.0,2620000.0,240000.0,545000.0
1275000.0,1305000.0,1300000.0,30000.0,25000.0
390000.0,385000.0,360000.0,5000.0,30000.0
375000.0,380000.0,370000.0,5000.0,5000.0
624000.0,582000.0,620000.0,42000.0,4000.0
2600000.0,2550000.0,2375000.0,50000.0,225000.0
345000.0,327000.0,327000.0,18000.0,18000.0
940000.0,915000.0,917375.0,25000.0,22625.0
435000.0,435000.0,435000.0,0.0,0.0
424950.0,420000.0,420000.0,4950.0,4950.0
2270000.0,2200000.0,2160000.0,70000.0,110000.0
850000.0,860000.0,850000.0,10000.0,0.0
575000.0,585000.0,585000.0,10000.0,10000.0
475000.0,475000.0,496000.0,0.0,21000.0
990000.0,1025000.0,1011000.0,35000.0,21000.0
665000.0,659000.0,637500.0,6000.0,27500.0
1700000.0,1758000.0,1680000.0,58000.0,20000.0
1269900.0,1300000.0,1325000.0,30100.0,55100.0
1725000.0,1750000.0,1807000.0,25000.0,82000.0
3066000.0,2998000.0,2638000.0,68000.0,428000.0
790000.0,819000.0,818000.0,29000.0,28000.0
1355000.0,1250000.0,1275000.0,105000.0,80000.0
1750000.0,1825000.0,1800000.0,75000.0,50000.0
1590000.0,1475000.0,1455000.0,115000.0,135000.0
2185000.0,2185000.0,2095000.0,0.0,90000.0
871000.0,837000.0,885000.0,34000.0,14000.0
1390000.0,1321000.0,1321000.0,69000.0,69000.0
760000.0,763000.0,755000.0,3000.0,5000.0
109999.0,125500.0,107500.0,15501.0,2499.0
3590000.0,3415000.0,3600000.0,175000.0,10000.0
495000.0,485000.0,500189.0,10000.0,5189.0
1100000.0,975000.0,965000.0,125000.0,135000.0
649900.0,654000.0,640000.0,4100.0,9900.0
1805000.0,1800000.0,1820000.0,5000.0,15000.0
1090000.0,1130000.0,1090000.0,40000.0,0.0
775000.0,785000.0,820000.0,10000.0,45000.0
1300000.0,1050000.0,1080000.0,250000.0,220000.0
1100000.0,1130000.0,1130000.0,30000.0,30000.0
8415000.0,7000000.0,7000000.0,1415000.0,1415000.0
800000.0,758000.0,760000.0,42000.0,40000.0
1900000.0,1649000.0,1580000.0,251000.0,320000.0
433000.0,429990.0,436000.0,3010.0,3000.0
579000.0,561000.0,585000.0,18000.0,6000.0
555000.0,530000.0,539490.0,25000.0,15510.0
790000.0,775000.0,770000.0,15000.0,20000.0
825000.0,810000.0,810000.0,15000.0,15000.0
549000.0,525000.0,550000.0,24000.0,1000.0
1080000.0,1050000.0,1070000.0,30000.0,10000.0
375000.0,391000.0,375000.0,16000.0,0.0
408800.0,362500.0,400000.0,46300.0,8800.0
655000.0,660000.0,655000.0,5000.0,0.0
3464000.0,3225000.0,3295000.0,239000.0,169000.0
3520000.0,3400000.0,3046000.0,120000.0,474000.0
1800000.0,1600000.0,1480000.0,200000.0,320000.0
1180000.0,1135000.0,1261275.0,45000.0,81275.0
449000.0,455000.0,455000.0,6000.0,6000.0
1430000.0,1350000.0,1180000.0,80000.0,250000.0
1203000.0,1250000.0,1250000.0,47000.0,47000.0
640000.0,655000.0,650000.0,15000.0,10000.0
955500.0,865000.0,865000.0,90500.0,90500.0
400000.0,387500.0,399000.0,12500.0,1000.0
1000000.0,965000.0,1025000.0,35000.0,25000.0
1575150.0,1475000.0,1489000.0,100150.0,86150.0
799000.0,830000.0,799000.0,31000.0,0.0
910000.0,831600.0,880000.0,78400.0,30000.0
240000.0,240000.0,239000.0,0.0,1000.0
575000.0,579000.0,559000.0,4000.0,16000.0
889000.0,900000.0,7200000.0,11000.0,6311000.0
930000.0,870000.0,885000.0,60000.0,45000.0
1555000.0,1550000.0,1595000.0,5000.0,40000.0
230000.0,185000.0,183500.0,45000.0,46500.0
670000.0,649950.0,650000.0,20050.0,20000.0
1460000.0,1555000.0,1475000.0,95000.0,15000.0
830000.0,760000.0,745000.0,70000.0,85000.0
1150000.0,1100000.0,1099000.0,50000.0,51000.0
330000.0,350000.0,349900.0,20000.0,19900.0
1475000.0,1395000.0,1485000.0,80000.0,10000.0
965000.0,850000.0,875000.0,115000.0,90000.0
588000.0,640000.0,590000.0,52000.0,2000.0
590000.0,585000.0,580000.0,5000.0,10000.0
1553000.0,1160000.0,1080000.0,393000.0,473000.0
745000.0,750000.0,750000.0,5000.0,5000.0
988800.0,785000.0,788000.0,203800.0,200800.0
1510000.0,1380000.0,1600000.0,130000.0,90000.0
730000.0,695000.0,790000.0,35000.0,60000.0
2025000.0,1950000.0,1988000.0,75000.0,37000.0
2970000.0,2980000.0,3000000.0,10000.0,30000.0
800000.0,770000.0,800000.0,30000.0,0.0
1350000.0,1350000.0,1354000.0,0.0,4000.0
2400000.0,3050000.0,2195000.0,650000.0,205000.0
1049000.0,800000.0,800000.0,249000.0,249000.0
870000.0,730000.0,795000.0,140000.0,75000.0
575000.0,601500.0,585000.0,26500.0,10000.0
3100000.0,2800000.0,2800000.0,300000.0,300000.0
539000.0,539000.0,500888.0,0.0,38112.0
2860000.0,3000000.0,2800000.0,140000.0,60000.0
930000.0,990000.0,970000.0,60000.0,40000.0
1630000.0,1575000.0,1588438.0,55000.0,41562.0
1180000.0,1130000.0,1177000.0,50000.0,3000.0
2153000.0,2211000.0,2211000.0,58000.0,58000.0
975000.0,980000.0,1102000.0,5000.0,127000.0
1730000.0,1499000.0,1425000.0,231000.0,305000.0
890000.0,875000.0,875000.0,15000.0,15000.0
860000.0,970000.0,888000.0,110000.0,28000.0
965000.0,956000.0,956000.0,9000.0,9000.0
585000.0,610000.0,580000.0,25000.0,5000.0
440000.0,410000.0,409500.0,30000.0,30500.0
2099000.0,2190000.0,1850000.0,91000.0,249000.0
3000000.0,1950000.0,1925000.0,1050000.0,1075000.0
525000.0,525000.0,525000.0,0.0,0.0
1850000.0,1800000.0,1810000.0,50000.0,40000.0
2353000.0,2300000.0,2460000.0,53000.0,107000.0
865000.0,804000.0,805000.0,61000.0,60000.0
2000000.0,2395000.0,2395000.0,395000.0,395000.0
1118000.0,1310000.0,1200000.0,192000.0,82000.0
1510000.0,1550000.0,1650000.0,40000.0,140000.0
2880000.0,2900000.0,2860000.0,20000.0,20000.0
1760000.0,1640000.0,1600000.0,120000.0,160000.0
875000.0,849900.0,850000.0,25100.0,25000.0
860000.0,860000.0,850000.0,0.0,10000.0
470000.0,390000.0,415000.0,80000.0,55000.0
850000.0,829000.0,935000.0,21000.0,85000.0
899500.0,900000.0,905000.0,500.0,5500.0
1727000.0,1400000.0,1400000.0,327000.0,327000.0
735000.0,725000.0,725000.0,10000.0,10000.0
875000.0,899000.0,895000.0,24000.0,20000.0
951000.0,920000.0,915000.0,31000.0,36000.0
1660000.0,1555000.0,1555000.0,105000.0,105000.0
600000.0,575000.0,575000.0,25000.0,25000.0
1851000.0,1817000.0,1750000.0,34000.0,101000.0
419500.0,419900.0,430000.0,400.0,10500.0
175000.0,147000.0,155000.0,28000.0,20000.0
1269000.0,1270000.0,1280000.0,1000.0,11000.0
770000.0,770000.0,770000.0,0.0,0.0
927000.0,900000.0,860000.0,27000.0,67000.0
2950000.0,2930000.0,2930000.0,20000.0,20000.0
650000.0,640000.0,635000.0,10000.0,15000.0
1180000.0,1130000.0,1030000.0,50000.0,150000.0
3020000.0,2465000.0,2650000.0,555000.0,370000.0
684000.0,680000.0,680000.0,4000.0,4000.0
1875000.0,1860000.0,1760000.0,15000.0,115000.0
1785000.0,1800000.0,1820000.0,15000.0,35000.0
5150000.0,4464000.0,4400000.0,686000.0,750000.0
975000.0,1005000.0,1005000.0,30000.0,30000.0
885000.0,840000.0,855000.0,45000.0,30000.0
2825000.0,2850000.0,2976552.0,25000.0,151552.0
2400000.0,2200000.0,2100000.0,200000.0,300000.0
925000.0,908880.0,940000.0,16120.0,15000.0
2210000.0,1950000.0,1880000.0,260000.0,330000.0
479000.0,479000.0,485000.0,0.0,6000.0
735000.0,750000.0,755000.0,15000.0,20000.0
730000.0,750000.0,700000.0,20000.0,30000.0
3500000.0,3200000.0,3550000.0,300000.0,50000.0
2185000.0,2305000.0,3050000.0,120000.0,865000.0
1400000.0,1349999.0,1350000.0,50001.0,50000.0
749000.0,750000.0,750000.0,1000.0,1000.0
1190000.0,1175000.0,1175000.0,15000.0,15000.0
4650000.0,4195000.0,4195000.0,455000.0,455000.0
1293600.0,1175000.0,1200000.0,118600.0,93600.0
1461580.0,1195000.0,1400000.0,266580.0,61580.0
1650000.0,1650000.0,1650000.0,0.0,0.0
2098000.0,2150000.0,1950000.0,52000.0,148000.0
1560000.0,1470000.0,1530000.0,90000.0,30000.0
613000.0,635000.0,610000.0,22000.0,3000.0
1385000.0,1425000.0,1380000.0,40000.0,5000.0
3230000.0,3680000.0,3255000.0,450000.0,25000.0
1220670.0,1509000.0,1509000.0,288330.0,288330.0
1300000.0,1349000.0,1052000.0,49000.0,248000.0
2605000.0,2450000.0,2375000.0,155000.0,230000.0
850502.0,730000.0,727500.0,120502.0,123002.0
1025000.0,975000.0,990000.0,50000.0,35000.0
520000.0,430000.0,430000.0,90000.0,90000.0
1590000.0,1570000.0,1709000.0,20000.0,119000.0
699000.0,685000.0,730000.0,14000.0,31000.0
635000.0,650000.0,646000.0,15000.0,11000.0
619000.0,630000.0,600000.0,11000.0,19000.0
1090000.0,1005000.0,1022000.0,85000.0,68000.0
995000.0,965000.0,994500.0,30000.0,500.0
3400000.0,3500000.0,3425000.0,100000.0,25000.0
445000.0,445000.0,434900.0,0.0,10100.0
1800000.0,2590000.0,2238000.0,790000.0,438000.0
810000.0,660000.0,650000.0,150000.0,160000.0
1993365.0,2020000.0,2020000.0,26635.0,26635.0
505000.0,425000.0,425000.0,80000.0,80000.0
6175000.0,5295000.0,4525000.0,880000.0,1650000.0
1700000.0,1585000.0,1585000.0,115000.0,115000.0
425000.0,415000.0,415000.0,10000.0,10000.0
927000.0,974000.0,974000.0,47000.0,47000.0
2512000.0,2928000.0,2928000.0,416000.0,416000.0
1285000.0,1225000.0,1200000.0,60000.0,85000.0
922000.0,935000.0,915000.0,13000.0,7000.0
2060000.0,2450000.0,2200000.0,390000.0,140000.0
900000.0,893000.0,880000.0,7000.0,20000.0
980000.0,905000.0,1000000.0,75000.0,20000.0
2270000.0,1950000.0,1950000.0,320000.0,320000.0
1475000.0,1704300.0,1620000.0,229300.0,145000.0
2385000.0,2400000.0,2555000.0,15000.0,170000.0
2580000.0,2600000.0,2705000.0,20000.0,125000.0
1115000.0,1053000.0,1110000.0,62000.0,5000.0
875000.0,875000.0,865000.0,0.0,10000.0
874000.0,775000.0,775000.0,99000.0,99000.0
1470000.0,1410000.0,1480000.0,60000.0,10000.0
2050000.0,2200000.0,2110000.0,150000.0,60000.0
520000.0,500000.0,475000.0,20000.0,45000.0
1000000.0,935000.0,950000.0,65000.0,50000.0
520000.0,485000.0,490000.0,35000.0,30000.0
730000.0,705000.0,725000.0,25000.0,5000.0
1130000.0,1145000.0,1150000.0,15000.0,20000.0
1205000.0,1200000.0,1200000.0,5000.0,5000.0
1299900.0,1370000.0,1265000.0,70100.0,34900.0
2620000.0,2609618.0,2550000.0,10382.0,70000.0
875000.0,872800.0,870000.0,2200.0,5000.0
1395000.0,1205800.0,1340000.0,189200.0,55000.0
1127500.0,1100000.0,1100000.0,27500.0,27500.0
950000.0,932000.0,945000.0,18000.0,5000.0
536000.0,535000.0,535000.0,1000.0,1000.0
1330000.0,1282000.0,1282000.0,48000.0,48000.0
4200000.0,3350000.0,3966000.0,850000.0,234000.0
1533500.0,1550000.0,1549000.0,16500.0,15500.0
1450000.0,1471310.0,1400000.0,21310.0,50000.0
1675000.0,1495000.0,1560500.0,180000.0,114500.0
1250000.0,1090000.0,1110000.0,160000.0,140000.0
1160000.0,1260000.0,1150000.0,100000.0,10000.0
1463000.0,1350000.0,1355000.0,113000.0,108000.0
1557500.0,1500000.0,1550000.0,57500.0,7500.0
1485000.0,1435000.0,1435000.0,50000.0,50000.0
1040000.0,1007000.0,999000.0,33000.0,41000.0
805000.0,775000.0,795000.0,30000.0,10000.0
350000.0,355000.0,350000.0,5000.0,0.0
650000.0,585000.0,600000.0,65000.0,50000.0
660000.0,675000.0,718000.0,15000.0,58000.0
159000.0,177500.0,165000.0,18500.0,6000.0
865000.0,775000.0,818000.0,90000.0,47000.0
1350000.0,1230000.0,1205000.0,120000.0,145000.0
975000.0,953000.0,975000.0,22000.0,0.0
801000.0,730000.0,750000.0,71000.0,51000.0
780726.0,815000.0,825000.0,34274.0,44274.0
320000.0,245000.0,305000.0,75000.0,15000.0
773567.0,750000.0,780000.0,23567.0,6433.0
2125000.0,2010000.0,1958000.0,115000.0,167000.0
3100000.0,2850000.0,3100000.0,250000.0,0.0
677000.0,630000.0,629402.0,47000.0,47598.0
1275750.0,1200000.0,1250000.0,75750.0,25750.0
1023750.0,996000.0,1080000.0,27750.0,56250.0
805000.0,800000.0,810000.0,5000.0,5000.0
1185000.0,1211000.0,1180000.0,26000.0,5000.0
1585000.0,1480000.0,1450000.0,105000.0,135000.0
560000.0,565000.0,570000.0,5000.0,10000.0
1000000.0,999000.0,1100000.0,1000.0,100000.0
1600000.0,1700000.0,1550000.0,100000.0,50000.0
4295000.0,4000000.0,3960000.0,295000.0,335000.0
1097000.0,1049900.0,1135000.0,47100.0,38000.0
1405000.0,1452860.0,1313000.0,47860.0,92000.0
1280888.0,1360000.0,1600000.0,79112.0,319112.0
2100000.0,2000000.0,2100000.0,100000.0,0.0
1700000.0,1750000.0,1655000.0,50000.0,45000.0
1480000.0,1300000.0,1300000.0,180000.0,180000.0
1260000.0,1280000.0,1100000.0,20000.0,160000.0
1395000.0,1389000.0,1395000.0,6000.0,0.0
1813500.0,1749000.0,1665000.0,64500.0,148500.0
1950000.0,1945000.0,1975000.0,5000.0,25000.0
1150000.0,1085000.0,1100000.0,65000.0,50000.0
615000.0,610000.0,620000.0,5000.0,5000.0
650000.0,683000.0,625000.0,33000.0,25000.0
1230000.0,1140000.0,1070000.0,90000.0,160000.0
1280000.0,1110000.0,1180000.0,170000.0,100000.0
2005000.0,1450000.0,1400000.0,555000.0,605000.0
799000.0,765000.0,765000.0,34000.0,34000.0
4900000.0,4000000.0,4000000.0,900000.0,900000.0
1000000.0,990000.0,1000000.0,10000.0,0.0
650000.0,670000.0,655000.0,20000.0,5000.0
419999.0,410000.0,410000.0,9999.0,9999.0
930000.0,853000.0,925000.0,77000.0,5000.0
425000.0,22275.0,385000.0,402725.0,40000.0
561000.0,700000.0,655000.0,139000.0,94000.0
775000.0,750000.0,751000.0,25000.0,24000.0
1550000.0,1617000.0,1550000.0,67000.0,0.0
1525000.0,1450000.0,1530000.0,75000.0,5000.0
349500.0,350000.0,349900.0,500.0,400.0
1450000.0,1420000.0,1352930.0,30000.0,97070.0
1000000.0,1002000.0,1002000.0,2000.0,2000.0
630000.0,599000.0,665000.0,31000.0,35000.0
355000.0,350000.0,354500.0,5000.0,500.0
1190000.0,1075000.0,1075000.0,115000.0,115000.0
3600000.0,3528000.0,3000000.0,72000.0,600000.0
1101575.0,1155000.0,1110000.0,53425.0,8425.0
1495000.0,1555000.0,1497317.0,60000.0,2317.0
1763000.0,1880000.0,1815000.0,117000.0,52000.0
1755000.0,1400000.0,1525000.0,355000.0,230000.0
675000.0,674500.0,675000.0,500.0,0.0
807500.0,765000.0,878000.0,42500.0,70500.0
850000.0,800000.0,850000.0,50000.0,0.0
3650000.0,3500000.0,3750000.0,150000.0,100000.0
1125000.0,1075000.0,1088000.0,50000.0,37000.0
5000000.0,4406000.0,4225000.0,594000.0,775000.0
1065000.0,980000.0,972000.0,85000.0,93000.0
580000.0,600000.0,500000.0,20000.0,80000.0
800000.0,768000.0,749000.0,32000.0,51000.0
863000.0,855000.0,895000.0,8000.0,32000.0
1019230.0,1150000.0,925000.0,130770.0,94230.0
480000.0,480000.0,480000.0,0.0,0.0
505000.0,485000.0,485000.0,20000.0,20000.0
870000.0,835000.0,805000.0,35000.0,65000.0
880000.0,855000.0,882500.0,25000.0,2500.0
500000.0,462000.0,500000.0,38000.0,0.0
1050000.0,1032000.0,950000.0,18000.0,100000.0
1265000.0,1195000.0,1158000.0,70000.0,107000.0
1888000.0,1750000.0,1890000.0,138000.0,2000.0
2475000.0,2400000.0,2455000.0,75000.0,20000.0
690000.0,640000.0,670000.0,50000.0,20000.0
2600000.0,1400000.0,1850000.0,1200000.0,750000.0
575000.0,570000.0,550000.0,5000.0,25000.0
830000.0,820000.0,810000.0,10000.0,20000.0
390000.0,320000.0,375000.0,70000.0,15000.0
930000.0,932500.0,955000.0,2500.0,25000.0
1450000.0,1625000.0,1395000.0,175000.0,55000.0
1450000.0,1525000.0,1760000.0,75000.0,310000.0
685000.0,672500.0,715000.0,12500.0,30000.0
824900.0,837000.0,765000.0,12100.0,59900.0
1270000.0,1225000.0,1280000.0,45000.0,10000.0
2735000.0,2900000.0,2590000.0,165000.0,145000.0
1071000.0,1095000.0,1133000.0,24000.0,62000.0
630000.0,610000.0,599999.0,20000.0,30001.0
715000.0,710000.0,770000.0,5000.0,55000.0
2010000.0,2000000.0,2122074.0,10000.0,112074.0
800000.0,750000.0,755000.0,50000.0,45000.0
412000.0,373000.0,373000.0,39000.0,39000.0
1349999.0,1340000.0,1300000.0,9999.0,49999.0
836000.0,905000.0,841000.0,69000.0,5000.0
1550000.0,1800000.0,1725000.0,250000.0,175000.0
2251235.0,2071875.0,2095000.0,179360.0,156235.0
1405000.0,1475000.0,1388000.0,70000.0,17000.0
1015000.0,1000000.0,990000.0,15000.0,25000.0
649000.0,625000.0,650000.0,24000.0,1000.0
1510000.0,1390000.0,1375000.0,120000.0,135000.0
1140000.0,1000000.0,970000.0,140000.0,170000.0
470000.0,477000.0,479000.0,7000.0,9000.0
1175000.0,1150000.0,1155000.0,25000.0,20000.0
785000.0,795000.0,790000.0,10000.0,5000.0
740000.0,740000.0,600000.0,0.0,140000.0
915000.0,925000.0,925000.0,10000.0,10000.0
3420000.0,4100000.0,3450000.0,680000.0,30000.0
1060000.0,1075000.0,1040000.0,15000.0,20000.0
1760000.0,1560000.0,1560000.0,200000.0,200000.0
1280000.0,1015000.0,1040000.0,265000.0,240000.0
1050000.0,960000.0,863500.0,90000.0,186500.0
525000.0,510990.0,529999.0,14010.0,4999.0
1200000.0,1295000.0,1250000.0,95000.0,50000.0
775000.0,791114.0,800000.0,16114.0,25000.0
802000.0,799000.0,775000.0,3000.0,27000.0
1150000.0,1100000.0,1150000.0,50000.0,0.0
1165000.0,1100000.0,1150000.0,65000.0,15000.0
1199000.0,1210000.0,1280000.0,11000.0,81000.0
650000.0,655000.0,670000.0,5000.0,20000.0
1039200.0,1075000.0,1030000.0,35800.0,9200.0
965000.0,1050000.0,965000.0,85000.0,0.0
1400000.0,1450000.0,1400000.0,50000.0,0.0
1250000.0,1215000.0,1175000.0,35000.0,75000.0
3450000.0,3092935.0,3050000.0,357065.0,400000.0
850000.0,850000.0,850000.0,0.0,0.0
2205000.0,2200888.0,2235000.0,4112.0,30000.0
424000.0,410000.0,415000.0,14000.0,9000.0
527000.0,489000.0,489000.0,38000.0,38000.0
1010000.0,1191000.0,1130000.0,181000.0,120000.0
1100000.0,1000000.0,1025000.0,100000.0,75000.0
1000000.0,989000.0,1015000.0,11000.0,15000.0
1299990.0,1250000.0,1263000.0,49990.0,36990.0
2016000.0,2040000.0,2180000.0,24000.0,164000.0
515000.0,500000.0,515000.0,15000.0,0.0
1085000.0,1000000.0,1000000.0,85000.0,85000.0
2050000.0,2075000.0,2185000.0,25000.0,135000.0
399500.0,390000.0,395000.0,9500.0,4500.0
810000.0,795000.0,802000.0,15000.0,8000.0
605000.0,585000.0,585000.0,20000.0,20000.0
790000.0,810000.0,810000.0,20000.0,20000.0
569900.0,570000.0,565000.0,100.0,4900.0
920000.0,930000.0,920000.0,10000.0,0.0
722000.0,725000.0,715000.0,3000.0,7000.0
1120000.0,1125000.0,1075000.0,5000.0,45000.0
665000.0,760000.0,760000.0,95000.0,95000.0
1395000.0,1365000.0,1395000.0,30000.0,0.0
2620000.0,3125000.0,3125000.0,505000.0,505000.0
540000.0,512000.0,512000.0,28000.0,28000.0
880000.0,841000.0,851000.0,39000.0,29000.0
2130000.0,2149000.0,2149000.0,19000.0,19000.0
1517000.0,1550000.0,1525000.0,33000.0,8000.0
500000.0,560000.0,535000.0,60000.0,35000.0
1208000.0,1270000.0,1360000.0,62000.0,152000.0
1150000.0,1150000.0,1090000.0,0.0,60000.0
374000.0,360000.0,379000.0,14000.0,5000.0
1055000.0,1045000.0,955000.0,10000.0,100000.0
1870000.0,1799000.0,1915000.0,71000.0,45000.0
1122540.0,1300000.0,1048000.0,177460.0,74540.0
1300000.0,1200000.0,1300000.0,100000.0,0.0
1375021.0,1250000.0,1275000.0,125021.0,100021.0
3330000.0,3000000.0,2869800.0,330000.0,460200.0
890000.0,815000.0,820000.0,75000.0,70000.0
1379000.0,1379000.0,1400000.0,0.0,21000.0
790000.0,742000.0,750000.0,48000.0,40000.0
1950000.0,1855000.0,1933969.37,95000.0,16030.629999999888
545000.0,549000.0,559000.0,4000.0,14000.0
975000.0,950000.0,995000.0,25000.0,20000.0
793000.0,802000.0,798990.0,9000.0,5990.0
870000.0,928000.0,928000.0,58000.0,58000.0
720000.0,675000.0,680000.0,45000.0,40000.0
4300000.0,3988888.0,3900000.0,311112.0,400000.0
350000.0,350000.0,345000.0,0.0,5000.0
1030000.0,1053000.0,1025000.0,23000.0,5000.0
505000.0,490000.0,489000.0,15000.0,16000.0
519000.0,515000.0,519000.0,4000.0,0.0
925000.0,934000.0,930000.0,9000.0,5000.0
1960000.0,1600000.0,1844500.0,360000.0,115500.0
1210000.0,1167000.0,1117000.0,43000.0,93000.0
1170000.0,1225000.0,1200000.0,55000.0,30000.0
1700000.0,1487000.0,1610000.0,213000.0,90000.0
2850000.0,2500000.0,2600000.0,350000.0,250000.0
628579.0,622990.0,632000.0,5589.0,3421.0
1300000.0,1335000.0,1337000.0,35000.0,37000.0
2150000.0,2063828.0,2065000.0,86172.0,85000.0
790000.0,740000.0,772000.0,50000.0,18000.0
1720000.0,1575000.0,1600000.0,145000.0,120000.0
800000.0,775000.0,775000.0,25000.0,25000.0
515000.0,494000.0,500000.0,21000.0,15000.0
465000.0,465000.0,470000.0,0.0,5000.0
1720000.0,1745000.0,1725000.0,25000.0,5000.0
625000.0,640000.0,625000.0,15000.0,0.0
960000.0,1050000.0,975000.0,90000.0,15000.0
549000.0,535000.0,543500.0,14000.0,5500.0
1276000.0,1285000.0,1180000.0,9000.0,96000.0
736000.0,727000.0,699000.0,9000.0,37000.0
1250000.0,1300000.0,1300000.0,50000.0,50000.0
3150000.0,3050000.0,3115000.0,100000.0,35000.0
790000.0,830000.0,800000.0,40000.0,10000.0
2000000.0,1500000.0,1575000.0,500000.0,425000.0
1350000.0,1405000.0,1280000.0,55000.0,70000.0
780000.0,818000.0,774888.0,38000.0,5112.0
789990.0,800000.0,792000.0,10010.0,2010.0
1160000.0,1100000.0,1075000.0,60000.0,85000.0
2050000.0,1978500.0,2040000.0,71500.0,10000.0
850000.0,870000.0,850000.0,20000.0,0.0
1100000.0,1060000.0,990000.0,40000.0,110000.0
550000.0,564900.0,565000.0,14900.0,15000.0
757500.0,747000.0,752000.0,10500.0,5500.0
420000.0,415000.0,405000.0,5000.0,15000.0
782000.0,780000.0,760000.0,2000.0,22000.0
3685000.0,3650000.0,3520000.0,35000.0,165000.0
1050000.0,999000.0,999000.0,51000.0,51000.0
419000.0,400000.0,416000.0,19000.0,3000.0
1287000.0,935000.0,899000.0,352000.0,388000.0
1860000.0,1750000.0,1737500.0,110000.0,122500.0
1625000.0,1575000.0,1565000.0,50000.0,60000.0
775000.0,750000.0,750000.0,25000.0,25000.0
735000.0,715000.0,715000.0,20000.0,20000.0
910000.0,940000.0,985000.0,30000.0,75000.0
1590000.0,1510000.0,1500000.0,80000.0,90000.0
981000.0,960000.0,950000.0,21000.0,31000.0
1150000.0,1070000.0,1025000.0,80000.0,125000.0
1670050.0,1310000.0,1261700.0,360050.0,408350.0
1300000.0,1325000.0,1255000.0,25000.0,45000.0
1600000.0,1380000.0,1380000.0,220000.0,220000.0
2454000.0,2536600.0,2536600.0,82600.0,82600.0
1000000.0,919000.0,919000.0,81000.0,81000.0
930000.0,839000.0,839000.0,91000.0,91000.0
1410000.0,1390000.0,1400000.0,20000.0,10000.0
650000.0,710000.0,585000.0,60000.0,65000.0
890000.0,880000.0,955000.0,10000.0,65000.0
1250000.0,1275000.0,1245000.0,25000.0,5000.0
1225000.0,1365000.0,1200000.0,140000.0,25000.0
1615000.0,1540000.0,1560000.0,75000.0,55000.0
2150000.0,1900000.0,1900000.0,250000.0,250000.0
1650000.0,1517500.0,1800000.0,132500.0,150000.0
1150000.0,860000.0,1280000.0,290000.0,130000.0
1600000.0,1310000.0,1410000.0,290000.0,190000.0
1030000.0,985000.0,985000.0,45000.0,45000.0
1876875.0,1950000.0,1950000.0,73125.0,73125.0
1850000.0,1770000.0,1725000.0,80000.0,125000.0
1445000.0,1470000.0,1580000.0,25000.0,135000.0
1500000.0,1640000.0,1351000.0,140000.0,149000.0
2030000.0,1937500.0,1900000.0,92500.0,130000.0
1120000.0,1225000.0,1225000.0,105000.0,105000.0
1548000.0,1600000.0,1600000.0,52000.0,52000.0
850000.0,800000.0,760000.0,50000.0,90000.0
3330000.0,3205000.0,1992500.0,125000.0,1337500.0
817000.0,780000.0,790000.0,37000.0,27000.0
1765000.0,2050000.0,1710000.0,285000.0,55000.0
1875000.0,1600000.0,1725000.0,275000.0,150000.0
1315000.0,1275000.0,1250000.0,40000.0,65000.0
835000.0,850000.0,780000.0,15000.0,55000.0
1475000.0,1550168.0,1340000.0,75168.0,135000.0
1520000.0,1525000.0,1495000.0,5000.0,25000.0
935000.0,1230000.0,1230000.0,295000.0,295000.0
1499000.0,1475000.0,1475000.0,24000.0,24000.0
2400000.0,2300000.0,2250000.0,100000.0,150000.0
1325000.0,1330000.0,1330000.0,5000.0,5000.0
437000.0,420000.0,420000.0,17000.0,17000.0
980000.0,950000.0,950000.0,30000.0,30000.0
1695000.0,1700000.0,1700000.0,5000.0,5000.0
1600000.0,1000000.0,1000000.0,600000.0,600000.0
1800000.0,2020000.0,2020000.0,220000.0,220000.0
895000.0,915000.0,895000.0,20000.0,0.0
675000.0,645000.0,642500.0,30000.0,32500.0
3888888.0,4250000.0,4070000.0,361112.0,181112.0
1285000.0,1100000.0,1150000.0,185000.0,135000.0
550000.0,550000.0,525000.0,0.0,25000.0
950000.0,1020000.0,950000.0,70000.0,0.0
5710000.0,5300000.0,5420000.0,410000.0,290000.0
655000.0,655000.0,672000.0,0.0,17000.0
630000.0,630000.0,630000.0,0.0,0.0
1445000.0,1093000.0,1159000.0,352000.0,286000.0
1207500.0,1288000.0,1288000.0,80500.0,80500.0
850000.0,775000.0,875000.0,75000.0,25000.0
2400000.0,2655000.0,2655000.0,255000.0,255000.0
735000.0,610000.0,650000.0,125000.0,85000.0
925000.0,895000.0,850000.0,30000.0,75000.0
1166000.0,1120000.0,1120000.0,46000.0,46000.0
3000000.0,3200000.0,2950000.0,200000.0,50000.0
860000.0,820000.0,820000.0,40000.0,40000.0
1925000.0,1800000.0,1800000.0,125000.0,125000.0
1415000.0,1415000.0,1415000.0,0.0,0.0
1235000.0,1249000.0,1280000.0,14000.0,45000.0
850000.0,820000.0,810000.0,30000.0,40000.0
77000.0,115000.0,96000.0,38000.0,19000.0
4300000.0,3500000.0,3220000.0,800000.0,1080000.0
3350000.0,3200000.0,3150000.0,150000.0,200000.0
1255000.0,1225000.0,1220000.0,30000.0,35000.0
528000.0,515000.0,520000.0,13000.0,8000.0
1100000.0,1050000.0,955000.0,50000.0,145000.0
1500000.0,1497000.0,1500000.0,3000.0,0.0
926000.0,960000.0,875000.0,34000.0,51000.0
515000.0,485000.0,485000.0,30000.0,30000.0
1575000.0,1320000.0,1250000.0,255000.0,325000.0
900000.0,950000.0,955000.0,50000.0,55000.0
670000.0,635000.0,605000.0,35000.0,65000.0
4275000.0,4150000.0,4200000.0,125000.0,75000.0
1225000.0,1315000.0,1220000.0,90000.0,5000.0
1390000.0,1325000.0,1370000.0,65000.0,20000.0
642000.0,695000.0,695000.0,53000.0,53000.0
465000.0,443000.0,443000.0,22000.0,22000.0
522500.0,650000.0,638000.0,127500.0,115500.0
800000.0,779000.0,750000.0,21000.0,50000.0
1300000.0,1275000.0,1299000.0,25000.0,1000.0
899888.0,910000.0,910000.0,10112.0,10112.0
575000.0,615000.0,599000.0,40000.0,24000.0
875000.0,875000.0,875000.0,0.0,0.0
1170000.0,1353000.0,1010000.0,183000.0,160000.0
1670000.0,1650000.0,1640000.0,20000.0,30000.0
600000.0,549000.0,565000.0,51000.0,35000.0
565000.0,565000.0,565000.0,0.0,0.0
1120000.0,1315000.0,1215000.0,195000.0,95000.0
930000.0,925000.0,928000.0,5000.0,2000.0
984000.0,947250.0,1100000.0,36750.0,116000.0
585000.0,570000.0,574000.0,15000.0,11000.0
1176330.0,1250000.0,1150000.0,73670.0,26330.0
928800.0,915000.0,910420.0,13800.0,18380.0
2615000.0,2530000.0,2550000.0,85000.0,65000.0
1138000.0,1150000.0,1230000.0,12000.0,92000.0
850000.0,840000.0,840000.0,10000.0,10000.0
1325000.0,1375000.0,1300000.0,50000.0,25000.0
1030000.0,1018200.0,1080000.0,11800.0,50000.0
435000.0,430000.0,399000.0,5000.0,36000.0
3200000.0,2775000.0,2725000.0,425000.0,475000.0
1400000.0,1320000.0,1320000.0,80000.0,80000.0
1940000.0,1750000.0,1750000.0,190000.0,190000.0
4015000.0,3520000.0,3550000.0,495000.0,465000.0
929888.0,929000.0,929000.0,888.0,888.0
582000.0,567500.0,567500.0,14500.0,14500.0
1815000.0,1620000.0,1589000.0,195000.0,226000.0
2350000.0,2358000.0,1975000.0,8000.0,375000.0
875000.0,860000.0,870000.0,15000.0,5000.0
1650000.0,1650000.0,1635000.0,0.0,15000.0
552750.0,535000.0,550000.0,17750.0,2750.0
891000.0,785000.0,800000.0,106000.0,91000.0
2500000.0,2600000.0,2590000.0,100000.0,90000.0
1875000.0,1820000.0,1810000.0,55000.0,65000.0
3800000.0,3528000.0,3925000.0,272000.0,125000.0
8458394.0,7976500.0,8500000.0,481894.0,41606.0
471111.0,420000.0,420000.0,51111.0,51111.0
2175000.0,2038125.0,2475000.0,136875.0,300000.0
960000.0,990000.0,940000.0,30000.0,20000.0
665000.0,665000.0,645000.0,0.0,20000.0
1888000.0,1790500.0,1750000.0,97500.0,138000.0
1750000.0,1775000.0,1956000.0,25000.0,206000.0
1125000.0,1000000.0,1075000.0,125000.0,50000.0
630000.0,635000.0,616000.0,5000.0,14000.0
920000.0,870000.0,870000.0,50000.0,50000.0
599999.0,602886.0,599990.0,2887.0,9.0
651000.0,650000.0,600000.0,1000.0,51000.0
912000.0,899000.0,900000.0,13000.0,12000.0
1650000.0,1800000.0,1780000.0,150000.0,130000.0
780000.0,760000.0,760000.0,20000.0,20000.0
2050000.0,1939900.0,1920000.0,110100.0,130000.0
970000.0,996000.0,950000.0,26000.0,20000.0
1220000.0,1180000.0,1189000.0,40000.0,31000.0
3900000.0,3850000.0,4000000.0,50000.0,100000.0
1830000.0,1630000.0,1620000.0,200000.0,210000.0
875000.0,890000.0,895000.0,15000.0,20000.0
2488000.0,1766266.0,1820000.0,721734.0,668000.0
705000.0,695000.0,675000.0,10000.0,30000.0
1815000.0,1799000.0,1930000.0,16000.0,115000.0
680000.0,700000.0,712000.0,20000.0,32000.0
1775000.0,1800000.0,1625000.0,25000.0,150000.0
600000.0,620000.0,570000.0,20000.0,30000.0
1180000.0,1135000.0,1040000.0,45000.0,140000.0
2850000.0,2560000.0,2536600.0,290000.0,313400.0
1590000.0,1540000.0,1599900.0,50000.0,9900.0
3152500.0,3100000.0,2953000.0,52500.0,199500.0
1368000.0,1430000.0,1430000.0,62000.0,62000.0
412000.0,430000.0,435000.0,18000.0,23000.0
825000.0,800000.0,810000.0,25000.0,15000.0
1250000.0,1410000.0,1410000.0,160000.0,160000.0
1038000.0,950000.0,948000.0,88000.0,90000.0
770000.0,750000.0,770000.0,20000.0,0.0
420000.0,403000.0,430000.0,17000.0,10000.0
900000.0,900000.0,890000.0,0.0,10000.0
800000.0,791000.0,780000.0,9000.0,20000.0
3750000.0,3490000.0,3675000.0,260000.0,75000.0
1286800.0,1135000.0,1120000.0,151800.0,166800.0
1320000.0,1335000.0,1400000.0,15000.0,80000.0
1500000.0,1540000.0,1540000.0,40000.0,40000.0
1060000.0,1098000.0,1075000.0,38000.0,15000.0
760000.0,740000.0,755000.0,20000.0,5000.0
5060000.0,4750000.0,4970000.0,310000.0,90000.0
880000.0,840000.0,830000.0,40000.0,50000.0
822000.0,825000.0,700000.0,3000.0,122000.0
725000.0,750000.0,720000.0,25000.0,5000.0
1980000.0,1825000.0,2120000.0,155000.0,140000.0
941500.0,735000.0,750000.0,206500.0,191500.0
2200000.0,1200000.0,1200000.0,1000000.0,1000000.0
1510000.0,1510000.0,1533749.0,0.0,23749.0
1625000.0,1620000.0,1640000.0,5000.0,15000.0
1850000.0,1810000.0,1750000.0,40000.0,100000.0
1830000.0,1728000.0,1480000.0,102000.0,350000.0
2000000.0,1715000.0,2105000.0,285000.0,105000.0
755000.0,731000.0,668000.0,24000.0,87000.0
796000.0,749000.0,750000.0,47000.0,46000.0
309000.0,270000.0,310000.0,39000.0,1000.0
1875000.0,1849000.0,1850000.0,26000.0,25000.0
1888888.0,1930000.0,2080000.0,41112.0,191112.0
680000.0,620000.0,716000.0,60000.0,36000.0
675000.0,550000.0,670000.0,125000.0,5000.0
1015000.0,1300000.0,1265000.0,285000.0,250000.0
460000.0,435000.0,470000.0,25000.0,10000.0
2680000.0,2525000.0,2672000.0,155000.0,8000.0
1750000.0,1680000.0,1781000.0,70000.0,31000.0
570000.0,600000.0,530500.0,30000.0,39500.0
777000.0,750000.0,625000.0,27000.0,152000.0
1200000.0,1295000.0,1275000.0,95000.0,75000.0
650000.0,660000.0,682000.0,10000.0,32000.0
2600000.0,2595000.0,2498888.0,5000.0,101112.0
1314500.0,1280000.0,1160000.0,34500.0,154500.0
1344500.0,1200000.0,1180000.0,144500.0,164500.0
1089000.0,1015000.0,1012500.0,74000.0,76500.0
385000.0,405000.0,385000.0,20000.0,0.0
1675000.0,1670000.0,1569000.0,5000.0,106000.0
950000.0,985000.0,955000.0,35000.0,5000.0
1070000.0,969000.0,990000.0,101000.0,80000.0
587000.0,575000.0,550000.0,12000.0,37000.0
1594000.0,1700000.0,1600000.0,106000.0,6000.0
1275000.0,1237500.0,1290000.0,37500.0,15000.0
970000.0,920000.0,939000.0,50000.0,31000.0
840000.0,815000.0,817000.0,25000.0,23000.0
730000.0,715000.0,760000.0,15000.0,30000.0
1155000.0,1075000.0,1075000.0,80000.0,80000.0
1200000.0,985000.0,1125000.0,215000.0,75000.0
800000.0,816000.0,816000.0,16000.0,16000.0
850000.0,830000.0,830000.0,20000.0,20000.0
980000.0,980000.0,1040000.0,0.0,60000.0
1945000.0,2000010.0,1775000.0,55010.0,170000.0
2000000.0,2000000.0,2020000.0,0.0,20000.0
1250000.0,1180000.0,1330000.0,70000.0,80000.0
1080000.0,1230000.0,1230000.0,150000.0,150000.0
1695000.0,1650000.0,1690000.0,45000.0,5000.0
705000.0,705000.0,690000.0,0.0,15000.0
520000.0,555000.0,547000.0,35000.0,27000.0
960000.0,977000.0,957000.0,17000.0,3000.0
729000.0,720000.0,725000.0,9000.0,4000.0
1215000.0,1170000.0,1200000.0,45000.0,15000.0
460000.0,445000.0,445000.0,15000.0,15000.0
1530000.0,1490000.0,1418000.0,40000.0,112000.0
4150000.0,3800000.0,3800000.0,350000.0,350000.0
649000.0,648000.0,575000.0,1000.0,74000.0
915000.0,860000.0,885000.0,55000.0,30000.0
885000.0,829000.0,812500.0,56000.0,72500.0
1650000.0,1400000.0,1425000.0,250000.0,225000.0
2760000.0,2775000.0,2850000.0,15000.0,90000.0
1230000.0,741600.0,940000.0,488400.0,290000.0
2798000.0,2780000.0,2780000.0,18000.0,18000.0
992500.0,998000.0,1130000.0,5500.0,137500.0
4500000.0,4400000.0,4450000.0,100000.0,50000.0
1250000.0,1225000.0,1257000.0,25000.0,7000.0
640000.0,625000.0,620000.0,15000.0,20000.0
1200000.0,1080000.0,1150000.0,120000.0,50000.0
1800000.0,1725000.0,1670000.0,75000.0,130000.0
1960000.0,1850000.0,1850000.0,110000.0,110000.0
1850000.0,1555000.0,1462000.0,295000.0,388000.0
1240000.0,1200000.0,1255000.0,40000.0,15000.0
1605000.0,1405000.0,1400000.0,200000.0,205000.0
3805000.0,3400000.0,3300000.0,405000.0,505000.0
525000.0,525000.0,525000.0,0.0,0.0
727000.0,730000.0,730000.0,3000.0,3000.0
710000.0,675000.0,665000.0,35000.0,45000.0
1455000.0,1506000.0,1610000.0,51000.0,155000.0
800000.0,800000.0,848000.0,0.0,48000.0
10100000.0,10556000.0,10300000.0,456000.0,200000.0
975000.0,965000.0,979000.0,10000.0,4000.0
795000.0,800000.0,779000.0,5000.0,16000.0
130000.0,160000.0,145000.0,30000.0,15000.0
930000.0,900000.0,930000.0,30000.0,0.0
699000.0,675000.0,700000.0,24000.0,1000.0
1780000.0,1620000.0,1760000.0,160000.0,20000.0
1810000.0,1625000.0,1575000.0,185000.0,235000.0
3890450.0,4110000.0,3600000.0,219550.0,290450.0
1135000.0,1075000.0,1050000.0,60000.0,85000.0
859000.0,867000.0,859000.0,8000.0,0.0
1085000.0,1150000.0,1140000.0,65000.0,55000.0
115000.0,281000.0,281000.0,166000.0,166000.0
1250000.0,12700000.0,1455000.0,11450000.0,205000.0
348000.0,365000.0,365000.0,17000.0,17000.0
4250000.0,3490000.0,4015000.0,760000.0,235000.0
1000000.0,969018.0,930000.0,30982.0,70000.0
2500000.0,2600000.0,2280000.0,100000.0,220000.0
1325000.0,1297000.0,1250000.0,28000.0,75000.0
1200013.0,1000000.0,1089000.0,200013.0,111013.0
790000.0,750000.0,750000.0,40000.0,40000.0
3325000.0,3700000.0,3675000.0,375000.0,350000.0
2542500.0,2055000.0,1875000.0,487500.0,667500.0
1010000.0,921500.0,918000.0,88500.0,92000.0
1500000.0,1460000.0,1495000.0,40000.0,5000.0
3050000.0,3528000.0,3925000.0,478000.0,875000.0
2300000.0,2215000.0,2200000.0,85000.0,100000.0
680000.0,672500.0,685000.0,7500.0,5000.0
675000.0,660000.0,664000.0,15000.0,11000.0
805000.0,792000.0,850000.0,13000.0,45000.0
730000.0,655000.0,650000.0,75000.0,80000.0
417000.0,410000.0,420000.0,7000.0,3000.0
1300000.0,1412000.0,1350000.0,112000.0,50000.0
1635000.0,1482500.0,1400000.0,152500.0,235000.0
1600000.0,1460000.0,1400000.0,140000.0,200000.0
6500000.0,5600000.0,5550000.0,900000.0,950000.0
3895000.0,3927000.0,3990517.0,32000.0,95517.0
440000.0,440000.0,443380.0,0.0,3380.0
700000.0,602500.0,460000.0,97500.0,240000.0
1200000.0,960000.0,1200000.0,240000.0,0.0
350000.0,360000.0,320000.0,10000.0,30000.0
565000.0,560000.0,565000.0,5000.0,0.0
3473600.0,3450000.0,3100000.0,23600.0,373600.0
379900.0,374000.0,398000.0,5900.0,18100.0
1360000.0,1588000.0,1588000.0,228000.0,228000.0
659900.0,639900.0,630000.0,20000.0,29900.0
1010000.0,1000000.0,1010000.0,10000.0,0.0
8499000.0,8500000.0,7976500.0,1000.0,522500.0
2225000.0,2199000.0,2160000.0,26000.0,65000.0
565000.0,580000.0,580000.0,15000.0,15000.0
799000.0,850000.0,800000.0,51000.0,1000.0
990000.0,949900.0,948000.0,40100.0,42000.0
1700000.0,1500000.0,1500000.0,200000.0,200000.0
7300000.0,6930000.0,7445000.0,370000.0,145000.0
1500000.0,1350000.0,1310000.0,150000.0,190000.0
1250000.0,1235777.0,1235777.0,14223.0,14223.0
5150000.0,5380625.0,5380625.0,230625.0,230625.0
899000.0,920000.0,878888.0,21000.0,20112.0
2120000.0,1700000.0,1650000.0,420000.0,470000.0
1119000.0,1115000.0,1115000.0,4000.0,4000.0
1762500.0,1845000.0,1900000.0,82500.0,137500.0
698000.0,656000.0,620000.0,42000.0,78000.0
849000.0,810888.0,834000.0,38112.0,15000.0
1750000.0,1730000.0,1770000.0,20000.0,20000.0
1600000.0,1565000.0,1565000.0,35000.0,35000.0
625000.0,550000.0,550000.0,75000.0,75000.0
855000.0,945000.0,925000.0,90000.0,70000.0
751000.0,745000.0,695000.0,6000.0,56000.0
1273000.0,1425000.0,1360000.0,152000.0,87000.0
1975000.0,1750000.0,1900000.0,225000.0,75000.0
615990.0,629990.0,629990.0,14000.0,14000.0
313000.0,265000.0,265000.0,48000.0,48000.0
715000.0,670000.0,720000.0,45000.0,5000.0
630000.0,625000.0,645000.0,5000.0,15000.0
4250000.0,4200000.0,4200000.0,50000.0,50000.0
715000.0,650000.0,710000.0,65000.0,5000.0
1280000.0,1248888.0,1235000.0,31112.0,45000.0
1530000.0,1510000.0,1518000.0,20000.0,12000.0
1210000.0,1225000.0,1185000.0,15000.0,25000.0
667000.0,725000.0,725000.0,58000.0,58000.0
660000.0,685878.0,690000.0,25878.0,30000.0
925000.0,930000.0,930000.0,5000.0,5000.0
556000.0,576000.0,550000.0,20000.0,6000.0
810000.0,815000.0,775000.0,5000.0,35000.0
965000.0,1125000.0,1088000.0,160000.0,123000.0
1200000.0,1200000.0,1200000.0,0.0,0.0
369000.0,359000.0,359000.0,10000.0,10000.0
1380000.0,1300000.0,1315000.0,80000.0,65000.0
1785000.0,1776730.0,1795000.0,8270.0,10000.0
2045000.0,1925000.0,1875000.0,120000.0,170000.0
2070000.0,2080000.0,2128000.0,10000.0,58000.0
790000.0,800000.0,838000.0,10000.0,48000.0
353000.0,350000.0,357000.0,3000.0,4000.0
539000.0,539000.0,540000.0,0.0,1000.0
250000.0,250000.0,285000.0,0.0,35000.0
685000.0,665000.0,685000.0,20000.0,0.0
1750000.0,1988000.0,1988000.0,238000.0,238000.0
455000.0,424000.0,443000.0,31000.0,12000.0
2075000.0,2550000.0,2190000.0,475000.0,115000.0
1750000.0,1650000.0,1500000.0,100000.0,250000.0
1100000.0,980000.0,1040000.0,120000.0,60000.0
635000.0,640000.0,650000.0,5000.0,15000.0
1100000.0,1050000.0,1150000.0,50000.0,50000.0
3400000.0,4000000.0,3450000.0,600000.0,50000.0
1850000.0,1995000.0,1995000.0,145000.0,145000.0
925000.0,800000.0,850000.0,125000.0,75000.0
860000.0,900000.0,900000.0,40000.0,40000.0
1600000.0,1525000.0,1513000.0,75000.0,87000.0
5275000.0,5500000.0,5326805.0,225000.0,51805.0
3220000.0,2470000.0,2425000.0,750000.0,795000.0
543000.0,554000.0,500000.0,11000.0,43000.0
1460000.0,1385000.0,1375000.0,75000.0,85000.0
4650000.0,4900000.0,4800000.0,250000.0,150000.0
2400000.0,2350000.0,2060000.0,50000.0,340000.0
7500000.0,4500000.0,4023000.0,3000000.0,3477000.0
899000.0,918000.0,950000.0,19000.0,51000.0
835000.0,865000.0,857500.0,30000.0,22500.0
1608000.0,1380000.0,1400000.0,228000.0,208000.0
725000.0,720000.0,720000.0,5000.0,5000.0
619000.0,630000.0,630000.0,11000.0,11000.0
2800000.0,2650000.0,3250000.0,150000.0,450000.0
1045000.0,1200000.0,1218000.0,155000.0,173000.0
760000.0,750000.0,755000.0,10000.0,5000.0
1530000.0,1400000.0,1540000.0,130000.0,10000.0
2350000.0,2475000.0,2310900.0,125000.0,39100.0
725000.0,700000.0,710000.0,25000.0,15000.0
145000.0,165000.0,155000.0,20000.0,10000.0
1121000.0,1099000.0,1095000.0,22000.0,26000.0
4600000.0,3650000.0,4240000.0,950000.0,360000.0
960000.0,970000.0,970000.0,10000.0,10000.0
1250000.0,1210000.0,1200000.0,40000.0,50000.0
3350000.0,2770000.0,2795000.0,580000.0,555000.0
660000.0,648000.0,645000.0,12000.0,15000.0
1100000.0,1075000.0,1150000.0,25000.0,50000.0
1140000.0,1095000.0,1070550.0,45000.0,69450.0
755000.0,750000.0,745000.0,5000.0,10000.0
535000.0,435000.0,436000.0,100000.0,99000.0
396000.0,410000.0,415000.0,14000.0,19000.0
795000.0,785000.0,785000.0,10000.0,10000.0
788250.0,775000.0,810000.0,13250.0,21750.0
916000.0,900000.0,875000.0,16000.0,41000.0
3990000.0,3800000.0,3600000.0,190000.0,390000.0
1874000.0,1800000.0,2125000.0,74000.0,251000.0
1818000.0,1745000.0,1880000.0,73000.0,62000.0
700000.0,705000.0,710000.0,5000.0,10000.0
875000.0,952000.0,880000.0,77000.0,5000.0
1711300.0,1903000.0,1865000.0,191700.0,153700.0
880000.0,875000.0,875000.0,5000.0,5000.0
1845000.0,1520000.0,1569000.0,325000.0,276000.0
975000.0,950000.0,995000.0,25000.0,20000.0
2655000.0,1775000.0,1775000.0,880000.0,880000.0
1100000.0,1285000.0,1275000.0,185000.0,175000.0
510000.0,515000.0,500000.0,5000.0,10000.0
2080000.0,1900000.0,2050000.0,180000.0,30000.0
459900.0,470000.0,460000.0,10100.0,100.0
3245000.0,3200000.0,3400000.0,45000.0,155000.0
1950000.0,1875000.0,1875000.0,75000.0,75000.0
6900000.0,6900000.0,7000000.0,0.0,100000.0
412500.0,425000.0,428000.0,12500.0,15500.0
736000.0,735000.0,735000.0,1000.0,1000.0
1350000.0,1080000.0,1100000.0,270000.0,250000.0
597000.0,563500.0,600000.0,33500.0,3000.0
755000.0,760000.0,759000.0,5000.0,4000.0
3450000.0,3490000.0,3349625.0,40000.0,100375.0
1230000.0,1260000.0,1165000.0,30000.0,65000.0
3625000.0,3300000.0,3350000.0,325000.0,275000.0
459000.0,500000.0,480000.0,41000.0,21000.0
1911000.0,1816000.0,1985000.0,95000.0,74000.0
1190000.0,1270000.0,1195000.0,80000.0,5000.0
1500000.0,1678000.0,1525000.0,178000.0,25000.0
1030000.0,950000.0,940000.0,80000.0,90000.0
1625000.0,1633000.0,1650000.0,8000.0,25000.0
200000.0,220000.0,220000.0,20000.0,20000.0
963000.0,965000.0,965000.0,2000.0,2000.0
750000.0,760000.0,760000.0,10000.0,10000.0
920000.0,960000.0,850000.0,40000.0,70000.0
329000.0,330000.0,330000.0,1000.0,1000.0
1425000.0,1445000.0,1399000.0,20000.0,26000.0
860000.0,895000.0,980000.0,35000.0,120000.0
268125.0,270000.0,235000.0,1875.0,33125.0
1110000.0,1100000.0,1100000.0,10000.0,10000.0
6700000.0,6495000.0,6380000.0,205000.0,320000.0
1280000.0,1300000.0,1315000.0,20000.0,35000.0
575000.0,585000.0,595000.0,10000.0,20000.0
950000.0,1075000.0,980000.0,125000.0,30000.0
11450000.0,10100000.0,10500000.0,1350000.0,950000.0
362500.0,432000.0,400000.0,69500.0,37500.0
1027000.0,975000.0,973100.0,52000.0,53900.0
220000.0,205000.0,180000.0,15000.0,40000.0
1350000.0,1298000.0,1285000.0,52000.0,65000.0
1795000.0,1715000.0,1720000.0,80000.0,75000.0
3025000.0,3250000.0,2590000.0,225000.0,435000.0
445000.0,435000.0,429990.0,10000.0,15010.0
1165000.0,1162000.0,1100000.0,3000.0,65000.0
1835000.0,1937000.0,2350000.0,102000.0,515000.0
2910000.0,2675000.0,2600000.0,235000.0,310000.0
4625000.0,4175000.0,4175000.0,450000.0,450000.0
695000.0,715000.0,725000.0,20000.0,30000.0
1250000.0,1200000.0,1225000.0,50000.0,25000.0
1025000.0,1200000.0,978000.0,175000.0,47000.0
490000.0,489000.0,489000.0,1000.0,1000.0
1306700.0,1235000.0,1560000.0,71700.0,253300.0
425000.0,425000.0,430000.0,0.0,5000.0
2000000.0,1790000.0,2100000.0,210000.0,100000.0
518000.0,530000.0,510000.0,12000.0,8000.0
139000.0,140000.0,100000.0,1000.0,39000.0
825000.0,890000.0,890000.0,65000.0,65000.0
2450000.0,2350000.0,2350000.0,100000.0,100000.0
3000000.0,3080000.0,3199000.0,80000.0,199000.0
4155000.0,4360000.0,4360000.0,205000.0,205000.0
565000.0,499000.0,499000.0,66000.0,66000.0
725000.0,700000.0,700000.0,25000.0,25000.0
3590000.0,3750000.0,3250000.0,160000.0,340000.0
1500000.0,1540000.0,1550000.0,40000.0,50000.0
600000.0,560000.0,600000.0,40000.0,0.0
1372000.0,1198868.0,1500000.0,173132.0,128000.0
370000.0,369950.0,365000.0,50.0,5000.0
1200000.0,1100000.0,1180000.0,100000.0,20000.0
4800000.0,4350000.0,4500000.0,450000.0,300000.0
2438220.0,2420110.0,2220000.0,18110.0,218220.0
4425000.0,4700000.0,4900000.0,275000.0,475000.0
725000.0,725000.0,762000.0,0.0,37000.0
1300000.0,1430000.0,1420000.0,130000.0,120000.0
1384000.0,1100000.0,1135000.0,284000.0,249000.0
1625000.0,1575000.0,1560000.0,50000.0,65000.0
2950000.0,2700000.0,2550000.0,250000.0,400000.0
575000.0,570000.0,560000.0,5000.0,15000.0
966000.0,955000.0,915000.0,11000.0,51000.0
8822500.0,8500000.0,8500000.0,322500.0,322500.0
340000.0,345000.0,330000.0,5000.0,10000.0
4380000.0,4250000.0,4360000.0,130000.0,20000.0
590000.0,540000.0,600000.0,50000.0,10000.0
1558000.0,1495000.0,1685000.0,63000.0,127000.0
2410000.0,2675000.0,2440000.0,265000.0,30000.0
385000.0,375000.0,362000.0,10000.0,23000.0
1050000.0,1050000.0,1599000.0,0.0,549000.0
565900.0,565000.0,570000.0,900.0,4100.0
1175000.0,905000.0,905000.0,270000.0,270000.0
1025000.0,1050000.0,1045000.0,25000.0,20000.0
1270000.0,1150000.0,1225000.0,120000.0,45000.0
3800000.0,3325000.0,3150000.0,475000.0,650000.0
1800000.0,1800000.0,1800000.0,0.0,0.0
2000000.0,2063000.0,1950000.0,63000.0,50000.0
1350000.0,1255000.0,1342000.0,95000.0,8000.0
1215000.0,1255000.0,1185000.0,40000.0,30000.0
3300000.0,3030000.0,3168000.0,270000.0,132000.0
1670000.0,1620000.0,1760000.0,50000.0,90000.0
4400000.0,3900000.0,4200000.0,500000.0,200000.0
880000.0,835000.0,828888.0,45000.0,51112.0
430000.0,485000.0,485000.0,55000.0,55000.0
380000.0,370000.0,384490.0,10000.0,4490.0
1525000.0,1510000.0,1467000.0,15000.0,58000.0
3400000.0,3500000.0,3333175.0,100000.0,66825.0
1585000.0,1585000.0,1585000.0,0.0,0.0
810000.0,845000.0,839000.0,35000.0,29000.0
615000.0,567500.0,595000.0,47500.0,20000.0
5500000.0,5200000.0,5200000.0,300000.0,300000.0
385000.0,389000.0,365000.0,4000.0,20000.0
730000.0,820000.0,808000.0,90000.0,78000.0
560000.0,520000.0,575000.0,40000.0,15000.0
749000.0,740000.0,755000.0,9000.0,6000.0
1370000.0,1350000.0,1299999.0,20000.0,70001.0
2385000.0,1900000.0,1700000.0,485000.0,685000.0
4050000.0,4135000.0,4135000.0,85000.0,85000.0
453000.0,449000.0,449000.0,4000.0,4000.0
625000.0,635000.0,590000.0,10000.0,35000.0
895000.0,918000.0,915000.0,23000.0,20000.0
685000.0,634500.0,642500.0,50500.0,42500.0
826000.0,850000.0,828000.0,24000.0,2000.0
2180000.0,2167000.0,2250000.0,13000.0,70000.0
1500000.0,1500000.0,1474000.0,0.0,26000.0
1905000.0,2000000.0,1935000.0,95000.0,30000.0
755000.0,780000.0,785000.0,25000.0,30000.0
455000.0,459000.0,455000.0,4000.0,0.0
1000000.0,900000.0,915000.0,100000.0,85000.0
785000.0,774999.0,745000.0,10001.0,40000.0
1470000.0,830000.0,830000.0,640000.0,640000.0
1650000.0,1575000.0,1670000.0,75000.0,20000.0
765000.0,754000.0,755000.0,11000.0,10000.0
1385000.0,1386000.0,1386000.0,1000.0,1000.0
1450000.0,1445000.0,1455000.0,5000.0,5000.0
1250000.0,1200000.0,1175000.0,50000.0,75000.0
820000.0,870000.0,840000.0,50000.0,20000.0
1205000.0,1139000.0,1113000.0,66000.0,92000.0
949000.0,920000.0,950000.0,29000.0,1000.0
1745000.0,1750000.0,1800000.0,5000.0,55000.0
1850000.0,1585000.0,1538000.0,265000.0,312000.0
1200000.0,1100000.0,1225000.0,100000.0,25000.0
1580000.0,1600000.0,1810000.0,20000.0,230000.0
1475000.0,1425000.0,1425000.0,50000.0,50000.0
1600000.0,1600000.0,1450000.0,0.0,150000.0
670000.0,635000.0,700000.0,35000.0,30000.0
1550000.0,1460000.0,1480000.0,90000.0,70000.0
1200000.0,1210000.0,1200000.0,10000.0,0.0
1850000.0,1781000.0,1817000.0,69000.0,33000.0
2175000.0,2179000.0,2000000.0,4000.0,175000.0
1600000.0,1700000.0,1648000.0,100000.0,48000.0
690000.0,686000.0,686000.0,4000.0,4000.0
765000.0,782500.0,785000.0,17500.0,20000.0
1199990.0,1119990.0,1131980.0,80000.0,68010.0
1500000.0,1585000.0,1500000.0,85000.0,0.0
973200.0,995000.0,1025000.0,21800.0,51800.0
2575000.0,2760000.0,2600000.0,185000.0,25000.0
735000.0,725000.0,725000.0,10000.0,10000.0
495000.0,489000.0,484900.0,6000.0,10100.0
1875000.0,2450000.0,2635000.0,575000.0,760000.0
1150000.0,1075000.0,1105000.0,75000.0,45000.0
1160000.0,1134000.0,1168400.0,26000.0,8400.0
420000.0,420000.0,416000.0,0.0,4000.0
644000.0,685000.0,630000.0,41000.0,14000.0
300000.0,280000.0,280000.0,20000.0,20000.0
115000.0,124900.0,102500.0,9900.0,12500.0
1160000.0,1080000.0,1032000.0,80000.0,128000.0
325000.0,335000.0,335000.0,10000.0,10000.0
755000.0,669800.0,669800.0,85200.0,85200.0
775000.0,750000.0,724000.0,25000.0,51000.0
355000.0,360000.0,325000.0,5000.0,30000.0
355000.0,368000.0,380000.0,13000.0,25000.0
2180000.0,2100000.0,2125000.0,80000.0,55000.0
749000.0,725000.0,689000.0,24000.0,60000.0
1125000.0,1210000.0,1349000.0,85000.0,224000.0
999000.0,983000.0,1100000.0,16000.0,101000.0
429489.0,435000.0,405000.0,5511.0,24489.0
500000.0,520000.0,528500.0,20000.0,28500.0
720000.0,710000.0,705000.0,10000.0,15000.0
1020000.0,1000000.0,1050000.0,20000.0,30000.0
1350000.0,1415000.0,1415000.0,65000.0,65000.0
850000.0,805000.0,750000.0,45000.0,100000.0
436000.0,429999.0,429999.0,6001.0,6001.0
609000.0,600000.0,605000.0,9000.0,4000.0
1810000.0,2300000.0,2300000.0,490000.0,490000.0
1998000.0,2075888.0,1955000.0,77888.0,43000.0
2517500.0,2828000.0,2536600.0,310500.0,19100.0
950000.0,880000.0,880000.0,70000.0,70000.0
1150000.0,1150000.0,1130000.0,0.0,20000.0
4400000.0,4360000.0,4620000.0,40000.0,220000.0
755000.0,770000.0,755000.0,15000.0,0.0
890000.0,950000.0,850000.0,60000.0,40000.0
1120000.0,1100000.0,1100000.0,20000.0,20000.0
2799000.0,2800000.0,2745000.0,1000.0,54000.0
878000.0,900183.0,900000.0,22183.0,22000.0
715000.0,720000.0,715000.0,5000.0,0.0
1675000.0,1625000.0,1650000.0,50000.0,25000.0
1020000.0,1012500.0,999000.0,7500.0,21000.0
1475000.0,1425000.0,1425000.0,50000.0,50000.0
979900.0,950000.0,940000.0,29900.0,39900.0
1020000.0,1070000.0,1040000.0,50000.0,20000.0
443000.0,415000.0,429000.0,28000.0,14000.0
440000.0,415000.0,430000.0,25000.0,10000.0
850000.0,880000.0,840000.0,30000.0,10000.0
1710150.0,1699990.0,1695000.0,10160.0,15150.0
2075000.0,1830000.0,2180000.0,245000.0,105000.0
380000.0,399950.0,409000.0,19950.0,29000.0
415000.0,410000.0,410000.0,5000.0,5000.0
3380000.0,3175000.0,3275000.0,205000.0,105000.0
595000.0,570000.0,585000.0,25000.0,10000.0
1410000.0,1300000.0,1300000.0,110000.0,110000.0
1600000.0,1760000.0,1725000.0,160000.0,125000.0
2750000.0,2750000.0,2724830.0,0.0,25170.0
975000.0,875000.0,875000.0,100000.0,100000.0
595000.0,560000.0,570000.0,35000.0,25000.0
1550000.0,1480000.0,1492000.0,70000.0,58000.0
1235000.0,1250000.0,1199000.0,15000.0,36000.0
420000.0,415000.0,410000.0,5000.0,10000.0
551500.0,524900.0,533000.0,26600.0,18500.0
650000.0,685000.0,625000.0,35000.0,25000.0
1350000.0,1249000.0,1210000.0,101000.0,140000.0
3700000.0,3800000.0,3600000.0,100000.0,100000.0
3600000.0,3175000.0,3175000.0,425000.0,425000.0
1060000.0,1035000.0,1040000.0,25000.0,20000.0
2150000.0,2200000.0,1975000.0,50000.0,175000.0
760000.0,770000.0,770000.0,10000.0,10000.0
3950000.0,4200000.0,3775000.0,250000.0,175000.0
1900000.0,1840000.0,1836000.0,60000.0,64000.0
1560000.0,1475000.0,1500000.0,85000.0,60000.0
860000.0,849000.0,850000.0,11000.0,10000.0
1385000.0,1440000.0,1350000.0,55000.0,35000.0
878250.0,953000.0,935000.0,74750.0,56750.0
1245000.0,1215000.0,1300000.0,30000.0,55000.0
725000.0,725000.0,801165.0,0.0,76165.0
843000.0,840000.0,820000.0,3000.0,23000.0
775000.0,775000.0,775000.0,0.0,0.0
966000.0,945000.0,965000.0,21000.0,1000.0
1242000.0,1205000.0,1150000.0,37000.0,92000.0
345000.0,340000.0,340000.0,5000.0,5000.0
1105000.0,1128800.0,1200000.0,23800.0,95000.0
600000.0,600000.0,590000.0,0.0,10000.0
720000.0,720000.0,730000.0,0.0,10000.0
1200000.0,1145000.0,1165000.0,55000.0,35000.0
820000.0,820000.0,740000.0,0.0,80000.0
2202802.0,2230000.0,2230000.0,27198.0,27198.0
1290000.0,1210000.0,1350000.0,80000.0,60000.0
1075000.0,1010000.0,1010000.0,65000.0,65000.0
390000.0,385000.0,400000.0,5000.0,10000.0
990000.0,975000.0,981000.0,15000.0,9000.0
1257900.0,1315000.0,1290000.0,57100.0,32100.0
1375000.0,1465000.0,1350000.0,90000.0,25000.0
2955025.0,2850000.0,2825000.0,105025.0,130025.0
880000.0,953000.0,930000.0,73000.0,50000.0
2000000.0,2101000.0,2450000.0,101000.0,450000.0
644000.0,635000.0,649000.0,9000.0,5000.0
1750000.0,2125000.0,2125000.0,375000.0,375000.0
490000.0,510000.0,500000.0,20000.0,10000.0
1510000.0,1715000.0,1700000.0,205000.0,190000.0
870000.0,900000.0,860000.0,30000.0,10000.0
3050000.0,3200000.0,2950000.0,150000.0,100000.0
975000.0,980000.0,980000.0,5000.0,5000.0
742500.0,740000.0,770000.0,2500.0,27500.0
435000.0,434990.0,420000.0,10.0,15000.0
2250000.0,2190000.0,2235000.0,60000.0,15000.0
672000.0,740000.0,825000.0,68000.0,153000.0
925000.0,889000.0,895000.0,36000.0,30000.0
1530000.0,1394000.0,1400000.0,136000.0,130000.0
1400000.0,1350000.0,1410000.0,50000.0,10000.0
1340000.0,1400000.0,1502450.0,60000.0,162450.0
3258888.0,3820000.0,3456000.0,561112.0,197112.0
1260000.0,1200000.0,1250000.0,60000.0,10000.0
2450000.0,2499000.0,2499000.0,49000.0,49000.0
525000.0,500000.0,525000.0,25000.0,0.0
555000.0,550000.0,555000.0,5000.0,0.0
230000.0,245000.0,245000.0,15000.0,15000.0
3427500.0,3302000.0,3750000.0,125500.0,322500.0
405531.0,385000.0,405000.0,20531.0,531.0
355000.0,349000.0,340000.0,6000.0,15000.0
855000.0,830000.0,800000.0,25000.0,55000.0
1165000.0,1232500.0,1138000.0,67500.0,27000.0
560000.0,510000.0,510000.0,50000.0,50000.0
1400000.0,1560000.0,1350000.0,160000.0,50000.0
721700.0,655000.0,655000.0,66700.0,66700.0
780000.0,815000.0,815000.0,35000.0,35000.0
1988000.0,1960000.0,1870000.0,28000.0,118000.0
799000.0,805000.0,805000.0,6000.0,6000.0
1300000.0,1280000.0,1300000.0,20000.0,0.0
2650000.0,3200000.0,3200000.0,550000.0,550000.0
580000.0,575000.0,560000.0,5000.0,20000.0
933500.0,899000.0,890000.0,34500.0,43500.0
340000.0,360000.0,325000.0,20000.0,15000.0
755000.0,734000.0,765000.0,21000.0,10000.0
460000.0,450000.0,460000.0,10000.0,0.0
1588000.0,1568000.0,1555000.0,20000.0,33000.0
515000.0,520000.0,536000.0,5000.0,21000.0
4525000.0,4650000.0,4850000.0,125000.0,325000.0
572056.0,575000.0,585000.0,2944.0,12944.0
977500.0,960000.0,995000.0,17500.0,17500.0
785000.0,770000.0,734000.0,15000.0,51000.0
1200000.0,1315000.0,1138000.0,115000.0,62000.0
667990.0,660000.0,659990.0,7990.0,8000.0
1135000.0,1110000.0,1025000.0,25000.0,110000.0
589000.0,625000.0,625000.0,36000.0,36000.0
920000.0,950000.0,905000.0,30000.0,15000.0
525000.0,583000.0,620000.0,58000.0,95000.0
2500000.0,2486500.0,2300000.0,13500.0,200000.0
3650000.0,3175000.0,3475000.0,475000.0,175000.0
810000.0,790000.0,775000.0,20000.0,35000.0
2250000.0,2250000.0,2600000.0,0.0,350000.0
1420000.0,1325000.0,1348000.0,95000.0,72000.0
2520000.0,2452000.0,2520000.0,68000.0,0.0
1054500.0,1039000.0,1030000.0,15500.0,24500.0
570000.0,578000.0,578000.0,8000.0,8000.0
1325000.0,1129000.0,1129000.0,196000.0,196000.0
671000.0,665000.0,705000.0,6000.0,34000.0
240000.0,235000.0,235000.0,5000.0,5000.0
1620000.0,1715000.0,1715000.0,95000.0,95000.0
323000.0,305000.0,320000.0,18000.0,3000.0
890000.0,900000.0,895000.0,10000.0,5000.0
740000.0,706627.0,735000.0,33373.0,5000.0
41000.0,394000.0,399900.0,353000.0,358900.0
910000.0,880000.0,910000.0,30000.0,0.0
1025000.0,969000.0,965000.0,56000.0,60000.0
1475000.0,1850000.0,1421000.0,375000.0,54000.0
1585000.0,1711800.0,1575000.0,126800.0,10000.0
560000.0,529900.0,533000.0,30100.0,27000.0
1470000.0,1450000.0,1375000.0,20000.0,95000.0
1450000.0,1385000.0,1375000.0,65000.0,75000.0
1010000.0,930000.0,945000.0,80000.0,65000.0
840000.0,802000.0,799000.0,38000.0,41000.0
969000.0,950000.0,1050000.0,19000.0,81000.0
454000.0,442500.0,442500.0,11500.0,11500.0
1255000.0,1299000.0,1305000.0,44000.0,50000.0
1100000.0,1045000.0,970000.0,55000.0,130000.0
1150000.0,998900.0,1110000.0,151100.0,40000.0
1150000.0,1167000.0,1098000.0,17000.0,52000.0
805000.0,814500.0,850000.0,9500.0,45000.0
825000.0,805000.0,819000.0,20000.0,6000.0
1180000.0,1050000.0,1059000.0,130000.0,121000.0
1750000.0,1535000.0,1450000.0,215000.0,300000.0
1210000.0,1308888.0,1250000.0,98888.0,40000.0
1165000.0,1240000.0,1232500.0,75000.0,67500.0
3390000.0,3490000.0,3490000.0,100000.0,100000.0
1400000.0,1100000.0,1050000.0,300000.0,350000.0
1236750.0,1150000.0,1200000.0,86750.0,36750.0
1220000.0,1235000.0,1150000.0,15000.0,70000.0
1600000.0,1400000.0,1475000.0,200000.0,125000.0
799000.0,799000.0,820000.0,0.0,21000.0
610000.0,590000.0,651000.0,20000.0,41000.0
585000.0,540000.0,540000.0,45000.0,45000.0
1180000.0,1310000.0,1250000.0,130000.0,70000.0
4650000.0,3275000.0,3275000.0,1375000.0,1375000.0
575000.0,575000.0,575000.0,0.0,0.0
420000.0,435000.0,365000.0,15000.0,55000.0
780000.0,790000.0,820000.0,10000.0,40000.0
1975000.0,2250000.0,2250000.0,275000.0,275000.0
1470000.0,1475000.0,1400000.0,5000.0,70000.0
1475000.0,1095000.0,1160000.0,380000.0,315000.0
4330000.0,3930000.0,4350000.0,400000.0,20000.0
1605000.0,1500000.0,2025000.0,105000.0,420000.0
2850000.0,2722000.0,2400000.0,128000.0,450000.0
2025000.0,1826550.0,1895000.0,198450.0,130000.0
440000.0,438000.0,440000.0,2000.0,0.0
858000.0,810000.0,830000.0,48000.0,28000.0
2830000.0,2500000.0,2175000.0,330000.0,655000.0
1200000.0,1155000.0,1155000.0,45000.0,45000.0
948000.0,895000.0,890000.0,53000.0,58000.0
2307500.0,2225000.0,2200000.0,82500.0,107500.0
1010000.0,970000.0,1015000.0,40000.0,5000.0
500000.0,505000.0,501000.0,5000.0,1000.0
760000.0,685000.0,750000.0,75000.0,10000.0
1585000.0,1640000.0,1640000.0,55000.0,55000.0
405000.0,395000.0,385000.0,10000.0,20000.0
1450000.0,1525000.0,1450000.0,75000.0,0.0
360000.0,369000.0,370000.0,9000.0,10000.0
980000.0,1085000.0,975000.0,105000.0,5000.0
2120000.0,1800000.0,1900000.0,320000.0,220000.0
1600000.0,1540000.0,1425000.0,60000.0,175000.0
2695000.0,2315000.0,2315000.0,380000.0,380000.0
1205000.0,1175000.0,1200000.0,30000.0,5000.0
2385000.0,2775000.0,2800000.0,390000.0,415000.0
2535000.0,2589000.0,2589000.0,54000.0,54000.0
1115000.0,1008000.0,1116000.0,107000.0,1000.0
1299000.0,1380000.0,1315000.0,81000.0,16000.0
1865000.0,1870000.0,1895000.0,5000.0,30000.0
1860000.0,1925000.0,1800000.0,65000.0,60000.0
950000.0,1030000.0,975000.0,80000.0,25000.0
551000.0,540000.0,540000.0,11000.0,11000.0
700000.0,650000.0,650000.0,50000.0,50000.0
1700000.0,1735000.0,1750000.0,35000.0,50000.0
1635000.0,1650000.0,1750000.0,15000.0,115000.0
1975000.0,1760000.0,1810000.0,215000.0,165000.0
2850000.0,2755000.0,2900000.0,95000.0,50000.0
380000.0,336000.0,287500.0,44000.0,92500.0
1570000.0,1550000.0,1775000.0,20000.0,205000.0
3200000.0,3055645.0,3265000.0,144355.0,65000.0
900000.0,902000.0,925000.0,2000.0,25000.0
1375000.0,1200000.0,1600000.0,175000.0,225000.0
1299000.0,1279500.0,1360000.0,19500.0,61000.0
1300000.0,1299000.0,1240000.0,1000.0,60000.0
382000.0,392000.0,390000.0,10000.0,8000.0
950000.0,905000.0,850000.0,45000.0,100000.0
1435000.0,1407000.0,1410000.0,28000.0,25000.0
2050000.0,1775000.0,1550000.0,275000.0,500000.0
460000.0,440000.0,447000.0,20000.0,13000.0
503000.0,495000.0,501000.0,8000.0,2000.0
2147250.0,2270000.0,2136900.0,122750.0,10350.0
3500000.0,3050000.0,3000000.0,450000.0,500000.0
3265000.0,3250000.0,3000000.0,15000.0,265000.0
2100000.0,2150000.0,2100000.0,50000.0,0.0
2565000.0,2450000.0,2370000.0,115000.0,195000.0
1900000.0,1600000.0,1636750.0,300000.0,263250.0
1150000.0,1135000.0,1075000.0,15000.0,75000.0
1100000.0,1100000.0,1110000.0,0.0,10000.0
740000.0,785000.0,790000.0,45000.0,50000.0
2976000.0,2817250.0,2817250.0,158750.0,158750.0
1405000.0,1200000.0,1350000.0,205000.0,55000.0
557000.0,518000.0,515000.0,39000.0,42000.0
575000.0,595000.0,650000.0,20000.0,75000.0
775000.0,699900.0,755000.0,75100.0,20000.0
1250000.0,1200000.0,1200000.0,50000.0,50000.0
1960000.0,2200000.0,2200000.0,240000.0,240000.0
1725000.0,1600000.0,1625000.0,125000.0,100000.0
580000.0,580000.0,585000.0,0.0,5000.0
1125000.0,1150000.0,1050000.0,25000.0,75000.0
2710000.0,2525000.0,2500000.0,185000.0,210000.0
890000.0,749000.0,725000.0,141000.0,165000.0
905000.0,900000.0,880000.0,5000.0,25000.0
750000.0,575000.0,591000.0,175000.0,159000.0
885000.0,865000.0,905000.0,20000.0,20000.0
1560000.0,1565000.0,1560000.0,5000.0,0.0
840000.0,780975.0,800000.0,59025.0,40000.0
2075000.0,2100000.0,2100000.0,25000.0,25000.0
1050000.0,1020000.0,1020000.0,30000.0,30000.0
500000.0,486000.0,486000.0,14000.0,14000.0
3180000.0,3000000.0,2843500.0,180000.0,336500.0
2188000.0,2180000.0,2250000.0,8000.0,62000.0
4300000.0,3310000.0,3430000.0,990000.0,870000.0
680000.0,600000.0,720000.0,80000.0,40000.0
1900000.0,2050000.0,1770000.0,150000.0,130000.0
2025000.0,2150000.0,2150000.0,125000.0,125000.0
650000.0,655000.0,635000.0,5000.0,15000.0
760000.0,760000.0,760000.0,0.0,0.0
1100000.0,1300000.0,1050000.0,200000.0,50000.0
350000.0,350000.0,367000.0,0.0,17000.0
1758855.0,1899000.0,1800000.0,140145.0,41145.0
1107000.0,1130000.0,1035000.0,23000.0,72000.0
635000.0,600000.0,599000.0,35000.0,36000.0
737000.0,749000.0,749000.0,12000.0,12000.0
830000.0,800000.0,762000.0,30000.0,68000.0
1300000.0,1515000.0,1515000.0,215000.0,215000.0
750000.0,895000.0,895000.0,145000.0,145000.0
1060000.0,1075000.0,1075000.0,15000.0,15000.0
1260000.0,1160000.0,1145000.0,100000.0,115000.0
1004000.0,680000.0,680000.0,324000.0,324000.0
1155000.0,1150000.0,1170000.0,5000.0,15000.0
3010000.0,2650000.0,2650000.0,360000.0,360000.0
3550000.0,3897000.0,3900000.0,347000.0,350000.0
800100.0,610000.0,763000.0,190100.0,37100.0
902000.0,800000.0,800000.0,102000.0,102000.0
959000.0,1015000.0,959000.0,56000.0,0.0
1700000.0,1685000.0,1650000.0,15000.0,50000.0
1900000.0,1535000.0,1781000.0,365000.0,119000.0
482000.0,430000.0,460000.0,52000.0,22000.0
790000.0,770000.0,800000.0,20000.0,10000.0
470000.0,429999.0,435000.0,40001.0,35000.0
382000.0,350000.0,350000.0,32000.0,32000.0
560000.0,570000.0,530000.0,10000.0,30000.0
755000.0,737500.0,740000.0,17500.0,15000.0
1350000.0,1341000.0,1270000.0,9000.0,80000.0
1546000.0,1532110.0,1550000.0,13890.0,4000.0
1760000.0,1980000.0,2099000.0,220000.0,339000.0
1659000.0,1660000.0,1620000.0,1000.0,39000.0
345000.0,360000.0,325000.0,15000.0,20000.0
1350000.0,1299000.0,1311810.0,51000.0,38190.0
1236000.0,1085000.0,1070000.0,151000.0,166000.0
1600000.0,1501000.0,1500000.0,99000.0,100000.0
1000000.0,1000000.0,1000000.0,0.0,0.0
1075000.0,1147500.0,1150000.0,72500.0,75000.0
870000.0,857500.0,843000.0,12500.0,27000.0
2100000.0,1825000.0,1800000.0,275000.0,300000.0
925000.0,1400000.0,750000.0,475000.0,175000.0
1700000.0,1660000.0,1719500.0,40000.0,19500.0
618000.0,625000.0,600000.0,7000.0,18000.0
860000.0,870000.0,850000.0,10000.0,10000.0
1545000.0,1640000.0,1500000.0,95000.0,45000.0
1200000.0,1176040.0,1144750.0,23960.0,55250.0
1300000.0,1270000.0,1320000.0,30000.0,20000.0
1505000.0,1325000.0,1475000.0,180000.0,30000.0
820000.0,775000.0,730000.0,45000.0,90000.0
1305000.0,1250000.0,1250000.0,55000.0,55000.0
715000.0,795000.0,825000.0,80000.0,110000.0
1410000.0,1390000.0,1465000.0,20000.0,55000.0
470000.0,494144.0,458000.0,24144.0,12000.0
720000.0,750000.0,730000.0,30000.0,10000.0
1600000.0,1580000.0,1500000.0,20000.0,100000.0
285710.0,300000.0,302000.0,14290.0,16290.0
1050000.0,950000.0,1035000.0,100000.0,15000.0
559950.0,550000.0,560000.0,9950.0,50.0
842000.0,885000.0,885000.0,43000.0,43000.0
726000.0,430000.0,435000.0,296000.0,291000.0
1550000.0,1500000.0,1599000.0,50000.0,49000.0
2300000.0,2175000.0,2227500.0,125000.0,72500.0
1650000.0,1600000.0,1580000.0,50000.0,70000.0
1755000.0,1580000.0,1580000.0,175000.0,175000.0
1510000.0,1500000.0,1500000.0,10000.0,10000.0
560000.0,700000.0,677000.0,140000.0,117000.0
297000.0,287500.0,270000.0,9500.0,27000.0
489900.0,480000.0,485000.0,9900.0,4900.0
750000.0,818000.0,730000.0,68000.0,20000.0
950000.0,975000.0,1010000.0,25000.0,60000.0
3610000.0,3699999.0,3750000.0,89999.0,140000.0
675000.0,670000.0,670000.0,5000.0,5000.0
2100000.0,2100000.0,1850000.0,0.0,250000.0
850000.0,875000.0,906000.0,25000.0,56000.0
1050000.0,925000.0,1240000.0,125000.0,190000.0
711000.0,695000.0,715000.0,16000.0,4000.0
1208000.0,1195000.0,1175000.0,13000.0,33000.0
430000.0,387500.0,410000.0,42500.0,20000.0
1252000.0,1199900.0,1204000.0,52100.0,48000.0
975000.0,915000.0,906614.0,60000.0,68386.0
1210000.0,1260000.0,1260000.0,50000.0,50000.0
1000000.0,925000.0,925000.0,75000.0,75000.0
1075000.0,1000070.0,1065000.0,74930.0,10000.0
1650000.0,1745000.0,1580000.0,95000.0,70000.0
1465000.0,1502000.0,1520000.0,37000.0,55000.0
1299950.0,1270000.0,1270000.0,29950.0,29950.0
2740000.0,2720000.0,2690000.0,20000.0,50000.0
680000.0,675000.0,670000.0,5000.0,10000.0
1345000.0,1290000.0,1265000.0,55000.0,80000.0
1800000.0,1665000.0,1726000.0,135000.0,74000.0
4700000.0,4750000.0,4995000.0,50000.0,295000.0
800000.0,750000.0,755000.0,50000.0,45000.0
825000.0,799000.0,799000.0,26000.0,26000.0
1050000.0,930000.0,735000.0,120000.0,315000.0
1750000.0,1630000.0,1630000.0,120000.0,120000.0
1680000.0,1630000.0,1595000.0,50000.0,85000.0
1855000.0,2030000.0,2000000.0,175000.0,145000.0
3935000.0,3800000.0,4120000.0,135000.0,185000.0
850000.0,850000.0,859000.0,0.0,9000.0
1290000.0,12700000.0,1455000.0,11410000.0,165000.0
2415000.0,2140000.0,2275000.0,275000.0,140000.0
1915000.0,1630000.0,1590000.0,285000.0,325000.0
2425000.0,2568000.0,2500000.0,143000.0,75000.0
850000.0,896000.0,896000.0,46000.0,46000.0
338500.0,339000.0,340000.0,500.0,1500.0
1349000.0,1310000.0,1375000.0,39000.0,26000.0
1475000.0,1400000.0,1395000.0,75000.0,80000.0
1250000.0,1500000.0,1615000.0,250000.0,365000.0
1300000.0,1275000.0,1335000.0,25000.0,35000.0
3100000.0,2600000.0,3155000.0,500000.0,55000.0
717500.0,650000.0,660000.0,67500.0,57500.0
735000.0,718000.0,720000.0,17000.0,15000.0
775000.0,707000.0,730000.0,68000.0,45000.0
475000.0,475000.0,469999.0,0.0,5001.0
4100088.0,3250000.0,3426000.0,850088.0,674088.0
1525000.0,1400000.0,1400000.0,125000.0,125000.0
727150.0,730000.0,720000.0,2850.0,7150.0
545000.0,555000.0,557000.0,10000.0,12000.0
1187000.0,1050000.0,1070000.0,137000.0,117000.0
1000000.0,920000.0,960000.0,80000.0,40000.0
1165000.0,1015000.0,1040000.0,150000.0,125000.0
1315000.0,1130000.0,1150000.0,185000.0,165000.0
1760000.0,1766266.0,1810000.0,6266.0,50000.0
412000.0,445000.0,400000.0,33000.0,12000.0
1379000.0,1378000.0,1303500.0,1000.0,75500.0
695000.0,650000.0,675000.0,45000.0,20000.0
910000.0,1128000.0,890000.0,218000.0,20000.0
870000.0,820000.0,845000.0,50000.0,25000.0
1900000.0,1825000.0,1850000.0,75000.0,50000.0
745000.0,730000.0,750000.0,15000.0,5000.0
545000.0,550000.0,550000.0,5000.0,5000.0
750000.0,715000.0,715000.0,35000.0,35000.0
699950.0,685000.0,705000.0,14950.0,5050.0
1000000.0,1255000.0,1175000.0,255000.0,175000.0
2220000.0,2048010.0,2000010.0,171990.0,219990.0
1080000.0,1150000.0,1140000.0,70000.0,60000.0
675000.0,675600.0,665000.0,600.0,10000.0
660000.0,682500.0,642500.0,22500.0,17500.0
1167000.0,1230000.0,1230000.0,63000.0,63000.0
1099000.0,1050000.0,1070000.0,49000.0,29000.0
530000.0,524900.0,510000.0,5100.0,20000.0
690000.0,730000.0,760000.0,40000.0,70000.0
1550000.0,1475000.0,1441000.0,75000.0,109000.0
460000.0,440000.0,440000.0,20000.0,20000.0
1249888.0,1265000.0,1210000.0,15112.0,39888.0
565000.0,534197.0,534197.0,30803.0,30803.0
1225000.0,1160000.0,1225000.0,65000.0,0.0
2537000.0,2600000.0,2360000.0,63000.0,177000.0
1300000.0,1195000.0,1210000.0,105000.0,90000.0
640000.0,587000.0,595000.0,53000.0,45000.0
5773000.0,5150000.0,4700000.0,623000.0,1073000.0
1715000.0,1700000.0,1700000.0,15000.0,15000.0
2998000.0,2950000.0,2950000.0,48000.0,48000.0
1888119.0,2050000.0,1730000.0,161881.0,158119.0
2218000.0,2299030.0,2300000.0,81030.0,82000.0
590000.0,586500.0,600000.0,3500.0,10000.0
486000.0,485000.0,485000.0,1000.0,1000.0
2885000.0,2700000.0,2905000.0,185000.0,20000.0
1651000.0,1650000.0,1650000.0,1000.0,1000.0
625000.0,635000.0,610000.0,10000.0,15000.0
3710000.0,3888888.0,3888000.0,178888.0,178000.0
1256000.0,1200000.0,1250000.0,56000.0,6000.0
658000.0,650000.0,650000.0,8000.0,8000.0
1650000.0,1450000.0,1465000.0,200000.0,185000.0
1350000.0,1195000.0,1215000.0,155000.0,135000.0
1010000.0,1050000.0,1055000.0,40000.0,45000.0
1107000.0,1100000.0,1130000.0,7000.0,23000.0
729900.0,734000.0,747000.0,4100.0,17100.0
3500000.0,3150000.0,3150000.0,350000.0,350000.0
4250000.0,4010000.0,3995000.0,240000.0,255000.0
1339000.0,1315000.0,1350000.0,24000.0,11000.0
715000.0,689000.0,680000.0,26000.0,35000.0
950000.0,940000.0,940000.0,10000.0,10000.0
1300000.0,1200000.0,1275000.0,100000.0,25000.0
550000.0,545000.0,540000.0,5000.0,10000.0
1700000.0,1710000.0,1500000.0,10000.0,200000.0
1075000.0,1125000.0,1200000.0,50000.0,125000.0
1318675.0,1391500.0,1385000.0,72825.0,66325.0
405000.0,405000.0,430000.0,0.0,25000.0
2180000.0,2350000.0,2350000.0,170000.0,170000.0
2350000.0,2510000.0,2300000.0,160000.0,50000.0
898000.0,890000.0,895000.0,8000.0,3000.0
1229000.0,1199000.0,1150000.0,30000.0,79000.0
4200000.0,3950000.0,4338121.0,250000.0,138121.0
1080000.0,999900.0,1000000.0,80100.0,80000.0
3700000.0,3826000.0,3200000.0,126000.0,500000.0
3525000.0,3375000.0,3370000.0,150000.0,155000.0
6320000.0,6000000.0,6630000.0,320000.0,310000.0
1714000.0,1965000.0,1670000.0,251000.0,44000.0
869000.0,857000.0,857000.0,12000.0,12000.0
1790000.0,1780000.0,1720000.0,10000.0,70000.0
3760000.0,3060000.0,3300000.0,700000.0,460000.0
2450000.0,2500000.0,2300000.0,50000.0,150000.0
590000.0,590000.0,570000.0,0.0,20000.0
840000.0,828000.0,825000.0,12000.0,15000.0
965000.0,915000.0,980000.0,50000.0,15000.0
2680000.0,2630000.0,2728000.0,50000.0,48000.0
1378000.0,1205000.0,1230000.0,173000.0,148000.0
1720000.0,1680000.0,1700000.0,40000.0,20000.0
835000.0,840000.0,870000.0,5000.0,35000.0
785000.0,770000.0,712405.0,15000.0,72595.0
1750000.0,1230000.0,1620000.0,520000.0,130000.0
2550000.0,2470000.0,2500000.0,80000.0,50000.0
385000.0,407000.0,400000.0,22000.0,15000.0
760000.0,750000.0,750000.0,10000.0,10000.0
199900.0,180000.0,182500.0,19900.0,17400.0
1800000.0,2000000.0,1850000.0,200000.0,50000.0
1248000.0,1250000.0,1200000.0,2000.0,48000.0
1875000.0,1870000.0,1860000.0,5000.0,15000.0
870000.0,850000.0,869000.0,20000.0,1000.0
830000.0,780000.0,850000.0,50000.0,20000.0
1225000.0,1150000.0,1210000.0,75000.0,15000.0
1480000.0,1625000.0,1550000.0,145000.0,70000.0
1210000.0,1205300.0,1259900.0,4700.0,49900.0
985000.0,1053000.0,850000.0,68000.0,135000.0
1800000.0,1780000.0,1720000.0,20000.0,80000.0
434900.0,435000.0,427500.0,100.0,7400.0
2299000.0,2065000.0,2065000.0,234000.0,234000.0
404990.0,370000.0,400000.0,34990.0,4990.0
690000.0,700000.0,700000.0,10000.0,10000.0
885000.0,870000.0,890000.0,15000.0,5000.0
1793800.0,1600000.0,1600000.0,193800.0,193800.0
1600000.0,1621000.0,1250000.0,21000.0,350000.0
950000.0,980000.0,980000.0,30000.0,30000.0
370000.0,397000.0,405000.0,27000.0,35000.0
1869000.0,1750000.0,1790000.0,119000.0,79000.0
650000.0,625000.0,639000.0,25000.0,11000.0
1450000.0,1580000.0,1347500.0,130000.0,102500.0
1490000.0,1500000.0,1500000.0,10000.0,10000.0
2900000.0,3350000.0,3300000.0,450000.0,400000.0
883000.0,875000.0,875000.0,8000.0,8000.0
1855000.0,1825000.0,1825000.0,30000.0,30000.0
950000.0,799000.0,850000.0,151000.0,100000.0
649900.0,650000.0,630000.0,100.0,19900.0
1265000.0,1300000.0,1320000.0,35000.0,55000.0
485000.0,420000.0,417750.0,65000.0,67250.0
633800.0,600000.0,563000.0,33800.0,70800.0
1275000.0,1220000.0,1180000.0,55000.0,95000.0
1100000.0,1077000.0,1090000.0,23000.0,10000.0
555000.0,560000.0,553000.0,5000.0,2000.0
1649000.0,1660000.0,1640000.0,11000.0,9000.0
792000.0,795000.0,787000.0,3000.0,5000.0
1490000.0,1513000.0,1520000.0,23000.0,30000.0
395000.0,405000.0,382000.0,10000.0,13000.0
1325000.0,1355000.0,1275000.0,30000.0,50000.0
1715000.0,1625000.0,1650000.0,90000.0,65000.0
385000.0,385000.0,385000.0,0.0,0.0
4100000.0,3870000.0,4175000.0,230000.0,75000.0
900000.0,880000.0,837800.0,20000.0,62200.0
1325000.0,1245000.0,1235000.0,80000.0,90000.0
1195000.0,1215000.0,1075000.0,20000.0,120000.0
580000.0,580000.0,600000.0,0.0,20000.0
925000.0,870000.0,890000.0,55000.0,35000.0
1790000.0,1660000.0,1840000.0,130000.0,50000.0
970000.0,955000.0,945000.0,15000.0,25000.0
1650000.0,1540000.0,1625000.0,110000.0,25000.0
440000.0,459000.0,459000.0,19000.0,19000.0
885000.0,870000.0,870000.0,15000.0,15000.0
3150000.0,3300000.0,3175000.0,150000.0,25000.0
855000.0,820000.0,825000.0,35000.0,30000.0
785000.0,785000.0,779999.0,0.0,5001.0
555000.0,555000.0,500000.0,0.0,55000.0
795000.0,796000.0,800000.0,1000.0,5000.0
965000.0,875000.0,1025000.0,90000.0,60000.0
720000.0,430000.0,560000.0,290000.0,160000.0
810000.0,730000.0,748500.0,80000.0,61500.0
852000.0,855000.0,799000.0,3000.0,53000.0
253000.0,238000.0,250000.0,15000.0,3000.0
1200000.0,1240000.0,1200000.0,40000.0,0.0
780000.0,720000.0,720000.0,60000.0,60000.0
1760000.0,1705000.0,1775000.0,55000.0,15000.0
1400000.0,1350000.0,1485000.0,50000.0,85000.0
1100000.0,1150000.0,1089000.0,50000.0,11000.0
2220000.0,1950000.0,2195000.0,270000.0,25000.0
1150000.0,1150000.0,1100000.0,0.0,50000.0
1470000.0,1600000.0,1525000.0,130000.0,55000.0
360000.0,370000.0,370000.0,10000.0,10000.0
1300000.0,1339000.0,1340000.0,39000.0,40000.0
615000.0,635000.0,640000.0,20000.0,25000.0
1080000.0,920000.0,950000.0,160000.0,130000.0
870000.0,915000.0,885500.0,45000.0,15500.0
215000.0,190000.0,190000.0,25000.0,25000.0
1020000.0,981000.0,953000.0,39000.0,67000.0
635285.0,630000.0,625855.0,5285.0,9430.0
1450000.0,1400000.0,1350000.0,50000.0,100000.0
1747250.0,1800000.0,1695000.0,52750.0,52250.0
2085000.0,1939900.0,1920000.0,145100.0,165000.0
261800.0,325000.0,325000.0,63200.0,63200.0
1250000.0,1150000.0,1150000.0,100000.0,100000.0
845000.0,905000.0,925000.0,60000.0,80000.0
302500.0,285000.0,275000.0,17500.0,27500.0
1390000.0,1395000.0,1395000.0,5000.0,5000.0
667000.0,650000.0,660000.0,17000.0,7000.0
1125000.0,999000.0,960000.0,126000.0,165000.0
1605860.0,1200000.0,1225000.0,405860.0,380860.0
955000.0,875000.0,905000.0,80000.0,50000.0
770000.0,700000.0,675000.0,70000.0,95000.0
1525000.0,1480000.0,1525000.0,45000.0,0.0
1100000.0,1121200.0,1125000.0,21200.0,25000.0
519000.0,513000.0,490000.0,6000.0,29000.0
156000.0,129000.0,119000.0,27000.0,37000.0
800000.0,800000.0,795000.0,0.0,5000.0
1100000.0,1050000.0,1166000.0,50000.0,66000.0
750000.0,650000.0,650000.0,100000.0,100000.0
1165000.0,1090000.0,1090000.0,75000.0,75000.0
421000.0,420000.0,416000.0,1000.0,5000.0
570000.0,565000.0,545000.0,5000.0,25000.0
1575000.0,1462500.0,1350000.0,112500.0,225000.0
1375000.0,1375000.0,1350000.0,0.0,25000.0
997000.0,955000.0,955000.0,42000.0,42000.0
1649000.0,1500000.0,1550000.0,149000.0,99000.0
692000.0,695000.0,700000.0,3000.0,8000.0
1190000.0,1150000.0,1133000.0,40000.0,57000.0
985000.0,981000.0,995000.0,4000.0,10000.0
1380000.0,1300000.0,1350000.0,80000.0,30000.0
845000.0,830000.0,840000.0,15000.0,5000.0
875000.0,820000.0,810000.0,55000.0,65000.0
465000.0,430000.0,450000.0,35000.0,15000.0
1495000.0,1400000.0,1430000.0,95000.0,65000.0
550000.0,560000.0,560000.0,10000.0,10000.0
1420000.0,1150000.0,1150000.0,270000.0,270000.0
900000.0,865000.0,858000.0,35000.0,42000.0
1893000.0,1840000.0,2150000.0,53000.0,257000.0
1699000.0,1650000.0,1610000.0,49000.0,89000.0
777500.0,727000.0,734000.0,50500.0,43500.0
775000.0,750000.0,750000.0,25000.0,25000.0
840000.0,850000.0,820000.0,10000.0,20000.0
659000.0,656000.0,669000.0,3000.0,10000.0
1345000.0,1410000.0,1375000.0,65000.0,30000.0
1125000.0,1070000.0,1065000.0,55000.0,60000.0
885000.0,860000.0,850000.0,25000.0,35000.0
980000.0,940000.0,925000.0,40000.0,55000.0
1800000.0,1850000.0,1800000.0,50000.0,0.0
1168000.0,1600000.0,1314000.0,432000.0,146000.0
1960000.0,1855000.0,2065000.0,105000.0,105000.0
5300000.0,5401000.0,5401000.0,101000.0,101000.0
540364.0,527990.0,527990.0,12374.0,12374.0
1250000.0,1240000.0,1140000.0,10000.0,110000.0
1375000.0,1180000.0,1290000.0,195000.0,85000.0
1690000.0,1670000.0,1670000.0,20000.0,20000.0
1950000.0,1825000.0,1865000.0,125000.0,85000.0
395000.0,332500.0,315000.0,62500.0,80000.0
867500.0,872000.0,872000.0,4500.0,4500.0
950000.0,975000.0,950000.0,25000.0,0.0
1410000.0,1165000.0,1350000.0,245000.0,60000.0
870000.0,827000.0,800000.0,43000.0,70000.0
2600000.0,2600000.0,2600000.0,0.0,0.0
675000.0,660000.0,687000.0,15000.0,12000.0
849000.0,900000.0,890000.0,51000.0,41000.0
735000.0,730000.0,750000.0,5000.0,15000.0
1100000.0,980000.0,1059000.0,120000.0,41000.0
400000.0,415000.0,395000.0,15000.0,5000.0
690000.0,625000.0,610000.0,65000.0,80000.0
4618000.0,6960000.0,3800000.0,2342000.0,818000.0
1194500.0,1200000.0,1215000.0,5500.0,20500.0
1755000.0,1650000.0,1698888.0,105000.0,56112.0
3250000.0,3304320.0,3900000.0,54320.0,650000.0
3225000.0,3200000.0,3250000.0,25000.0,25000.0
1160000.0,1128000.0,1050000.0,32000.0,110000.0
765000.0,775000.0,785000.0,10000.0,20000.0
1165000.0,1050000.0,1180000.0,115000.0,15000.0
900000.0,930000.0,890000.0,30000.0,10000.0
1790000.0,1770000.0,1800000.0,20000.0,10000.0
760000.0,755000.0,703000.0,5000.0,57000.0
1100000.0,1010000.0,1050000.0,90000.0,50000.0
788000.0,815000.0,815000.0,27000.0,27000.0
1229000.0,1175000.0,1195000.0,54000.0,34000.0
775000.0,773000.0,740000.0,2000.0,35000.0
4300000.0,3800000.0,3710000.0,500000.0,590000.0
765000.0,755000.0,760000.0,10000.0,5000.0
3200000.0,3050000.0,2968334.0,150000.0,231666.0
1300000.0,1185000.0,1165000.0,115000.0,135000.0
1317000.0,1295000.0,1353000.0,22000.0,36000.0
1785000.0,1835000.0,1785000.0,50000.0,0.0
1120000.0,1100000.0,1095000.0,20000.0,25000.0
330000.0,350000.0,355000.0,20000.0,25000.0
961240.0,940000.0,900000.0,21240.0,61240.0
249000.0,242000.0,242000.0,7000.0,7000.0
1100000.0,1010000.0,1000000.0,90000.0,100000.0
1600000.0,1640000.0,1524000.0,40000.0,76000.0
811000.0,701000.0,800000.0,110000.0,11000.0
872000.0,866000.0,866000.0,6000.0,6000.0
1060000.0,1026698.0,1099000.0,33302.0,39000.0
300000.0,377000.0,380000.0,77000.0,80000.0
356000.0,355000.0,350000.0,1000.0,6000.0
525000.0,510000.0,523000.0,15000.0,2000.0
847700.0,859000.0,871000.0,11300.0,23300.0
3500000.0,3499000.0,3400000.0,1000.0,100000.0
675000.0,655000.0,650000.0,20000.0,25000.0
724750.0,725000.0,700000.0,250.0,24750.0
1475000.0,1262500.0,1262500.0,212500.0,212500.0
1115000.0,1090000.0,1115000.0,25000.0,0.0
1525000.0,1535000.0,1475000.0,10000.0,50000.0
767000.0,850000.0,850000.0,83000.0,83000.0
737000.0,590000.0,620000.0,147000.0,117000.0
201500.0,165000.0,170000.0,36500.0,31500.0
735000.0,747500.0,747500.0,12500.0,12500.0
640000.0,610000.0,605000.0,30000.0,35000.0
817000.0,795000.0,780000.0,22000.0,37000.0
705000.0,689000.0,579000.0,16000.0,126000.0
1249000.0,1210000.0,1119450.0,39000.0,129550.0
2180000.0,2100000.0,2150000.0,80000.0,30000.0
569900.0,520000.0,520000.0,49900.0,49900.0
500000.0,475000.0,515000.0,25000.0,15000.0
1650000.0,1325000.0,1329750.0,325000.0,320250.0
880000.0,869000.0,875000.0,11000.0,5000.0
1675525.0,1600000.0,1600000.0,75525.0,75525.0
779000.0,800000.0,800000.0,21000.0,21000.0
2165000.0,1741000.0,2050000.0,424000.0,115000.0
545000.0,542500.0,560000.0,2500.0,15000.0
555000.0,565000.0,550000.0,10000.0,5000.0
1150000.0,1108000.0,1000000.0,42000.0,150000.0
700000.0,677000.0,706000.0,23000.0,6000.0
975000.0,950000.0,953000.0,25000.0,22000.0
725000.0,600000.0,735000.0,125000.0,10000.0
785000.0,735000.0,715000.0,50000.0,70000.0
750000.0,750000.0,722000.0,0.0,28000.0
1851200.0,1800000.0,1670000.0,51200.0,181200.0
747000.0,748000.0,754000.0,1000.0,7000.0
750000.0,810000.0,822000.0,60000.0,72000.0
780000.0,780000.0,780000.0,0.0,0.0
1525000.0,1500000.0,1460000.0,25000.0,65000.0
1050000.0,878888.0,905500.0,171112.0,144500.0
615000.0,675000.0,616000.0,60000.0,1000.0
830000.0,775000.0,800000.0,55000.0,30000.0
1970000.0,2310000.0,2285000.0,340000.0,315000.0
825000.0,835000.0,800000.0,10000.0,25000.0
675000.0,684900.0,680000.0,9900.0,5000.0
1258000.0,1075000.0,1090000.0,183000.0,168000.0
1425000.0,1515000.0,1429990.0,90000.0,4990.0
1385000.0,1825000.0,1688000.0,440000.0,303000.0
684000.0,675000.0,690000.0,9000.0,6000.0
1142000.0,900000.0,1087500.0,242000.0,54500.0
685000.0,685990.0,685000.0,990.0,0.0
708000.0,700000.0,700000.0,8000.0,8000.0
1125000.0,1232000.0,1130000.0,107000.0,5000.0
1150000.0,1117000.0,1140000.0,33000.0,10000.0
1350000.0,1320000.0,1415000.0,30000.0,65000.0
600000.0,595000.0,650000.0,5000.0,50000.0
450000.0,415000.0,439000.0,35000.0,11000.0
715000.0,735000.0,735000.0,20000.0,20000.0
845000.0,740000.0,758500.0,105000.0,86500.0
1200000.0,1130000.0,1168000.0,70000.0,32000.0
1260000.0,1250000.0,1305000.0,10000.0,45000.0
537000.0,576000.0,565000.0,39000.0,28000.0
1200000.0,1169000.0,1350000.0,31000.0,150000.0
1375000.0,1110000.0,1090000.0,265000.0,285000.0
675000.0,650000.0,650000.0,25000.0,25000.0
1110000.0,990000.0,1050000.0,120000.0,60000.0
670000.0,660000.0,675000.0,10000.0,5000.0
2240000.0,2290000.0,2251000.0,50000.0,11000.0
3000000.0,2998000.0,3000000.0,2000.0,0.0
660000.0,660000.0,682500.0,0.0,22500.0
1825000.0,2060000.0,2010000.0,235000.0,185000.0
467000.0,444000.0,444000.0,23000.0,23000.0
630000.0,608000.0,610000.0,22000.0,20000.0
3830000.0,3950000.0,3950000.0,120000.0,120000.0
702500.0,717000.0,717000.0,14500.0,14500.0
350000.0,350000.0,349900.0,0.0,100.0
885000.0,885000.0,905000.0,0.0,20000.0
2038850.0,2512000.0,2512000.0,473150.0,473150.0
1925000.0,1920000.0,1964990.0,5000.0,39990.0
1094000.0,1082500.0,1075000.0,11500.0,19000.0
2600000.0,2700000.0,2700000.0,100000.0,100000.0
1630000.0,1350000.0,1450000.0,280000.0,180000.0
665000.0,657500.0,625000.0,7500.0,40000.0
850000.0,870000.0,870000.0,20000.0,20000.0
1162500.0,1169000.0,1156000.0,6500.0,6500.0
880000.0,868888.0,868888.0,11112.0,11112.0
2200000.0,2050000.0,2101000.0,150000.0,99000.0
1921000.0,1650000.0,1650000.0,271000.0,271000.0
870000.0,765000.0,790000.0,105000.0,80000.0
2500000.0,2500000.0,2400000.0,0.0,100000.0
610000.0,639900.0,640000.0,29900.0,30000.0
825000.0,749000.0,745000.0,76000.0,80000.0
1000000.0,1025000.0,1025000.0,25000.0,25000.0
2400000.0,2455000.0,2367000.0,55000.0,33000.0
1629710.0,1580000.0,1595000.0,49710.0,34710.0
2462000.0,2450000.0,2385000.0,12000.0,77000.0
1400000.0,1270000.0,1250000.0,130000.0,150000.0
823800.0,750000.0,725000.0,73800.0,98800.0
2288000.0,2320000.0,2295000.0,32000.0,7000.0
594990.0,687896.0,687896.0,92906.0,92906.0
2650000.0,2725000.0,2400000.0,75000.0,250000.0
1715000.0,1665000.0,1640000.0,50000.0,75000.0
1865000.0,2000000.0,1974900.0,135000.0,109900.0
610000.0,599950.0,605000.0,10050.0,5000.0
812500.0,835000.0,830000.0,22500.0,17500.0
1000000.0,925000.0,950000.0,75000.0,50000.0
3160000.0,2910000.0,3200000.0,250000.0,40000.0
3302000.0,2950000.0,2950000.0,352000.0,352000.0
2780000.0,2150000.0,1860000.0,630000.0,920000.0
2030000.0,2080000.0,2250000.0,50000.0,220000.0
435000.0,435000.0,435000.0,0.0,0.0
1025000.0,1165000.0,1317000.0,140000.0,292000.0
740000.0,755000.0,760000.0,15000.0,20000.0
2530000.0,1978000.0,1950000.0,552000.0,580000.0
2775000.0,1790000.0,1860000.0,985000.0,915000.0
852000.0,865000.0,865000.0,13000.0,13000.0
1000000.0,981000.0,975000.0,19000.0,25000.0
1799900.0,1695000.0,1695000.0,104900.0,104900.0
925000.0,950000.0,950000.0,25000.0,25000.0
800000.0,749000.0,775000.0,51000.0,25000.0
880000.0,1052000.0,950000.0,172000.0,70000.0
760000.0,785000.0,780000.0,25000.0,20000.0
1555000.0,1568000.0,1600000.0,13000.0,45000.0
1400000.0,1320000.0,1320000.0,80000.0,80000.0
2659000.0,2800000.0,2800000.0,141000.0,141000.0
1188000.0,999950.0,900000.0,188050.0,288000.0
2990000.0,2755000.0,2895000.0,235000.0,95000.0
552500.0,520000.0,520000.0,32500.0,32500.0
1200000.0,1250000.0,1250000.0,50000.0,50000.0
1541900.0,1500000.0,1500000.0,41900.0,41900.0
599990.0,600000.0,600000.0,10.0,10.0
4710000.0,4475000.0,4475000.0,235000.0,235000.0
950000.0,892500.0,860000.0,57500.0,90000.0
1180000.0,1200000.0,895000.0,20000.0,285000.0
750000.0,690000.0,699900.0,60000.0,50100.0
895000.0,890000.0,900000.0,5000.0,5000.0
690000.0,620000.0,600000.0,70000.0,90000.0
1235000.0,1357500.0,1357500.0,122500.0,122500.0
369000.0,330000.0,330000.0,39000.0,39000.0
1250000.0,1200000.0,1370000.0,50000.0,120000.0
1508000.0,1530000.0,1475000.0,22000.0,33000.0
1199888.0,1125000.0,1200000.0,74888.0,112.0
2190000.0,2065000.0,2165000.0,125000.0,25000.0
900000.0,885000.0,900000.0,15000.0,0.0
785000.0,775000.0,785000.0,10000.0,0.0
1200000.0,1300000.0,1295000.0,100000.0,95000.0
1049000.0,1021000.0,1065000.0,28000.0,16000.0
1250000.0,1233000.0,1225000.0,17000.0,25000.0
450000.0,470000.0,475000.0,20000.0,25000.0
535000.0,517000.0,517000.0,18000.0,18000.0
340500.0,329000.0,330000.0,11500.0,10500.0
1670000.0,1600000.0,1620000.0,70000.0,50000.0
2125000.0,1873000.0,1893000.0,252000.0,232000.0
1225000.0,1200000.0,1189000.0,25000.0,36000.0
2450000.0,2315000.0,2280000.0,135000.0,170000.0
905000.0,765000.0,805000.0,140000.0,100000.0
840000.0,800000.0,825000.0,40000.0,15000.0
1410000.0,1320000.0,1379000.0,90000.0,31000.0
1290000.0,1200000.0,1117000.0,90000.0,173000.0
1500000.0,750000.0,865000.0,750000.0,635000.0
2200000.0,1800000.0,1876000.0,400000.0,324000.0
2000000.0,2350000.0,2000000.0,350000.0,0.0
1409000.0,1560000.0,1350000.0,151000.0,59000.0
880000.0,885000.0,882500.0,5000.0,2500.0
582000.0,550000.0,585000.0,32000.0,3000.0
520000.0,510000.0,510000.0,10000.0,10000.0
1675000.0,1600000.0,1600000.0,75000.0,75000.0
1305000.0,1250000.0,1300000.0,55000.0,5000.0
941500.0,915000.0,887000.0,26500.0,54500.0
1784755.0,1675000.0,1675000.0,109755.0,109755.0
500000.0,495000.0,495000.0,5000.0,5000.0
1403500.0,1370000.0,1379000.0,33500.0,24500.0
676000.0,660000.0,665000.0,16000.0,11000.0
505000.0,510000.0,510000.0,5000.0,5000.0
2320000.0,2280000.0,2385000.0,40000.0,65000.0
2600000.0,2700000.0,2675000.0,100000.0,75000.0
1308000.0,1370000.0,1250000.0,62000.0,58000.0
370000.0,382000.0,360000.0,12000.0,10000.0
1700000.0,1725000.0,1700000.0,25000.0,0.0
3300000.0,2863000.0,2765000.0,437000.0,535000.0
2050000.0,2050000.0,2000000.0,0.0,50000.0
716000.0,720000.0,715000.0,4000.0,1000.0
1045000.0,1055000.0,1060000.0,10000.0,15000.0
1200000.0,1343000.0,1343000.0,143000.0,143000.0
395000.0,375000.0,390000.0,20000.0,5000.0
930000.0,980000.0,980000.0,50000.0,50000.0
1365000.0,1354000.0,1425000.0,11000.0,60000.0
489999.0,495000.0,490000.0,5001.0,1.0
1225000.0,1165000.0,1205000.0,60000.0,20000.0
3200000.0,3090000.0,3020000.0,110000.0,180000.0
1585000.0,1475000.0,1510000.0,110000.0,75000.0
1189000.0,1350000.0,1225000.0,161000.0,36000.0
1165000.0,1175000.0,1135000.0,10000.0,30000.0
1085000.0,1101000.0,940000.0,16000.0,145000.0
949000.0,950000.0,950000.0,1000.0,1000.0
1499000.0,1485000.0,1475000.0,14000.0,24000.0
1000000.0,985000.0,982000.0,15000.0,18000.0
1545000.0,1649000.0,1784500.0,104000.0,239500.0
769500.0,765000.0,800000.0,4500.0,30500.0
1145000.0,1129777.0,1150000.0,15223.0,5000.0
2055000.0,2298000.0,2320000.0,243000.0,265000.0
3110000.0,2558000.0,2638000.0,552000.0,472000.0
1830000.0,1875000.0,1830000.0,45000.0,0.0
2138950.0,2010000.0,2010000.0,128950.0,128950.0
1900000.0,1835000.0,2150000.0,65000.0,250000.0
749000.0,715000.0,750000.0,34000.0,1000.0
620000.0,635000.0,589400.0,15000.0,30600.0
1362500.0,1450000.0,1375000.0,87500.0,12500.0
3518000.0,2605000.0,2010000.0,913000.0,1508000.0
790000.0,730000.0,730000.0,60000.0,60000.0
876500.0,880000.0,880000.0,3500.0,3500.0
1690000.0,1648000.0,1605000.0,42000.0,85000.0
705000.0,750000.0,785000.0,45000.0,80000.0
1540000.0,1465000.0,1300000.0,75000.0,240000.0
1988500.0,2000000.0,2030000.0,11500.0,41500.0
1225000.0,1225000.0,1225000.0,0.0,0.0
6800000.0,6650000.0,6585000.0,150000.0,215000.0
960000.0,890000.0,910000.0,70000.0,50000.0
1400000.0,1475000.0,1350888.0,75000.0,49112.0
621000.0,575000.0,575000.0,46000.0,46000.0
1700000.0,1950000.0,1599000.0,250000.0,101000.0
3800000.0,3100000.0,2700000.0,700000.0,1100000.0
3550000.0,3400000.0,3280000.0,150000.0,270000.0
1850000.0,1620000.0,1832847.0,230000.0,17153.0
765000.0,735000.0,750000.0,30000.0,15000.0
2175000.0,2155000.0,2055000.0,20000.0,120000.0
1652000.0,1580000.0,1725000.0,72000.0,73000.0
960000.0,820000.0,1031647.0,140000.0,71647.0
940000.0,850000.0,880000.0,90000.0,60000.0
1655000.0,1650000.0,1700000.0,5000.0,45000.0
764900.0,755000.0,755000.0,9900.0,9900.0
1800000.0,1650000.0,1730000.0,150000.0,70000.0
9800000.0,9350000.0,10099000.0,450000.0,299000.0
1388500.0,1340000.0,1300000.0,48500.0,88500.0
450000.0,438000.0,430000.0,12000.0,20000.0
765000.0,759000.0,747500.0,6000.0,17500.0
975000.0,950000.0,975000.0,25000.0,0.0
620000.0,625000.0,625000.0,5000.0,5000.0
1220000.0,1205000.0,1185000.0,15000.0,35000.0
1125000.0,1050000.0,1200000.0,75000.0,75000.0
1850000.0,1790000.0,1735000.0,60000.0,115000.0
390000.0,370000.0,369500.0,20000.0,20500.0
838300.0,855000.0,851383.0,16700.0,13083.0
780000.0,740000.0,740000.0,40000.0,40000.0
4450000.0,4225000.0,4180000.0,225000.0,270000.0
850000.0,814000.0,750000.0,36000.0,100000.0
835000.0,830000.0,839000.0,5000.0,4000.0
605000.0,570000.0,609000.0,35000.0,4000.0
1500000.0,2365000.0,1600000.0,865000.0,100000.0
3300000.0,3075000.0,2125000.0,225000.0,1175000.0
585000.0,585000.0,605000.0,0.0,20000.0
1350000.0,1367699.0,1350000.0,17699.0,0.0
2300000.0,2100000.0,2250000.0,200000.0,50000.0
775000.0,785000.0,770000.0,10000.0,5000.0
1840000.0,2000000.0,2000000.0,160000.0,160000.0
1905000.0,1850000.0,1850000.0,55000.0,55000.0
2025000.0,1950000.0,2100000.0,75000.0,75000.0
980000.0,980000.0,960000.0,0.0,20000.0
625000.0,610000.0,615000.0,15000.0,10000.0
790000.0,795000.0,765000.0,5000.0,25000.0
935000.0,950000.0,1100000.0,15000.0,165000.0
1400000.0,1365000.0,1370000.0,35000.0,30000.0
1355000.0,1358000.0,1370000.0,3000.0,15000.0
1500000.0,1400000.0,1400000.0,100000.0,100000.0
2390000.0,2450000.0,2400000.0,60000.0,10000.0
845000.0,870000.0,855000.0,25000.0,10000.0
700000.0,699900.0,730000.0,100.0,30000.0
880000.0,865000.0,881000.0,15000.0,1000.0
3500000.0,3100000.0,3060000.0,400000.0,440000.0
1380000.0,1325000.0,1219888.0,55000.0,160112.0
1400000.0,1360000.0,1388888.0,40000.0,11112.0
1351000.0,1250000.0,1250000.0,101000.0,101000.0
1250000.0,1150000.0,1210000.0,100000.0,40000.0
740000.0,710000.0,737750.0,30000.0,2250.0
820000.0,850000.0,840000.0,30000.0,20000.0
987000.0,979000.0,975000.0,8000.0,12000.0
460000.0,476000.0,475000.0,16000.0,15000.0
2218000.0,2175000.0,2310000.0,43000.0,92000.0
3500000.0,3450000.0,3450000.0,50000.0,50000.0
587000.0,625000.0,605000.0,38000.0,18000.0
965000.0,970000.0,965000.0,5000.0,0.0
1015000.0,990000.0,1010000.0,25000.0,5000.0
1200000.0,1125000.0,1115000.0,75000.0,85000.0
1400000.0,1375000.0,1390000.0,25000.0,10000.0
1685000.0,1700000.0,1699000.0,15000.0,14000.0
950000.0,960000.0,960000.0,10000.0,10000.0
450000.0,445000.0,447000.0,5000.0,3000.0
3298000.0,3510000.0,3450000.0,212000.0,152000.0
670000.0,660000.0,640000.0,10000.0,30000.0
1225000.0,1250000.0,1170000.0,25000.0,55000.0
557000.0,560000.0,540000.0,3000.0,17000.0
1570000.0,1600000.0,1600000.0,30000.0,30000.0
950000.0,900000.0,965000.0,50000.0,15000.0
1315000.0,1250000.0,1345000.0,65000.0,30000.0
610000.0,599990.0,615859.0,10010.0,5859.0
710000.0,715000.0,720000.0,5000.0,10000.0
1450000.0,1450000.0,1445000.0,0.0,5000.0
1485000.0,1450000.0,1510000.0,35000.0,25000.0
910000.0,899000.0,930000.0,11000.0,20000.0
465000.0,485000.0,480000.0,20000.0,15000.0
1000000.0,875000.0,871000.0,125000.0,129000.0
580000.0,555000.0,500888.0,25000.0,79112.0
970000.0,953000.0,931000.0,17000.0,39000.0
1390000.0,1470000.0,1390000.0,80000.0,0.0
3225000.0,3300000.0,3000000.0,75000.0,225000.0
840000.0,825000.0,815000.0,15000.0,25000.0
1385000.0,1288000.0,1260000.0,97000.0,125000.0
940000.0,910000.0,910000.0,30000.0,30000.0
1501000.0,1685333.0,1600000.0,184333.0,99000.0
1375000.0,1350000.0,1375000.0,25000.0,0.0
639900.0,650000.0,639000.0,10100.0,900.0
1015000.0,1026000.0,1010000.0,11000.0,5000.0
824900.0,850000.0,850000.0,25100.0,25100.0
805000.0,750000.0,780000.0,55000.0,25000.0
2000000.0,2450000.0,2450000.0,450000.0,450000.0
2064799.0,2175000.0,2175000.0,110201.0,110201.0
2250000.0,2280000.0,2330000.0,30000.0,80000.0
1275000.0,1375000.0,1350000.0,100000.0,75000.0
570000.0,600000.0,600000.0,30000.0,30000.0
1950000.0,2320000.0,2135000.0,370000.0,185000.0
963000.0,971111.0,1000000.0,8111.0,37000.0
3730000.0,3880000.0,3550000.0,150000.0,180000.0
685000.0,695000.0,665000.0,10000.0,20000.0
1299000.0,1235000.0,1150000.0,64000.0,149000.0
689000.0,670000.0,669000.0,19000.0,20000.0
870000.0,785000.0,880000.0,85000.0,10000.0
1880000.0,1855000.0,1900000.0,25000.0,20000.0
5527000.0,5600000.0,5500000.0,73000.0,27000.0
1350000.0,1275000.0,1385000.0,75000.0,35000.0
1809000.0,1800000.0,1800000.0,9000.0,9000.0
1395000.0,1418000.0,1700000.0,23000.0,305000.0
1350000.0,1236000.0,1236000.0,114000.0,114000.0
520000.0,530000.0,530000.0,10000.0,10000.0
850000.0,850000.0,814500.0,0.0,35500.0
680000.0,685000.0,665000.0,5000.0,15000.0
350000.0,335000.0,320000.0,15000.0,30000.0
989000.0,1050000.0,1000000.0,61000.0,11000.0
685000.0,685000.0,700000.0,0.0,15000.0
699900.0,729000.0,690000.0,29100.0,9900.0
925000.0,915000.0,905000.0,10000.0,20000.0
880000.0,858000.0,870000.0,22000.0,10000.0
880000.0,905000.0,886000.0,25000.0,6000.0
620000.0,550000.0,550000.0,70000.0,70000.0
675000.0,650000.0,630000.0,25000.0,45000.0
390000.0,375000.0,390000.0,15000.0,0.0
1749000.0,1700000.0,1300000.0,49000.0,449000.0
745000.0,760000.0,804000.0,15000.0,59000.0
790000.0,780000.0,785000.0,10000.0,5000.0
2900000.0,2945000.0,2800000.0,45000.0,100000.0
1100000.0,1085000.0,1126000.0,15000.0,26000.0
1606000.0,1700000.0,1495000.0,94000.0,111000.0
703000.0,674500.0,685000.0,28500.0,18000.0
755000.0,730000.0,685000.0,25000.0,70000.0
935000.0,899000.0,925000.0,36000.0,10000.0
1560000.0,1550000.0,1620000.0,10000.0,60000.0
657000.0,660000.0,645000.0,3000.0,12000.0
1173000.0,1250000.0,1150000.0,77000.0,23000.0
1850000.0,1775000.0,1850000.0,75000.0,0.0
2700000.0,2800000.0,2745000.0,100000.0,45000.0
1000000.0,1088888.0,1088888.0,88888.0,88888.0
400000.0,395000.0,395000.0,5000.0,5000.0
1500000.0,1435000.0,1510000.0,65000.0,10000.0
1850000.0,1743000.0,1850000.0,107000.0,0.0
658000.0,659000.0,645000.0,1000.0,13000.0
1025000.0,1085000.0,1000000.0,60000.0,25000.0
1720777.0,1500000.0,1655000.0,220777.0,65777.0
660000.0,640000.0,665000.0,20000.0,5000.0
425000.0,435000.0,420000.0,10000.0,5000.0
1582000.0,1525000.0,1635000.0,57000.0,53000.0
1674000.0,1779500.0,1800000.0,105500.0,126000.0
1442750.0,1200000.0,1084255.3,242750.0,358494.69999999995
1190000.0,1315000.0,1198868.0,125000.0,8868.0
1100000.0,1099999.0,1070000.0,1.0,30000.0
989000.0,940000.0,952500.0,49000.0,36500.0
1525000.0,1509000.0,1525000.0,16000.0,0.0
720000.0,842500.0,742000.0,122500.0,22000.0
476000.0,450000.0,442500.0,26000.0,33500.0
961000.0,970000.0,970000.0,9000.0,9000.0
2000000.0,2070000.0,2025000.0,70000.0,25000.0
1131000.0,1005000.0,1020000.0,126000.0,111000.0
2220000.0,2635000.0,2200000.0,415000.0,20000.0
1315000.0,1270000.0,1270000.0,45000.0,45000.0
355000.0,333000.0,340000.0,22000.0,15000.0
2550000.0,2495000.0,2469900.0,55000.0,80100.0
780000.0,705000.0,749000.0,75000.0,31000.0
1475000.0,1430000.0,1450000.0,45000.0,25000.0
1625000.0,1075000.0,1135000.0,550000.0,490000.0
875000.0,920000.0,880000.0,45000.0,5000.0
1180000.0,1250000.0,1215000.0,70000.0,35000.0
625000.0,613500.0,620000.0,11500.0,5000.0
370000.0,357000.0,375000.0,13000.0,5000.0
1020000.0,1200000.0,1245000.0,180000.0,225000.0
2200000.0,2033000.0,2035000.0,167000.0,165000.0
750000.0,725000.0,700000.0,25000.0,50000.0
800000.0,810000.0,799000.0,10000.0,1000.0
858000.0,787000.0,835000.0,71000.0,23000.0
1160000.0,1300000.0,1300000.0,140000.0,140000.0
1000000.0,1120000.0,1000000.0,120000.0,0.0
725000.0,735000.0,735000.0,10000.0,10000.0
2352500.0,2242500.0,2251000.0,110000.0,101500.0
780000.0,765000.0,760000.0,15000.0,20000.0
510000.0,500000.0,515000.0,10000.0,5000.0
918000.0,917000.0,917000.0,1000.0,1000.0
3880000.0,3700000.0,3700000.0,180000.0,180000.0
3250000.0,3200000.0,2950000.0,50000.0,300000.0
740000.0,720000.0,730000.0,20000.0,10000.0
1300000.0,1150000.0,1025000.0,150000.0,275000.0
950000.0,995000.0,1010000.0,45000.0,60000.0
365000.0,360000.0,345000.0,5000.0,20000.0
725000.0,699000.0,650000.0,26000.0,75000.0
1455000.0,1390000.0,1392000.0,65000.0,63000.0
650000.0,656000.0,645000.0,6000.0,5000.0
315000.0,300000.0,275000.0,15000.0,40000.0
1325000.0,1185000.0,1150000.0,140000.0,175000.0
995000.0,1000000.0,1000000.0,5000.0,5000.0
455000.0,440000.0,449000.0,15000.0,6000.0
2525000.0,2415000.0,2400000.0,110000.0,125000.0
1995000.0,1875000.0,2100000.0,120000.0,105000.0
1495000.0,1475000.0,1490000.0,20000.0,5000.0
740000.0,600000.0,650000.0,140000.0,90000.0
1475000.0,1500000.0,1425000.0,25000.0,50000.0
865000.0,840000.0,845000.0,25000.0,20000.0
2555000.0,1300000.0,1300000.0,1255000.0,1255000.0
980000.0,1055000.0,1055000.0,75000.0,75000.0
1079000.0,640000.0,1077000.0,439000.0,2000.0
1062500.0,1030000.0,1035000.0,32500.0,27500.0
840000.0,800000.0,825000.0,40000.0,15000.0
1025000.0,1020000.0,785000.0,5000.0,240000.0
3130000.0,3685000.0,3685000.0,555000.0,555000.0
2699000.0,2600000.0,2620000.0,99000.0,79000.0
1475000.0,1580000.0,1460000.0,105000.0,15000.0
450000.0,451990.0,459000.0,1990.0,9000.0
1040000.0,925000.0,875000.0,115000.0,165000.0
750000.0,795000.0,795000.0,45000.0,45000.0
865000.0,820000.0,850000.0,45000.0,15000.0
2313125.0,2390000.0,2390000.0,76875.0,76875.0
1065000.0,1084900.0,1075000.0,19900.0,10000.0
550000.0,555000.0,560000.0,5000.0,10000.0
650000.0,655000.0,635000.0,5000.0,15000.0
1450000.0,1395000.0,1367000.0,55000.0,83000.0
935000.0,900000.0,929000.0,35000.0,6000.0
875000.0,1300000.0,1140000.0,425000.0,265000.0
2431000.0,2420000.0,2100000.0,11000.0,331000.0
1150000.0,1100000.0,1075000.0,50000.0,75000.0
1180000.0,1199000.0,1200000.0,19000.0,20000.0
645000.0,649000.0,675000.0,4000.0,30000.0
464000.0,465000.0,420000.0,1000.0,44000.0
985000.0,995000.0,1040000.0,10000.0,55000.0
1750000.0,1680000.0,1810000.0,70000.0,60000.0
868000.0,825000.0,860000.0,43000.0,8000.0
1758225.0,1515000.0,1520000.0,243225.0,238225.0
730000.0,725000.0,718000.0,5000.0,12000.0
740000.0,720000.0,705000.0,20000.0,35000.0
1070000.0,1075000.0,1000000.0,5000.0,70000.0
960000.0,960000.0,960000.0,0.0,0.0
1595000.0,1550000.0,1600000.0,45000.0,5000.0
629000.0,641000.0,645000.0,12000.0,16000.0
920000.0,790000.0,790000.0,130000.0,130000.0
660000.0,669000.0,660000.0,9000.0,0.0
945000.0,919500.0,950000.0,25500.0,5000.0
1950000.0,1900000.0,1950000.0,50000.0,0.0
1295000.0,1295000.0,1360000.0,0.0,65000.0
815000.0,814000.0,775000.0,1000.0,40000.0
305000.0,233500.0,259000.0,71500.0,46000.0
790000.0,795000.0,815000.0,5000.0,25000.0
850000.0,830000.0,825000.0,20000.0,25000.0
720000.0,793000.0,800000.0,73000.0,80000.0
1351000.0,1237500.0,1399999.0,113500.0,48999.0
780000.0,775000.0,795000.0,5000.0,15000.0
365000.0,345000.0,350000.0,20000.0,15000.0
555000.0,565000.0,549000.0,10000.0,6000.0
1035000.0,1025000.0,1025000.0,10000.0,10000.0
1670000.0,1599000.0,1650000.0,71000.0,20000.0
1600000.0,1750000.0,1750000.0,150000.0,150000.0
930000.0,850000.0,875000.0,80000.0,55000.0
1464220.0,1480000.0,1400000.0,15780.0,64220.0
895000.0,1008000.0,1008000.0,113000.0,113000.0
940000.0,950000.0,950000.0,10000.0,10000.0
1150000.0,1090000.0,1065000.0,60000.0,85000.0
400000.0,410000.0,415000.0,10000.0,15000.0
1500000.0,1435000.0,1410000.0,65000.0,90000.0
1400000.0,1545000.0,1450000.0,145000.0,50000.0
1550000.0,1445000.0,1475000.0,105000.0,75000.0
325000.0,330000.0,340000.0,5000.0,15000.0
671000.0,650000.0,660000.0,21000.0,11000.0
795000.0,785000.0,795000.0,10000.0,0.0
1450000.0,1200000.0,1285000.0,250000.0,165000.0
432000.0,435000.0,423245.0,3000.0,8755.0
1705000.0,1600000.0,1690000.0,105000.0,15000.0
910000.0,910000.0,985000.0,0.0,75000.0
812000.0,799500.0,799000.0,12500.0,13000.0
997000.0,940000.0,950000.0,57000.0,47000.0
735000.0,700000.0,700000.0,35000.0,35000.0
295000.0,295000.0,295000.0,0.0,0.0
640000.0,625000.0,625000.0,15000.0,15000.0
480000.0,440000.0,460000.0,40000.0,20000.0
710000.0,740000.0,705000.0,30000.0,5000.0
885000.0,800000.0,840000.0,85000.0,45000.0
1920000.0,1905000.0,1837000.0,15000.0,83000.0
1362500.0,1500000.0,1500000.0,137500.0,137500.0
860000.0,857000.0,850000.0,3000.0,10000.0
1750000.0,1475000.0,1480000.0,275000.0,270000.0
1575000.0,1560000.0,1450000.0,15000.0,125000.0
902000.0,780000.0,785000.0,122000.0,117000.0
700000.0,680000.0,725000.0,20000.0,25000.0
2195000.0,2300000.0,2199000.0,105000.0,4000.0
701000.0,670000.0,705000.0,31000.0,4000.0
1850000.0,1740000.0,1750000.0,110000.0,100000.0
1765000.0,1580000.0,1530000.0,185000.0,235000.0
540000.0,502000.0,495000.0,38000.0,45000.0
399000.0,395000.0,399000.0,4000.0,0.0
930000.0,900000.0,875000.0,30000.0,55000.0
870000.0,860000.0,849000.0,10000.0,21000.0
665100.0,625000.0,645000.0,40100.0,20100.0
1200000.0,1125000.0,1160000.0,75000.0,40000.0
585000.0,565000.0,570000.0,20000.0,15000.0
705000.0,694995.0,670000.0,10005.0,35000.0
712761.0,690000.0,690000.0,22761.0,22761.0
1865000.0,2005000.0,1800000.0,140000.0,65000.0
980000.0,1050000.0,998000.0,70000.0,18000.0
1100000.0,925000.0,1120000.0,175000.0,20000.0
830000.0,812000.0,829000.0,18000.0,1000.0
538440.0,530000.0,530000.0,8440.0,8440.0
995000.0,980000.0,975000.0,15000.0,20000.0
440000.0,440000.0,450000.0,0.0,10000.0
998888.0,855000.0,725000.0,143888.0,273888.0
1625000.0,1549000.0,1800000.0,76000.0,175000.0
2540000.0,2585000.0,2500000.0,45000.0,40000.0
1325000.0,1305000.0,1305000.0,20000.0,20000.0
945000.0,890000.0,890000.0,55000.0,55000.0
480000.0,479000.0,480000.0,1000.0,0.0
1495000.0,1460000.0,1400000.0,35000.0,95000.0
575000.0,560000.0,571118.0,15000.0,3882.0
975000.0,925000.0,980000.0,50000.0,5000.0
1320000.0,1260000.0,1415000.0,60000.0,95000.0
560000.0,540000.0,585000.0,20000.0,25000.0
1295000.0,1275000.0,1270000.0,20000.0,25000.0
725000.0,760000.0,755000.0,35000.0,30000.0
1390000.0,1350000.0,1325000.0,40000.0,65000.0
925000.0,850000.0,899900.0,75000.0,25100.0
367000.0,360000.0,300000.0,7000.0,67000.0
935000.0,919000.0,865000.0,16000.0,70000.0
2772163.0,2817250.0,2818066.0,45087.0,45903.0
905000.0,790000.0,790000.0,115000.0,115000.0
1680000.0,1580000.0,1750000.0,100000.0,70000.0
1675000.0,1300000.0,1435000.0,375000.0,240000.0
807000.0,800000.0,830000.0,7000.0,23000.0
422000.0,420000.0,415000.0,2000.0,7000.0
1982500.0,1945000.0,2000000.0,37500.0,17500.0
1450000.0,1375000.0,1500000.0,75000.0,50000.0
695000.0,690000.0,690000.0,5000.0,5000.0
1265500.0,1275000.0,1230000.0,9500.0,35500.0
660000.0,640000.0,649900.0,20000.0,10100.0
441450.0,445000.0,440000.0,3550.0,1450.0
820000.0,790000.0,801000.0,30000.0,19000.0
1500000.0,1460000.0,1350000.0,40000.0,150000.0
680000.0,715000.0,715000.0,35000.0,35000.0
825000.0,820000.0,825000.0,5000.0,0.0
467000.0,417000.0,415000.0,50000.0,52000.0
620000.0,619000.0,619000.0,1000.0,1000.0
910000.0,849000.0,849750.0,61000.0,60250.0
1250000.0,1230000.0,1225000.0,20000.0,25000.0
1475000.0,1510000.0,1502000.0,35000.0,27000.0
925000.0,963000.0,956000.0,38000.0,31000.0
740000.0,832750.0,735000.0,92750.0,5000.0
1927000.0,1822000.0,2055000.0,105000.0,128000.0
1420000.0,1330000.0,1400000.0,90000.0,20000.0
1340000.0,1330000.0,1300000.0,10000.0,40000.0
985000.0,980000.0,985000.0,5000.0,0.0
1165000.0,1260000.0,1250000.0,95000.0,85000.0
1050000.0,1050000.0,1041000.0,0.0,9000.0
659000.0,670000.0,669000.0,11000.0,10000.0
370000.0,377000.0,370000.0,7000.0,0.0
875888.0,715000.0,700000.0,160888.0,175888.0
1500000.0,1580000.0,1500000.0,80000.0,0.0
1155000.0,1200000.0,1257000.0,45000.0,102000.0
440000.0,440000.0,425000.0,0.0,15000.0
395000.0,395000.0,395000.0,0.0,0.0
510000.0,500000.0,500000.0,10000.0,10000.0
700000.0,680000.0,680000.0,20000.0,20000.0
3035000.0,2900000.0,2734000.0,135000.0,301000.0
882000.0,859000.0,865000.0,23000.0,17000.0
890000.0,900000.0,900000.0,10000.0,10000.0
1925000.0,1873000.0,1873000.0,52000.0,52000.0
345000.0,340000.0,325000.0,5000.0,20000.0
3800000.0,4360000.0,3950000.0,560000.0,150000.0
3600000.0,3450000.0,3750000.0,150000.0,150000.0
3075000.0,3000000.0,2940000.0,75000.0,135000.0
610000.0,580000.0,600000.0,30000.0,10000.0
1050000.0,1030000.0,1010000.0,20000.0,40000.0
1400000.0,1250000.0,1250000.0,150000.0,150000.0
715000.0,710000.0,710000.0,5000.0,5000.0
2715000.0,2500000.0,2500000.0,215000.0,215000.0
1350000.0,1165000.0,1200000.0,185000.0,150000.0
1275000.0,1300000.0,1300000.0,25000.0,25000.0
2050000.0,2075000.0,2050000.0,25000.0,0.0
380000.0,395000.0,375000.0,15000.0,5000.0
1400000.0,1210000.0,1250000.0,190000.0,150000.0
670000.0,660000.0,680000.0,10000.0,10000.0
1525000.0,1350000.0,1320000.0,175000.0,205000.0
2675000.0,2450000.0,2475000.0,225000.0,200000.0
465000.0,460000.0,450000.0,5000.0,15000.0
3825000.0,3338000.0,3350000.0,487000.0,475000.0
505000.0,505000.0,472875.0,0.0,32125.0
4395000.0,4000000.0,4175000.0,395000.0,220000.0
300000.0,312800.0,310000.0,12800.0,10000.0
1275000.0,1270000.0,1250000.0,5000.0,25000.0
1700000.0,1680000.0,1650000.0,20000.0,50000.0
1040000.0,1425000.0,1275000.0,385000.0,235000.0
3000000.0,2918000.0,2400000.0,82000.0,600000.0
850000.0,800000.0,840000.0,50000.0,10000.0
3225000.0,3198000.0,2910000.0,27000.0,315000.0
1305000.0,1490000.0,1490000.0,185000.0,185000.0
580000.0,560000.0,580000.0,20000.0,0.0
2675000.0,2325000.0,2350000.0,350000.0,325000.0
865000.0,843000.0,815000.0,22000.0,50000.0
479000.0,467000.0,467000.0,12000.0,12000.0
1430000.0,1430000.0,1430000.0,0.0,0.0
1200000.0,1220000.0,1100000.0,20000.0,100000.0
883000.0,805000.0,810000.0,78000.0,73000.0
920000.0,885000.0,900000.0,35000.0,20000.0
1095000.0,1040000.0,1040000.0,55000.0,55000.0
760000.0,760000.0,770000.0,0.0,10000.0
4800000.0,4390000.0,4710000.0,410000.0,90000.0
785000.0,790000.0,790000.0,5000.0,5000.0
2400000.0,2860000.0,2860000.0,460000.0,460000.0
1050000.0,1308000.0,1025000.0,258000.0,25000.0
1430000.0,1415000.0,1375000.0,15000.0,55000.0
1175000.0,1050000.0,1100000.0,125000.0,75000.0
657000.0,645000.0,668000.0,12000.0,11000.0
865000.0,805000.0,810000.0,60000.0,55000.0
2285000.0,2300000.0,2350000.0,15000.0,65000.0
1995000.0,1950000.0,1940000.0,45000.0,55000.0
1300000.0,1340000.0,1200000.0,40000.0,100000.0
578000.0,570000.0,580000.0,8000.0,2000.0
985000.0,980000.0,960000.0,5000.0,25000.0
552000.0,535000.0,535000.0,17000.0,17000.0
2210000.0,2235000.0,2290000.0,25000.0,80000.0
685000.0,665000.0,680000.0,20000.0,5000.0
625000.0,630000.0,665000.0,5000.0,40000.0
580000.0,585000.0,563000.0,5000.0,17000.0
680000.0,650000.0,635000.0,30000.0,45000.0
3950000.0,4450000.0,4450000.0,500000.0,500000.0
620000.0,620000.0,667000.0,0.0,47000.0
340000.0,358000.0,357500.0,18000.0,17500.0
1430000.0,1095000.0,1245000.0,335000.0,185000.0
2801000.0,2690000.0,2690000.0,111000.0,111000.0
489900.0,465000.0,451900.0,24900.0,38000.0
463000.0,490000.0,445000.0,27000.0,18000.0
2310000.0,2745000.0,2745000.0,435000.0,435000.0
845000.0,850000.0,855000.0,5000.0,10000.0
1010000.0,1030000.0,1035000.0,20000.0,25000.0
2505000.0,2210000.0,2450000.0,295000.0,55000.0
585000.0,620000.0,640000.0,35000.0,55000.0
1250000.0,1300000.0,1250000.0,50000.0,0.0
1275000.0,1250000.0,1250000.0,25000.0,25000.0
1795000.0,2020000.0,1750000.0,225000.0,45000.0
2910000.0,2583750.0,2800000.0,326250.0,110000.0
1080000.0,1025000.0,1000000.0,55000.0,80000.0
1560000.0,1175000.0,1345000.0,385000.0,215000.0
469000.0,484090.0,500000.0,15090.0,31000.0
279900.0,285000.0,280000.0,5100.0,100.0
408000.0,405000.0,396000.0,3000.0,12000.0
760000.0,750000.0,760000.0,10000.0,0.0
1142000.0,1125000.0,1130000.0,17000.0,12000.0
1120000.0,1119990.0,1119990.0,10.0,10.0
145000.0,185000.0,349000.0,40000.0,204000.0
800000.0,800000.0,840000.0,0.0,40000.0
1090000.0,1080000.0,1080000.0,10000.0,10000.0
1950000.0,1850000.0,1800000.0,100000.0,150000.0
2300000.0,2800100.0,2800100.0,500100.0,500100.0
1290000.0,1350000.0,1315000.0,60000.0,25000.0
1600000.0,1708000.0,1725000.0,108000.0,125000.0
2335000.0,2099000.0,2060000.0,236000.0,275000.0
1300000.0,1621000.0,1725000.0,321000.0,425000.0
644990.0,660000.0,634990.0,15010.0,10000.0
405000.0,403000.0,403000.0,2000.0,2000.0
745000.0,775000.0,800000.0,30000.0,55000.0
1075000.0,968000.0,968000.0,107000.0,107000.0
2468800.0,1963000.0,2030000.0,505800.0,438800.0
4720000.0,4600000.0,4385000.0,120000.0,335000.0
1360000.0,1249000.0,1350000.0,111000.0,10000.0
1050000.0,1042000.0,1110000.0,8000.0,60000.0
928950.0,936000.0,929000.0,7050.0,50.0
1510000.0,1250000.0,1265000.0,260000.0,245000.0
820000.0,830000.0,835000.0,10000.0,15000.0
533990.0,534823.0,534823.0,833.0,833.0
1000000.0,1000000.0,1050000.0,0.0,50000.0
797500.0,790000.0,800000.0,7500.0,2500.0
853000.0,790000.0,800000.0,63000.0,53000.0
1400000.0,1280000.0,1250000.0,120000.0,150000.0
1375000.0,1270000.0,1280000.0,105000.0,95000.0
509990.0,510000.0,510000.0,10.0,10.0
650000.0,649000.0,649999.0,1000.0,1.0
3200000.0,2825000.0,3250000.0,375000.0,50000.0
1300000.0,1350000.0,1250000.0,50000.0,50000.0
738500.0,750000.0,739000.0,11500.0,500.0
1230000.0,1288000.0,1250000.0,58000.0,20000.0
696000.0,700000.0,690000.0,4000.0,6000.0
1094000.0,1070000.0,1045000.0,24000.0,49000.0
1812000.0,1683500.0,1900000.0,128500.0,88000.0
900000.0,825000.0,850555.0,75000.0,49445.0
1183000.0,1175000.0,1175000.0,8000.0,8000.0
1610000.0,1510000.0,1595000.0,100000.0,15000.0
1106000.0,1100000.0,1140000.0,6000.0,34000.0
3925000.0,3350000.0,4100000.0,575000.0,175000.0
785000.0,755000.0,720000.0,30000.0,65000.0
499000.0,490000.0,492000.0,9000.0,7000.0
650000.0,510000.0,600000.0,140000.0,50000.0
2075000.0,2000000.0,2050000.0,75000.0,25000.0
890000.0,849000.0,850000.0,41000.0,40000.0
1165000.0,1170000.0,1080000.0,5000.0,85000.0
930000.0,955000.0,929900.0,25000.0,100.0
565000.0,529000.0,529000.0,36000.0,36000.0
1130000.0,1071000.0,1032500.0,59000.0,97500.0
1701000.0,1468000.0,1472000.0,233000.0,229000.0
515000.0,499000.0,498000.0,16000.0,17000.0
2705000.0,2800000.0,2800000.0,95000.0,95000.0
4336426.0,4200000.0,4100000.0,136426.0,236426.0
655000.0,641000.0,641000.0,14000.0,14000.0
555000.0,594000.0,589000.0,39000.0,34000.0
845000.0,885000.0,890000.0,40000.0,45000.0
2549000.0,2536600.0,2450000.0,12400.0,99000.0
945000.0,985000.0,985000.0,40000.0,40000.0
999900.0,1025000.0,1010000.0,25100.0,10100.0
1150000.0,1175000.0,1100000.0,25000.0,50000.0
620000.0,648500.0,631000.0,28500.0,11000.0
2550000.0,2494000.0,2600000.0,56000.0,50000.0
1038000.0,1029000.0,1015000.0,9000.0,23000.0
415000.0,415000.0,415000.0,0.0,0.0
910000.0,915000.0,895000.0,5000.0,15000.0
404670.0,400000.0,460000.0,4670.0,55330.0
1630000.0,1675000.0,1800000.0,45000.0,170000.0
1440000.0,1400000.0,1515000.0,40000.0,75000.0
2250000.0,2635000.0,2620000.0,385000.0,370000.0
1000000.0,1000000.0,1025000.0,0.0,25000.0
860000.0,1001000.0,1001000.0,141000.0,141000.0
760000.0,720000.0,720000.0,40000.0,40000.0
118231.0,125500.0,109900.0,7269.0,8331.0
825000.0,840000.0,825000.0,15000.0,0.0
675000.0,804000.0,799000.0,129000.0,124000.0
1055000.0,1080000.0,1125000.0,25000.0,70000.0
2500000.0,2500000.0,2627000.0,0.0,127000.0
1505000.0,1550000.0,1500000.0,45000.0,5000.0
965000.0,974000.0,955000.0,9000.0,10000.0
1455000.0,1400000.0,1440000.0,55000.0,15000.0
689000.0,680000.0,684000.0,9000.0,5000.0
1600000.0,1535000.0,1599000.0,65000.0,1000.0
935000.0,950000.0,905000.0,15000.0,30000.0
330000.0,339000.0,330000.0,9000.0,0.0
1000000.0,985000.0,985000.0,15000.0,15000.0
1250000.0,845000.0,1300000.0,405000.0,50000.0
1300000.0,1200000.0,1200000.0,100000.0,100000.0
500000.0,512000.0,490000.0,12000.0,10000.0
660000.0,670000.0,642500.0,10000.0,17500.0
2550000.0,2375000.0,2100000.0,175000.0,450000.0
765000.0,745000.0,759000.0,20000.0,6000.0
2051000.0,1800000.0,1900000.0,251000.0,151000.0
560000.0,550000.0,559000.0,10000.0,1000.0
345000.0,324500.0,329000.0,20500.0,16000.0
950000.0,950000.0,920000.0,0.0,30000.0
925000.0,910000.0,870000.0,15000.0,55000.0
1418000.0,1400000.0,1410000.0,18000.0,8000.0
940000.0,925000.0,795000.0,15000.0,145000.0
410000.0,420000.0,410000.0,10000.0,0.0
1175000.0,1210000.0,1210000.0,35000.0,35000.0
630000.0,540000.0,565000.0,90000.0,65000.0
799900.0,820000.0,799900.0,20100.0,0.0
860000.0,865000.0,865000.0,5000.0,5000.0
720000.0,700000.0,675000.0,20000.0,45000.0
509000.0,485000.0,499990.0,24000.0,9010.0
745000.0,730000.0,730000.0,15000.0,15000.0
530000.0,535000.0,535000.0,5000.0,5000.0
945000.0,950000.0,900000.0,5000.0,45000.0
500000.0,490000.0,505000.0,10000.0,5000.0
560000.0,570000.0,570000.0,10000.0,10000.0
630000.0,615000.0,615000.0,15000.0,15000.0
2730000.0,2500000.0,2500000.0,230000.0,230000.0
2400000.0,2000000.0,2325000.0,400000.0,75000.0
1000000.0,1040000.0,1000070.0,40000.0,70.0
2200000.0,2000000.0,2175000.0,200000.0,25000.0
850000.0,813000.0,839000.0,37000.0,11000.0
780500.0,795000.0,775000.0,14500.0,5500.0
909000.0,899000.0,950000.0,10000.0,41000.0
2299000.0,2300000.0,2255000.0,1000.0,44000.0
910000.0,905000.0,910000.0,5000.0,0.0
540000.0,568000.0,570000.0,28000.0,30000.0
2577777.0,2815000.0,2800000.0,237223.0,222223.0
2800000.0,2685000.0,2700000.0,115000.0,100000.0
400000.0,415000.0,415000.0,15000.0,15000.0
580000.0,650000.0,640000.0,70000.0,60000.0
1315000.0,1280000.0,1280000.0,35000.0,35000.0
1800000.0,1630000.0,1725000.0,170000.0,75000.0
920000.0,850000.0,850000.0,70000.0,70000.0
1775000.0,2050000.0,1800000.0,275000.0,25000.0
775000.0,650000.0,650000.0,125000.0,125000.0
685000.0,650000.0,650000.0,35000.0,35000.0
712000.0,700000.0,697500.0,12000.0,14500.0
1280000.0,1280000.0,1248000.0,0.0,32000.0
820000.0,835000.0,805000.0,15000.0,15000.0
689000.0,721000.0,685000.0,32000.0,4000.0
690000.0,655000.0,647000.0,35000.0,43000.0
4900000.0,4825000.0,4825000.0,75000.0,75000.0
1350000.0,1350000.0,1450000.0,0.0,100000.0
417000.0,375000.0,393000.0,42000.0,24000.0
1450000.0,1450000.0,1325000.0,0.0,125000.0
1730000.0,1510000.0,1550000.0,220000.0,180000.0
650000.0,643900.0,615000.0,6100.0,35000.0
660000.0,683000.0,640000.0,23000.0,20000.0
1500000.0,1325000.0,1320888.0,175000.0,179112.0
863000.0,765000.0,815000.0,98000.0,48000.0
565000.0,565000.0,565000.0,0.0,0.0
430000.0,435000.0,435000.0,5000.0,5000.0
1698000.0,1825000.0,1690000.0,127000.0,8000.0
730000.0,710000.0,720000.0,20000.0,10000.0
1325000.0,1350008.0,1340000.0,25008.0,15000.0
943700.0,915000.0,915000.0,28700.0,28700.0
680000.0,674000.0,668000.0,6000.0,12000.0
1207000.0,1390000.0,1410000.0,183000.0,203000.0
2800000.0,2685000.0,2700000.0,115000.0,100000.0
715000.0,720000.0,635000.0,5000.0,80000.0
975000.0,770000.0,775000.0,205000.0,200000.0
669500.0,665000.0,685000.0,4500.0,15500.0
750000.0,740000.0,760000.0,10000.0,10000.0
387500.0,465000.0,465000.0,77500.0,77500.0
380000.0,380000.0,365000.0,0.0,15000.0
580000.0,590000.0,611894.0,10000.0,31894.0
870000.0,950000.0,917000.0,80000.0,47000.0
800000.0,790000.0,791808.0,10000.0,8192.0
625000.0,595000.0,625000.0,30000.0,0.0
976500.0,981000.0,907500.0,4500.0,69000.0
575000.0,575000.0,575000.0,0.0,0.0
660000.0,690000.0,675000.0,30000.0,15000.0
1490000.0,1354000.0,1433000.0,136000.0,57000.0
1550000.0,1640000.0,1640000.0,90000.0,90000.0
9250000.0,9150000.0,7976500.0,100000.0,1273500.0
1520000.0,1650000.0,1650000.0,130000.0,130000.0
417000.0,403000.0,408000.0,14000.0,9000.0
1250000.0,1325000.0,1320000.0,75000.0,70000.0
795000.0,780000.0,795000.0,15000.0,0.0
630000.0,662000.0,660000.0,32000.0,30000.0
910000.0,960000.0,850000.0,50000.0,60000.0
1038000.0,974000.0,974000.0,64000.0,64000.0
2450000.0,2450000.0,2436670.0,0.0,13330.0
2800000.0,2900000.0,2710000.0,100000.0,90000.0
1203000.0,1210000.0,1456000.0,7000.0,253000.0
1675000.0,1822250.0,1555000.0,147250.0,120000.0
860000.0,910000.0,810000.0,50000.0,50000.0
920000.0,930000.0,950000.0,10000.0,30000.0
940000.0,1000000.0,980000.0,60000.0,40000.0
716000.0,721650.0,740000.0,5650.0,24000.0
800000.0,779000.0,780000.0,21000.0,20000.0
965000.0,945700.0,920000.0,19300.0,45000.0
370000.0,385000.0,385000.0,15000.0,15000.0
875000.0,845000.0,845000.0,30000.0,30000.0
734888.0,769000.0,750000.0,34112.0,15112.0
709000.0,669990.0,675000.0,39010.0,34000.0
689900.0,680000.0,700000.0,9900.0,10100.0
600000.0,589900.0,589900.0,10100.0,10100.0
2700000.0,2625000.0,2600000.0,75000.0,100000.0
1338000.0,1280000.0,1350000.0,58000.0,12000.0
1390000.0,1400000.0,1390000.0,10000.0,0.0
1515000.0,1451000.0,1375000.0,64000.0,140000.0
1025000.0,975000.0,1015000.0,50000.0,10000.0
457500.0,425000.0,425000.0,32500.0,32500.0
479000.0,492000.0,492000.0,13000.0,13000.0
2350000.0,1950000.0,2200000.0,400000.0,150000.0
415000.0,430000.0,419000.0,15000.0,4000.0
550000.0,550000.0,560000.0,0.0,10000.0
331000.0,337500.0,340000.0,6500.0,9000.0
1825000.0,1965000.0,1970000.0,140000.0,145000.0
1675000.0,1770000.0,1810000.0,95000.0,135000.0
1040000.0,1090000.0,1045000.0,50000.0,5000.0
485000.0,485000.0,484090.0,0.0,910.0
13550000.0,9300000.0,9300000.0,4250000.0,4250000.0
830000.0,799000.0,799000.0,31000.0,31000.0
2650000.0,2500000.0,2530000.0,150000.0,120000.0
1550000.0,1490000.0,1560000.0,60000.0,10000.0
900000.0,920000.0,950000.0,20000.0,50000.0
740000.0,725000.0,765000.0,15000.0,25000.0
500000.0,500000.0,515000.0,0.0,15000.0
1175000.0,1212000.0,1205000.0,37000.0,30000.0
1700000.0,1575000.0,1599000.0,125000.0,101000.0
1000000.0,970000.0,970000.0,30000.0,30000.0
1295000.0,1235777.0,1235777.0,59223.0,59223.0
637500.0,645000.0,635000.0,7500.0,2500.0
1165000.0,1149000.0,1100000.0,16000.0,65000.0
1670000.0,1626500.0,1626500.0,43500.0,43500.0
470000.0,463250.0,469900.0,6750.0,100.0
1319000.0,1349990.0,1290000.0,30990.0,29000.0
891000.0,861000.0,865000.0,30000.0,26000.0
730000.0,718500.0,745000.0,11500.0,15000.0
930000.0,927500.0,929000.0,2500.0,1000.0
515000.0,505000.0,505000.0,10000.0,10000.0
690000.0,710500.0,700000.0,20500.0,10000.0
1670000.0,1700000.0,1835000.0,30000.0,165000.0
465000.0,450000.0,450000.0,15000.0,15000.0
2500000.0,2550000.0,2500000.0,50000.0,0.0
1350000.0,1119450.0,796000000.0,230550.0,794650000.0
900000.0,1025000.0,1215000.0,125000.0,315000.0
820000.0,805000.0,817500.0,15000.0,2500.0
1125000.0,1200000.0,1203000.0,75000.0,78000.0
660000.0,655000.0,655000.0,5000.0,5000.0
1175633.0,1119990.0,1131980.0,55643.0,43653.0
890000.0,940000.0,890000.0,50000.0,0.0
1010000.0,860000.0,852900.0,150000.0,157100.0
385000.0,335000.0,335000.0,50000.0,50000.0
740000.0,790000.0,760000.0,50000.0,20000.0
380000.0,413000.0,390000.0,33000.0,10000.0
550000.0,550000.0,550000.0,0.0,0.0
1169000.0,1175000.0,1111111.0,6000.0,57889.0
408000.0,400000.0,410000.0,8000.0,2000.0
475000.0,500000.0,490000.0,25000.0,15000.0
2095000.0,2100000.0,2095000.0,5000.0,0.0
1050000.0,1088888.0,1049000.0,38888.0,1000.0
400000.0,416000.0,420000.0,16000.0,20000.0
754000.0,680000.0,650000.0,74000.0,104000.0
910000.0,930000.0,950000.0,20000.0,40000.0
715000.0,675000.0,715000.0,40000.0,0.0
1350000.0,1375000.0,1288000.0,25000.0,62000.0
420000.0,359999.0,359900.0,60001.0,60100.0
621900.0,630000.0,630000.0,8100.0,8100.0
732500.0,675000.0,615000.0,57500.0,117500.0
605000.0,620000.0,600000.0,15000.0,5000.0
657500.0,640000.0,640000.0,17500.0,17500.0
560000.0,565000.0,569000.0,5000.0,9000.0
2020000.0,2150000.0,1890000.0,130000.0,130000.0
745000.0,730000.0,720000.0,15000.0,25000.0
930000.0,900000.0,900000.0,30000.0,30000.0
790000.0,675000.0,775000.0,115000.0,15000.0
605000.0,599900.0,640000.0,5100.0,35000.0
1005000.0,995000.0,980000.0,10000.0,25000.0
515000.0,480000.0,490000.0,35000.0,25000.0
470000.0,457000.0,460000.0,13000.0,10000.0
1220000.0,1275000.0,1275000.0,55000.0,55000.0
2160000.0,2200000.0,2298000.0,40000.0,138000.0
810000.0,880000.0,725000.0,70000.0,85000.0
615000.0,604000.0,615000.0,11000.0,0.0
765000.0,725000.0,750000.0,40000.0,15000.0
1425000.0,1390000.0,1400000.0,35000.0,25000.0
756400.0,770000.0,775000.0,13600.0,18600.0
595000.0,555000.0,539000.0,40000.0,56000.0
2145000.0,2315000.0,2225000.0,170000.0,80000.0
1065000.0,1150000.0,1050000.0,85000.0,15000.0
1140000.0,1155000.0,1250000.0,15000.0,110000.0
485000.0,489000.0,475000.0,4000.0,10000.0
1461000.0,1418880.0,1593000.0,42120.0,132000.0
3500000.0,3460000.0,3700000.0,40000.0,200000.0
1290000.0,1250000.0,1310000.0,40000.0,20000.0
800000.0,745000.0,765000.0,55000.0,35000.0
380000.0,390000.0,373000.0,10000.0,7000.0
852000.0,845000.0,850000.0,7000.0,2000.0
870000.0,810000.0,840000.0,60000.0,30000.0
860000.0,840000.0,790000.0,20000.0,70000.0
1900000.0,2050000.0,2150000.0,150000.0,250000.0
1075000.0,1065000.0,1060000.0,10000.0,15000.0
925000.0,915000.0,950000.0,10000.0,25000.0
4350000.0,4375153.0,4190000.0,25153.0,160000.0
1760000.0,1800000.0,1670000.0,40000.0,90000.0
2200000.0,2050000.0,2300000.0,150000.0,100000.0
1275000.0,1285000.0,1290000.0,10000.0,15000.0
870000.0,872368.0,869000.0,2368.0,1000.0
675000.0,680000.0,688000.0,5000.0,13000.0
395000.0,407000.0,394990.0,12000.0,10.0
875000.0,865000.0,865000.0,10000.0,10000.0
1675000.0,1300000.0,1420000.0,375000.0,255000.0
1601000.0,1770000.0,1700000.0,169000.0,99000.0
1224000.0,1280000.0,1300000.0,56000.0,76000.0
872000.0,850000.0,850000.0,22000.0,22000.0
1210000.0,1089000.0,1169000.0,121000.0,41000.0
940000.0,900000.0,950000.0,40000.0,10000.0
899990.0,885000.0,917000.0,14990.0,17010.0
388888.0,375000.0,375000.0,13888.0,13888.0
825000.0,785000.0,785000.0,40000.0,40000.0
700000.0,660000.0,640000.0,40000.0,60000.0
2160000.0,2580000.0,2580000.0,420000.0,420000.0
499000.0,485000.0,485000.0,14000.0,14000.0
1850000.0,1680000.0,1720000.0,170000.0,130000.0
1100000.0,1132000.0,1100000.0,32000.0,0.0
2300000.0,2345000.0,2225000.0,45000.0,75000.0
924750.0,890000.0,880000.0,34750.0,44750.0
837000.0,815000.0,850000.0,22000.0,13000.0
650000.0,670000.0,655000.0,20000.0,5000.0
995000.0,950000.0,950000.0,45000.0,45000.0
950000.0,913000.0,970000.0,37000.0,20000.0
525000.0,505000.0,514000.0,20000.0,11000.0
860000.0,849000.0,850000.0,11000.0,10000.0
775000.0,705000.0,750000.0,70000.0,25000.0
530000.0,523000.0,523000.0,7000.0,7000.0
825000.0,1015000.0,1036500.0,190000.0,211500.0
2030000.0,1900000.0,1975000.0,130000.0,55000.0
795000.0,775000.0,763500.0,20000.0,31500.0
6400000.0,6000000.0,5900000.0,400000.0,500000.0
499000.0,479900.0,479900.0,19100.0,19100.0
535000.0,535000.0,535000.0,0.0,0.0
1805000.0,1795000.0,1818000.0,10000.0,13000.0
565000.0,570000.0,570000.0,5000.0,5000.0
675000.0,660000.0,675000.0,15000.0,0.0
790000.0,780000.0,757000.0,10000.0,33000.0
1272000.0,1300000.0,1200000.0,28000.0,72000.0
255000.0,242000.0,242000.0,13000.0,13000.0
399000.0,410000.0,410000.0,11000.0,11000.0
990000.0,820000.0,725000.0,170000.0,265000.0
410000.0,402000.0,389900.0,8000.0,20100.0
1625000.0,1560000.0,1560000.0,65000.0,65000.0
650000.0,660000.0,667000.0,10000.0,17000.0
1250000.0,1240000.0,1195000.0,10000.0,55000.0
1480000.0,1455000.0,1510000.0,25000.0,30000.0
780000.0,850000.0,828888.0,70000.0,48888.0
2149999.0,2125000.0,2450000.0,24999.0,300001.0
843000.0,800000.0,800000.0,43000.0,43000.0
1485000.0,1425000.0,1510000.0,60000.0,25000.0
769000.0,790000.0,765000.0,21000.0,4000.0
795000.0,800000.0,804000.0,5000.0,9000.0
2000000.0,1960000.0,2250000.0,40000.0,250000.0
1750000.0,1900000.0,1750000.0,150000.0,0.0
815000.0,813500.0,795000.0,1500.0,20000.0
3053500.0,2550000.0,2800000.0,503500.0,253500.0
1539000.0,1445000.0,1445000.0,94000.0,94000.0
2600000.0,2335000.0,2360000.0,265000.0,240000.0
960000.0,981000.0,955000.0,21000.0,5000.0
1630000.0,1625000.0,1575000.0,5000.0,55000.0
970000.0,975000.0,975000.0,5000.0,5000.0
2255000.0,2279000.0,2300000.0,24000.0,45000.0
2260000.0,2605000.0,2368000.0,345000.0,108000.0
5225000.0,4995000.0,4950000.0,230000.0,275000.0
810000.0,820000.0,738000.0,10000.0,72000.0
880000.0,890000.0,890000.0,10000.0,10000.0
810000.0,770000.0,770000.0,40000.0,40000.0
785000.0,800000.0,761167.0,15000.0,23833.0
1100000.0,1115000.0,1100000.0,15000.0,0.0
1329000.0,1360000.0,1450000.0,31000.0,121000.0
725000.0,700000.0,704000.0,25000.0,21000.0
745000.0,752000.0,752000.0,7000.0,7000.0
594000.0,610000.0,560000.0,16000.0,34000.0
535000.0,550000.0,565000.0,15000.0,30000.0
2900000.0,2850000.0,2976552.0,50000.0,76552.0
725000.0,670000.0,660000.0,55000.0,65000.0
780000.0,780000.0,785000.0,0.0,5000.0
424290.0,435000.0,411989.0,10710.0,12301.0
1185000.0,1095000.0,1125000.0,90000.0,60000.0
3103000.0,2999999.0,2950000.0,103001.0,153000.0
444000.0,500000.0,440000.0,56000.0,4000.0
642500.0,640000.0,640000.0,2500.0,2500.0
525000.0,490000.0,499900.0,35000.0,25100.0
1397000.0,1379000.0,1480000.0,18000.0,83000.0
778000.0,835000.0,780000.0,57000.0,2000.0
715000.0,733000.0,751000.0,18000.0,36000.0
1380000.0,1447000.0,1420000.0,67000.0,40000.0
911000.0,875000.0,905000.0,36000.0,6000.0
730000.0,715000.0,715000.0,15000.0,15000.0
420000.0,435000.0,420000.0,15000.0,0.0
830000.0,827311.0,825000.0,2689.0,5000.0
769000.0,765000.0,750000.0,4000.0,19000.0
725000.0,750000.0,750001.0,25000.0,25001.0
1400000.0,1515000.0,1520000.0,115000.0,120000.0
335000.0,306000.0,320000.0,29000.0,15000.0
615000.0,615000.0,617990.0,0.0,2990.0
700000.0,712000.0,695000.0,12000.0,5000.0
1190000.0,1132500.0,1180000.0,57500.0,10000.0
407000.0,402000.0,390000.0,5000.0,17000.0
730000.0,702660.0,730000.0,27340.0,0.0
550000.0,506500.0,525000.0,43500.0,25000.0
2900000.0,4000000.0,3450000.0,1100000.0,550000.0
1185000.0,1000000.0,1099000.0,185000.0,86000.0
1829000.0,1800000.0,1805000.0,29000.0,24000.0
1500000.0,1467000.0,1390000.0,33000.0,110000.0
1749000.0,1725000.0,1725000.0,24000.0,24000.0
1200000.0,1400000.0,1173000.0,200000.0,27000.0
600000.0,615000.0,615000.0,15000.0,15000.0
918000.0,925000.0,925000.0,7000.0,7000.0
801000.0,787000.0,780000.0,14000.0,21000.0
850000.0,780000.0,880000.0,70000.0,30000.0
1475000.0,1347500.0,1490000.0,127500.0,15000.0
550000.0,475000.0,475000.0,75000.0,75000.0
665000.0,655000.0,651000.0,10000.0,14000.0
2150000.0,2340000.0,1599000.0,190000.0,551000.0
2398000.0,2800100.0,2800100.0,402100.0,402100.0
2075000.0,2350000.0,2325000.0,275000.0,250000.0
855000.0,855000.0,785000.0,0.0,70000.0
935000.0,780000.0,780000.0,155000.0,155000.0
1515000.0,1580000.0,1500000.0,65000.0,15000.0
1020000.0,1070000.0,1360000.0,50000.0,340000.0
2555000.0,2800000.0,2780000.0,245000.0,225000.0
647000.0,650000.0,625000.0,3000.0,22000.0
1125000.0,1170000.0,1000000.0,45000.0,125000.0
398000.0,385000.0,385000.0,13000.0,13000.0
970000.0,970000.0,959000.0,0.0,11000.0
815000.0,750000.0,734000.0,65000.0,81000.0
549000.0,525000.0,549900.0,24000.0,900.0
1520000.0,1345000.0,1200000.0,175000.0,320000.0
1130000.0,1225000.0,1260000.0,95000.0,130000.0
801000.0,790000.0,807000.0,11000.0,6000.0
2780000.0,2675000.0,2575000.0,105000.0,205000.0
975000.0,935000.0,939000.0,40000.0,36000.0
1000000.0,1275000.0,1350000.0,275000.0,350000.0
475000.0,460000.0,460000.0,15000.0,15000.0
1015000.0,918000.0,1010000.0,97000.0,5000.0
2540000.0,1851375.0,1975000.0,688625.0,565000.0
1515000.0,1499999.0,1475000.0,15001.0,40000.0
1270000.0,1250000.0,1205000.0,20000.0,65000.0
850000.0,787500.0,795000.0,62500.0,55000.0
655000.0,660000.0,655000.0,5000.0,0.0
1350000.0,1285000.0,1281000.0,65000.0,69000.0
1750000.0,1799999.0,1700000.0,49999.0,50000.0
1825000.0,1500000.0,1600000.0,325000.0,225000.0
965000.0,915000.0,915000.0,50000.0,50000.0
780000.0,760000.0,750000.0,20000.0,30000.0
1635000.0,1600000.0,1350000.0,35000.0,285000.0
3000000.0,2800000.0,3300000.0,200000.0,300000.0
590000.0,650000.0,669000.0,60000.0,79000.0
815000.0,815000.0,820000.0,0.0,5000.0
672000.0,710000.0,700000.0,38000.0,28000.0
830000.0,815000.0,834900.0,15000.0,4900.0
2500000.0,2550000.0,2415000.0,50000.0,85000.0
980000.0,910000.0,950000.0,70000.0,30000.0
2750000.0,2717642.0,2500000.0,32358.0,250000.0
1849000.0,1800000.0,1775000.0,49000.0,74000.0
497500.0,489990.0,520000.0,7510.0,22500.0
900000.0,860000.0,850000.0,40000.0,50000.0
1910000.0,1850000.0,1700000.0,60000.0,210000.0
3267000.0,3130000.0,3300000.0,137000.0,33000.0
620000.0,645000.0,690000.0,25000.0,70000.0
635000.0,630000.0,628175.0,5000.0,6825.0
540000.0,520990.0,519000.0,19010.0,21000.0
1127000.0,1030000.0,1030000.0,97000.0,97000.0
615000.0,605000.0,600000.0,10000.0,15000.0
1600000.0,1720000.0,1715000.0,120000.0,115000.0
850000.0,810000.0,810000.0,40000.0,40000.0
945000.0,969000.0,959000.0,24000.0,14000.0
1030000.0,976500.0,1075500.0,53500.0,45500.0
1330000.0,1349000.0,1350000.0,19000.0,20000.0
950000.0,915000.0,950000.0,35000.0,0.0
1050000.0,1050000.0,1025000.0,0.0,25000.0
1060000.0,1050000.0,1060000.0,10000.0,0.0
2362000.0,1800000.0,1969000.0,562000.0,393000.0
1370000.0,1390000.0,1375000.0,20000.0,5000.0
1300000.0,1295000.0,1350000.0,5000.0,50000.0
1299000.0,1195000.0,1345000.0,104000.0,46000.0
1200000.0,1225000.0,1225000.0,25000.0,25000.0
700000.0,639000.0,639900.0,61000.0,60100.0
1140000.0,1200000.0,1200000.0,60000.0,60000.0
710000.0,717500.0,717000.0,7500.0,7000.0
825000.0,765000.0,810000.0,60000.0,15000.0
1692000.0,1929355.0,1684444.0,237355.0,7556.0
742000.0,675000.0,648000.0,67000.0,94000.0
1810000.0,1930000.0,1800000.0,120000.0,10000.0
593000.0,618000.0,640000.0,25000.0,47000.0
439000.0,445000.0,450000.0,6000.0,11000.0
1685000.0,1650000.0,1600000.0,35000.0,85000.0
1950000.0,2400000.0,2350000.0,450000.0,400000.0
665000.0,687000.0,687000.0,22000.0,22000.0
940000.0,895000.0,895000.0,45000.0,45000.0
759000.0,775000.0,775000.0,16000.0,16000.0
545000.0,535000.0,540000.0,10000.0,5000.0
3150000.0,3800000.0,3635000.0,650000.0,485000.0
1075000.0,1000000.0,980000.0,75000.0,95000.0
2150000.0,2530000.0,2300000.0,380000.0,150000.0
1650000.0,1610000.0,1590000.0,40000.0,60000.0
600000.0,615000.0,580000.0,15000.0,20000.0
2361000.0,2320000.0,2320000.0,41000.0,41000.0
999000.0,999000.0,1000000.0,0.0,1000.0
1185000.0,1184000.0,1188000.0,1000.0,3000.0
393000.0,405000.0,400000.0,12000.0,7000.0
1628000.0,1568000.0,1585000.0,60000.0,43000.0
910000.0,930000.0,930000.0,20000.0,20000.0
279900.0,280000.0,280000.0,100.0,100.0
520000.0,519900.0,519000.0,100.0,1000.0
1400000.0,1175000.0,1325000.0,225000.0,75000.0
515000.0,525000.0,525000.0,10000.0,10000.0
1600000.0,1040000.0,1075000.0,560000.0,525000.0
1350000.0,1160000.0,885000.0,190000.0,465000.0
1390000.0,1255000.0,1375000.0,135000.0,15000.0
449000.0,425000.0,460000.0,24000.0,11000.0
776000.0,730000.0,770000.0,46000.0,6000.0
399999.0,395000.0,365000.0,4999.0,34999.0
824000.0,849000.0,865000.0,25000.0,41000.0
1252000.0,1216822.44,1216822.44,35177.560000000056,35177.560000000056
1355000.0,1155000.0,1100000.0,200000.0,255000.0
1200000.0,1200000.0,1200000.0,0.0,0.0
2100000.0,1950000.0,2150000.0,150000.0,50000.0
690000.0,679000.0,674000.0,11000.0,16000.0
2050000.0,2200000.0,2280000.0,150000.0,230000.0
762000.0,680000.0,700000.0,82000.0,62000.0
1185000.0,1150000.0,1170000.0,35000.0,15000.0
755000.0,730000.0,705000.0,25000.0,50000.0
1020000.0,1000000.0,953000.0,20000.0,67000.0
988888.0,995000.0,970000.0,6112.0,18888.0
1850000.0,1800000.0,1790000.0,50000.0,60000.0
1815000.0,1775000.0,1750000.0,40000.0,65000.0
321000.0,287000.0,300000.0,34000.0,21000.0
1850001.0,1100000.0,1080000.0,750001.0,770001.0
490000.0,500000.0,460000.0,10000.0,30000.0
875000.0,849000.0,865000.0,26000.0,10000.0
785000.0,753000.0,750000.0,32000.0,35000.0
1550000.0,1549000.0,1549000.0,1000.0,1000.0
550000.0,524990.0,515000.0,25010.0,35000.0
1375000.0,1380000.0,1333000.0,5000.0,42000.0
1215000.0,1280000.0,1090000.0,65000.0,125000.0
730000.0,728000.0,727544.0,2000.0,2456.0
1480000.0,1415000.0,1415000.0,65000.0,65000.0
1099000.0,1200000.0,1200000.0,101000.0,101000.0
1835000.0,1800000.0,1800000.0,35000.0,35000.0
780000.0,770000.0,730000.0,10000.0,50000.0
660000.0,621500.0,600000.0,38500.0,60000.0
1400000.0,1545000.0,1375000.0,145000.0,25000.0
1200000.0,1250000.0,1250000.0,50000.0,50000.0
1280000.0,1099000.0,1075000.0,181000.0,205000.0
1840000.0,1810000.0,1730000.0,30000.0,110000.0
1510000.0,1525000.0,1550000.0,15000.0,40000.0
700000.0,728000.0,726000.0,28000.0,26000.0
864000.0,879000.0,872000.0,15000.0,8000.0
1555500.0,1500000.0,1550000.0,55500.0,5500.0
1600000.0,1400000.0,1421000.0,200000.0,179000.0
485750.0,510000.0,535000.0,24250.0,49250.0
755000.0,865000.0,900000.0,110000.0,145000.0
1115000.0,1050000.0,1049999.0,65000.0,65001.0
1100000.0,1088888.0,1130000.0,11112.0,30000.0
685000.0,680000.0,720000.0,5000.0,35000.0
777000.0,755000.0,795000.0,22000.0,18000.0
1155000.0,1155000.0,1148000.0,0.0,7000.0
1205000.0,1170000.0,1150000.0,35000.0,55000.0
427000.0,420000.0,405000.0,7000.0,22000.0
385000.0,375000.0,390000.0,10000.0,5000.0
785000.0,751000.0,750000.0,34000.0,35000.0
750000.0,735000.0,747000.0,15000.0,3000.0
1635000.0,1188000.0,1188000.0,447000.0,447000.0
2750000.0,2625000.0,2623000.0,125000.0,127000.0
5000000.0,5200000.0,5200000.0,200000.0,200000.0
605000.0,615000.0,615000.0,10000.0,10000.0
1250000.0,1300000.0,1250000.0,50000.0,0.0
1260000.0,1240000.0,1240000.0,20000.0,20000.0
1105000.0,1140000.0,1126000.0,35000.0,21000.0
1259000.0,1160000.0,1110000.0,99000.0,149000.0
559000.0,570000.0,549000.0,11000.0,10000.0
1800000.0,1800000.0,1825000.0,0.0,25000.0
950000.0,1180000.0,1180000.0,230000.0,230000.0
825000.0,760000.0,725000.0,65000.0,100000.0
1070000.0,1095000.0,1050000.0,25000.0,20000.0
1317470.0,1250000.0,1350000.0,67470.0,32530.0
1450000.0,1499000.0,1525000.0,49000.0,75000.0
1250000.0,1300000.0,1275000.0,50000.0,25000.0
1200000.0,1146000.0,1200000.0,54000.0,0.0
3000000.0,2978000.0,2978000.0,22000.0,22000.0
275000.0,283000.0,280000.0,8000.0,5000.0
1850000.0,2605000.0,2550000.0,755000.0,700000.0
657000.0,715000.0,715000.0,58000.0,58000.0
1400000.0,1280000.0,1425000.0,120000.0,25000.0
680000.0,707000.0,675000.0,27000.0,5000.0
1240000.0,1076460.0,1300000.0,163540.0,60000.0
548000.0,559000.0,565313.0,11000.0,17313.0
449000.0,425000.0,460000.0,24000.0,11000.0
858770.0,780000.0,799000.0,78770.0,59770.0
2685000.0,2825000.0,2800000.0,140000.0,115000.0
720000.0,760500.0,725000.0,40500.0,5000.0
805000.0,750000.0,740000.0,55000.0,65000.0
1045000.0,1055000.0,1180000.0,10000.0,135000.0
1050000.0,955000.0,946000.0,95000.0,104000.0
2550000.0,2725000.0,2600000.0,175000.0,50000.0
5712500.0,5896000.0,5896000.0,183500.0,183500.0
1925000.0,1900000.0,2060000.0,25000.0,135000.0
1525000.0,1600000.0,1580000.0,75000.0,55000.0
1465000.0,1300000.0,1465000.0,165000.0,0.0
970000.0,931000.0,934000.0,39000.0,36000.0
1050000.0,1100000.0,1005000.0,50000.0,45000.0
542000.0,550000.0,550000.0,8000.0,8000.0
1225000.0,1200000.0,1360000.0,25000.0,135000.0
1710000.0,1820000.0,1820000.0,110000.0,110000.0
485000.0,490000.0,470000.0,5000.0,15000.0
420000.0,429000.0,438074.0,9000.0,18074.0
675000.0,660000.0,600000.0,15000.0,75000.0
1235000.0,1300000.0,1300000.0,65000.0,65000.0
560000.0,550000.0,550000.0,10000.0,10000.0
635000.0,625000.0,610000.0,10000.0,25000.0
565000.0,589999.0,550000.0,24999.0,15000.0
1300000.0,1250000.0,1298000.0,50000.0,2000.0
1010000.0,965000.0,990000.0,45000.0,20000.0
1218000.0,1350000.0,1305000.0,132000.0,87000.0
975000.0,1020000.0,1040000.0,45000.0,65000.0
815000.0,800000.0,840000.0,15000.0,25000.0
852000.0,850000.0,850000.0,2000.0,2000.0
1690000.0,1820000.0,1680000.0,130000.0,10000.0
1825000.0,1830000.0,1900000.0,5000.0,75000.0
598000.0,590000.0,585000.0,8000.0,13000.0
727000.0,715000.0,785000.0,12000.0,58000.0
765000.0,750000.0,750000.0,15000.0,15000.0
820000.0,826000.0,826000.0,6000.0,6000.0
1800000.0,1630000.0,1630000.0,170000.0,170000.0
560000.0,550000.0,540000.0,10000.0,20000.0
560000.0,550000.0,550000.0,10000.0,10000.0
1220000.0,1250000.0,1475000.0,30000.0,255000.0
1085000.0,1155000.0,980000.0,70000.0,105000.0
760000.0,765000.0,750000.0,5000.0,10000.0
745000.0,729000.0,730000.0,16000.0,15000.0
762500.0,775000.0,710000.0,12500.0,52500.0
499000.0,505000.0,505000.0,6000.0,6000.0
670000.0,640000.0,640000.0,30000.0,30000.0
875000.0,860000.0,875000.0,15000.0,0.0
1690000.0,1500000.0,1760000.0,190000.0,70000.0
3125000.0,2390000.0,2775000.0,735000.0,350000.0
1000000.0,1100000.0,1030000.0,100000.0,30000.0
973500.0,919000.0,900000.0,54500.0,73500.0
675000.0,697700.0,667000.0,22700.0,8000.0
1325000.0,1430000.0,1420000.0,105000.0,95000.0
826000.0,810000.0,860000.0,16000.0,34000.0
1560000.0,1505000.0,1600000.0,55000.0,40000.0
828000.0,873000.0,880500.0,45000.0,52500.0
901000.0,815000.0,830000.0,86000.0,71000.0
1850000.0,1750000.0,2080000.0,100000.0,230000.0
2235000.0,2300000.0,2290000.0,65000.0,55000.0
1500888.0,1240000.0,1354000.0,260888.0,146888.0
6800000.0,6900000.0,7000000.0,100000.0,200000.0
1189000.0,1225000.0,1270000.0,36000.0,81000.0
850000.0,875000.0,860000.0,25000.0,10000.0
460000.0,430000.0,470000.0,30000.0,10000.0
992888.0,982500.0,1050000.0,10388.0,57112.0
680000.0,680000.0,725000.0,0.0,45000.0
910000.0,894500.0,930000.0,15500.0,20000.0
1160000.0,1100000.0,1175000.0,60000.0,15000.0
785000.0,759000.0,755000.0,26000.0,30000.0
1200000.0,1200000.0,1175000.0,0.0,25000.0
1175000.0,1220000.0,1275000.0,45000.0,100000.0
735000.0,700000.0,749990.0,35000.0,14990.0
450000.0,320000.0,320000.0,130000.0,130000.0
1350000.0,1380000.0,1350000.0,30000.0,0.0
808000.0,790000.0,789000.0,18000.0,19000.0
1549000.0,1665000.0,1665000.0,116000.0,116000.0
524900.0,530000.0,524900.0,5100.0,0.0
495000.0,480000.0,481500.0,15000.0,13500.0
2050000.0,2075000.0,2050000.0,25000.0,0.0
360725.0,383000.0,412000.0,22275.0,51275.0
760000.0,779900.0,770000.0,19900.0,10000.0
1915000.0,1795000.0,1917800.0,120000.0,2800.0
1395000.0,1560000.0,1522000.0,165000.0,127000.0
500000.0,475000.0,465000.0,25000.0,35000.0
415000.0,390000.0,400000.0,25000.0,15000.0
3560000.0,3550000.0,3600000.0,10000.0,40000.0
650000.0,670000.0,670000.0,20000.0,20000.0
736000.0,722000.0,710000.0,14000.0,26000.0
570000.0,530000.0,549000.0,40000.0,21000.0
909000.0,850000.0,930000.0,59000.0,21000.0
885000.0,870000.0,870000.0,15000.0,15000.0
675000.0,683000.0,680000.0,8000.0,5000.0
1250000.0,975000.0,925000.0,275000.0,325000.0
620000.0,605394.0,595000.0,14606.0,25000.0
1685000.0,1692500.0,1725000.0,7500.0,40000.0
955000.0,840000.0,840000.0,115000.0,115000.0
300000.0,319000.0,300000.0,19000.0,0.0
1155000.0,1095000.0,1095000.0,60000.0,60000.0
899000.0,900000.0,920000.0,1000.0,21000.0
968000.0,974000.0,974000.0,6000.0,6000.0
1045000.0,1035000.0,1050000.0,10000.0,5000.0
1200000.0,1200000.0,1225000.0,0.0,25000.0
590000.0,680000.0,680000.0,90000.0,90000.0
1130000.0,915000.0,952500.0,215000.0,177500.0
559900.0,570000.0,570000.0,10100.0,10100.0
1418500.0,1407000.0,1300000.0,11500.0,118500.0
6000000.0,5500000.0,5275000.0,500000.0,725000.0
1025000.0,1025000.0,1015000.0,0.0,10000.0
1480000.0,1585000.0,1461000.0,105000.0,19000.0
1320000.0,1492000.0,1470000.0,172000.0,150000.0
1450000.0,1425000.0,1415000.0,25000.0,35000.0
1750000.0,1720000.0,1720000.0,30000.0,30000.0
1250000.0,1150000.0,1198000.0,100000.0,52000.0
1335000.0,1298000.0,1290000.0,37000.0,45000.0
1325000.0,1290000.0,1390000.0,35000.0,65000.0
950000.0,870000.0,905000.0,80000.0,45000.0
1255000.0,1202000.0,1160000.0,53000.0,95000.0
917000.0,930000.0,930000.0,13000.0,13000.0
1775000.0,1665000.0,1699995.0,110000.0,75005.0
976000.0,929990.0,980000.0,46010.0,4000.0
865000.0,878000.0,878000.0,13000.0,13000.0
505000.0,535000.0,500000.0,30000.0,5000.0
750000.0,690000.0,690000.0,60000.0,60000.0
851000.0,910000.0,802000.0,59000.0,49000.0
1250000.0,1480000.0,1225000.0,230000.0,25000.0
1150000.0,1270000.0,1250000.0,120000.0,100000.0
1052500.0,1049900.0,1050000.0,2600.0,2500.0
2400000.0,2420000.0,2150000.0,20000.0,250000.0
839000.0,879000.0,850000.0,40000.0,11000.0
1900000.0,1999888.0,1999888.0,99888.0,99888.0
1500000.0,1525000.0,1455000.0,25000.0,45000.0
476000.0,465000.0,440000.0,11000.0,36000.0
1200000.0,1000000.0,998900.0,200000.0,201100.0
865000.0,821000.0,820000.0,44000.0,45000.0
2050000.0,1800000.0,1900000.0,250000.0,150000.0
2200000.0,2200000.0,2267500.0,0.0,67500.0
665000.0,585000.0,585000.0,80000.0,80000.0
894000.0,875000.0,855000.0,19000.0,39000.0
892000.0,850000.0,762500.0,42000.0,129500.0
1510000.0,1450000.0,1600000.0,60000.0,90000.0
1575000.0,1500000.0,1520000.0,75000.0,55000.0
585000.0,555000.0,610000.0,30000.0,25000.0
665000.0,645000.0,659000.0,20000.0,6000.0
575000.0,577000.0,565000.0,2000.0,10000.0
550000.0,555000.0,540000.0,5000.0,10000.0
754000.0,755000.0,755000.0,1000.0,1000.0
705000.0,690000.0,670000.0,15000.0,35000.0
999000.0,999950.0,960000.0,950.0,39000.0
400000.0,540000.0,595000.0,140000.0,195000.0
765000.0,775000.0,790000.0,10000.0,25000.0
510000.0,510000.0,495000.0,0.0,15000.0
805000.0,718000.0,755000.0,87000.0,50000.0
1330000.0,1365000.0,1188000.0,35000.0,142000.0
2000000.0,1960000.0,1825000.0,40000.0,175000.0
1395000.0,1340000.0,1330000.0,55000.0,65000.0
1875000.0,1821400.0,2038888.0,53600.0,163888.0
577000.0,565000.0,565000.0,12000.0,12000.0
905000.0,840000.0,810000.0,65000.0,95000.0
1620000.0,1560000.0,1640000.0,60000.0,20000.0
1050000.0,1049000.0,1050000.0,1000.0,0.0
960000.0,1053000.0,940000.0,93000.0,20000.0
485000.0,460000.0,460000.0,25000.0,25000.0
1005000.0,980000.0,940000.0,25000.0,65000.0
827900.0,775000.0,842000.0,52900.0,14100.0
790000.0,785000.0,770000.0,5000.0,20000.0
1040000.0,1065000.0,1020000.0,25000.0,20000.0
735000.0,730000.0,730000.0,5000.0,5000.0
625000.0,595000.0,600000.0,30000.0,25000.0
632000.0,620000.0,620000.0,12000.0,12000.0
940000.0,850000.0,900000.0,90000.0,40000.0
11900.0,3999999.0,4260000.0,3988099.0,4248100.0
355000.0,355000.0,355000.0,0.0,0.0
650000.0,610000.0,610000.0,40000.0,40000.0
2750000.0,2600000.0,2710000.0,150000.0,40000.0
6400000.0,6396250.0,6050000.0,3750.0,350000.0
2200000.0,2095000.0,2088000.0,105000.0,112000.0
940000.0,915000.0,1035150.0,25000.0,95150.0
1228000.0,1190000.0,1190000.0,38000.0,38000.0
1325000.0,1125000.0,1148000.0,200000.0,177000.0
3650000.0,3083000.0,3100000.0,567000.0,550000.0
1325000.0,1180000.0,1257000.0,145000.0,68000.0
1072000.0,1250000.0,1133000.0,178000.0,61000.0
2015000.0,2125000.0,2125000.0,110000.0,110000.0
1528000.0,1475000.0,1500000.0,53000.0,28000.0
1008000.0,925000.0,880000.0,83000.0,128000.0
715000.0,750000.0,750000.0,35000.0,35000.0
1400000.0,1103888.0,1250000.0,296112.0,150000.0
970000.0,950000.0,940000.0,20000.0,30000.0
649000.0,655000.0,650000.0,6000.0,1000.0
535000.0,530000.0,525000.0,5000.0,10000.0
1060000.0,1030000.0,1100000.0,30000.0,40000.0
600000.0,600000.0,595000.0,0.0,5000.0
650000.0,650000.0,643900.0,0.0,6100.0
910000.0,951000.0,951000.0,41000.0,41000.0
590000.0,585000.0,555000.0,5000.0,35000.0
1525000.0,1600000.0,1599000.0,75000.0,74000.0
290000.0,262000.0,290000.0,28000.0,0.0
2550000.0,2700000.0,2395000.0,150000.0,155000.0
610000.0,598000.0,599000.0,12000.0,11000.0
1670000.0,1625000.0,1590000.0,45000.0,80000.0
435000.0,420000.0,440000.0,15000.0,5000.0
1740000.0,1865000.0,1880000.0,125000.0,140000.0
935000.0,935000.0,937500.0,0.0,2500.0
1750000.0,1795858.0,1735000.0,45858.0,15000.0
1525000.0,1375000.0,1388000.0,150000.0,137000.0
752000.0,700000.0,744800.0,52000.0,7200.0
1920000.0,2000000.0,2070000.0,80000.0,150000.0
1100001.0,1050000.0,1025000.0,50001.0,75001.0
450000.0,453000.0,445000.0,3000.0,5000.0
990000.0,1044600.0,955000.0,54600.0,35000.0
3125000.0,3000000.0,2843500.0,125000.0,281500.0
590000.0,620000.0,620000.0,30000.0,30000.0
1950000.0,2048500.0,1975000.0,98500.0,25000.0
1610000.0,1500000.0,1825000.0,110000.0,215000.0
650000.0,625000.0,630000.0,25000.0,20000.0
845000.0,893000.0,855000.0,48000.0,10000.0
589888.0,650000.0,595000.0,60112.0,5112.0
550000.0,530000.0,560000.0,20000.0,10000.0
420000.0,420000.0,415000.0,0.0,5000.0
1968000.0,2101000.0,2101000.0,133000.0,133000.0
1700000.0,1645000.0,1686830.0,55000.0,13170.0
590000.0,560000.0,553000.0,30000.0,37000.0
880000.0,879000.0,882000.0,1000.0,2000.0
800000.0,800000.0,800000.0,0.0,0.0
1470000.0,1495000.0,1500000.0,25000.0,30000.0
1050000.0,1430000.0,1430000.0,380000.0,380000.0
1700000.0,1855000.0,1640000.0,155000.0,60000.0
1575000.0,1650000.0,1650000.0,75000.0,75000.0
730000.0,700000.0,754000.0,30000.0,24000.0
360000.0,360000.0,370000.0,0.0,10000.0
1450000.0,1540000.0,1680000.0,90000.0,230000.0
900000.0,875000.0,868000.0,25000.0,32000.0
925000.0,822000.0,825000.0,103000.0,100000.0
1615000.0,1770000.0,1815000.0,155000.0,200000.0
899000.0,875000.0,845000.0,24000.0,54000.0
1085000.0,1030000.0,1075000.0,55000.0,10000.0
624900.0,700000.0,700000.0,75100.0,75100.0
930000.0,840000.0,835000.0,90000.0,95000.0
275000.0,259000.0,250000.0,16000.0,25000.0
1135000.0,1200000.0,1060000.0,65000.0,75000.0
655000.0,800000.0,820000.0,145000.0,165000.0
820000.0,800000.0,750000.0,20000.0,70000.0
2420000.0,2100000.0,2120000.0,320000.0,300000.0
316000.0,373000.0,372500.0,57000.0,56500.0
1035000.0,1015000.0,1003000.0,20000.0,32000.0
1094000.0,1225000.0,1005000.0,131000.0,89000.0
260000.0,255000.0,242000.0,5000.0,18000.0
2350000.0,2420000.0,2500000.0,70000.0,150000.0
1220000.0,1100000.0,1180000.0,120000.0,40000.0
700000.0,640000.0,740000.0,60000.0,40000.0
975000.0,950000.0,1050000.0,25000.0,75000.0
320000.0,310000.0,280000.0,10000.0,40000.0
510000.0,610000.0,630000.0,100000.0,120000.0
930000.0,1050000.0,1166000.0,120000.0,236000.0
765000.0,750000.0,761000.0,15000.0,4000.0
2335000.0,2323000.0,2210000.0,12000.0,125000.0
510000.0,505000.0,535000.0,5000.0,25000.0
575000.0,587000.0,587000.0,12000.0,12000.0
417000.0,375000.0,417000.0,42000.0,0.0
745000.0,735000.0,740000.0,10000.0,5000.0
765000.0,755000.0,755000.0,10000.0,10000.0
1500000.0,1499000.0,1499000.0,1000.0,1000.0
840000.0,824800.0,842000.0,15200.0,2000.0
988000.0,1016000.0,1035000.0,28000.0,47000.0
945000.0,1005000.0,905000.0,60000.0,40000.0
410000.0,420000.0,435000.0,10000.0,25000.0
750000.0,700000.0,716000.0,50000.0,34000.0
1850000.0,1825000.0,1750000.0,25000.0,100000.0
675000.0,650000.0,655000.0,25000.0,20000.0
3200000.0,3100000.0,3175000.0,100000.0,25000.0
1000000.0,980000.0,1185000.0,20000.0,185000.0
689990.0,660000.0,660000.0,29990.0,29990.0
817500.0,855000.0,910000.0,37500.0,92500.0
820000.0,812000.0,780000.0,8000.0,40000.0
450000.0,480000.0,480540.0,30000.0,30540.0
720000.0,810000.0,790000.0,90000.0,70000.0
1220000.0,1100000.0,1130000.0,120000.0,90000.0
780000.0,740000.0,729000.0,40000.0,51000.0
1030000.0,999997.0,999000.0,30003.0,31000.0
550000.0,540000.0,543000.0,10000.0,7000.0
2430000.0,2215000.0,2125000.0,215000.0,305000.0
420000.0,425000.0,432000.0,5000.0,12000.0
1139800.0,1138888.0,1125000.0,912.0,14800.0
560000.0,559900.0,559900.0,100.0,100.0
985000.0,950000.0,964000.0,35000.0,21000.0
1145000.0,1142680.0,1025000.0,2320.0,120000.0
780000.0,899000.0,904000.0,119000.0,124000.0
2350000.0,2869500.0,2869500.0,519500.0,519500.0
755000.0,780000.0,751000.0,25000.0,4000.0
1019000.0,975000.0,1020000.0,44000.0,1000.0
502500.0,520990.0,510000.0,18490.0,7500.0
585000.0,585000.0,580000.0,0.0,5000.0
1325000.0,1379985.0,1325000.0,54985.0,0.0
489000.0,504000.0,499000.0,15000.0,10000.0
1528000.0,1540000.0,1715000.0,12000.0,187000.0
305500.0,282000.0,294200.0,23500.0,11300.0
1537000.0,1500000.0,1499000.0,37000.0,38000.0
295000.0,272000.0,285000.0,23000.0,10000.0
1699999.0,1660000.0,1700000.0,39999.0,1.0
1368000.0,1130000.0,1125000.0,238000.0,243000.0
100000.0,110000.0,130000.0,10000.0,30000.0
1375000.0,1370000.0,1230000.0,5000.0,145000.0
485000.0,535000.0,535000.0,50000.0,50000.0
1875000.0,1835550.0,2000000.0,39450.0,125000.0
875000.0,850000.0,860000.0,25000.0,15000.0
826000.0,820000.0,810000.0,6000.0,16000.0
860000.0,860000.0,836000.0,0.0,24000.0
752500.0,730000.0,720000.0,22500.0,32500.0
850000.0,800000.0,855000.0,50000.0,5000.0
499900.0,510000.0,500000.0,10100.0,100.0
925000.0,886000.0,883000.0,39000.0,42000.0
840000.0,810000.0,820000.0,30000.0,20000.0
785000.0,750000.0,750000.0,35000.0,35000.0
1760000.0,1589000.0,1551000.0,171000.0,209000.0
1415000.0,1320000.0,1320000.0,95000.0,95000.0
795000.0,800000.0,800000.0,5000.0,5000.0
1216000.0,1325000.0,1200000.0,109000.0,16000.0
990000.0,935000.0,1000000.0,55000.0,10000.0
1200000.0,1165000.0,1215000.0,35000.0,15000.0
1150000.0,1195000.0,1189000.0,45000.0,39000.0
355000.0,375000.0,330000.0,20000.0,25000.0
917000.0,890000.0,975000.0,27000.0,58000.0
1275000.0,1262750.0,1295000.0,12250.0,20000.0
357000.0,350000.0,356000.0,7000.0,1000.0
1550000.0,1370000.0,1350000.0,180000.0,200000.0
836500.0,812000.0,815000.0,24500.0,21500.0
929000.0,930000.0,930000.0,1000.0,1000.0
1479000.0,1479998.0,1475000.0,998.0,4000.0
785000.0,710000.0,800000.0,75000.0,15000.0
1340000.0,1360000.0,1350000.0,20000.0,10000.0
960000.0,915000.0,935000.0,45000.0,25000.0
315000.0,255000.0,240000.0,60000.0,75000.0
450000.0,429990.0,430000.0,20010.0,20000.0
1650000.0,1620000.0,1620000.0,30000.0,30000.0
455000.0,464000.0,455000.0,9000.0,0.0
640000.0,625000.0,621000.0,15000.0,19000.0
1650000.0,1675000.0,1960000.0,25000.0,310000.0
939800.0,917000.0,948000.0,22800.0,8200.0
730000.0,745000.0,748000.0,15000.0,18000.0
1397500.0,1310000.0,1210000.0,87500.0,187500.0
1135000.0,1100000.0,1100000.0,35000.0,35000.0
1400000.0,1265500.0,1310000.0,134500.0,90000.0
675000.0,665000.0,680000.0,10000.0,5000.0
300000.0,320000.0,310000.0,20000.0,10000.0
2760000.0,2627000.0,2910000.0,133000.0,150000.0
1315000.0,1332000.0,1350008.0,17000.0,35008.0
1750000.0,1650000.0,1600000.0,100000.0,150000.0
1425000.0,1300000.0,1250000.0,125000.0,175000.0
416500.0,399000.0,410000.0,17500.0,6500.0
2400000.0,2400000.0,2326000.0,0.0,74000.0
799900.0,800000.0,800000.0,100.0,100.0
3298000.0,3250000.0,3300000.0,48000.0,2000.0
1298800.0,1360000.0,1425000.0,61200.0,126200.0
610000.0,615000.0,615000.0,5000.0,5000.0
1010000.0,975000.0,975000.0,35000.0,35000.0
1300000.0,1300000.0,1300000.0,0.0,0.0
580000.0,590000.0,590000.0,10000.0,10000.0
695000.0,675000.0,665000.0,20000.0,30000.0
1170000.0,1124000.0,1127000.0,46000.0,43000.0
475000.0,500000.0,475000.0,25000.0,0.0
945000.0,950000.0,950000.0,5000.0,5000.0
725000.0,713448.0,715000.0,11552.0,10000.0
775000.0,775000.0,775000.0,0.0,0.0
660000.0,620000.0,660000.0,40000.0,0.0
785000.0,780000.0,765000.0,5000.0,20000.0
1080000.0,1100000.0,1080000.0,20000.0,0.0
475000.0,489000.0,480000.0,14000.0,5000.0
930000.0,1035000.0,980000.0,105000.0,50000.0
1235000.0,1249000.0,1225000.0,14000.0,10000.0
851000.0,850000.0,870000.0,1000.0,19000.0
2000000.0,1990000.0,2010000.0,10000.0,10000.0
2375000.0,2000000.0,2300000.0,375000.0,75000.0
728000.0,664125.0,720000.0,63875.0,8000.0
1199000.0,1190000.0,1200000.0,9000.0,1000.0
800000.0,825000.0,825000.0,25000.0,25000.0
690000.0,720000.0,699000.0,30000.0,9000.0
2240000.0,2250000.0,2290000.0,10000.0,50000.0
1120000.0,1000000.0,1086000.0,120000.0,34000.0
1050000.0,1100000.0,1030000.0,50000.0,20000.0
2500000.0,2550000.0,2710000.0,50000.0,210000.0
1925000.0,1955000.0,2100000.0,30000.0,175000.0
730000.0,700000.0,730000.0,30000.0,0.0
652000.0,695000.0,660000.0,43000.0,8000.0
1950000.0,2090000.0,2040000.0,140000.0,90000.0
1150000.0,1150000.0,1245000.0,0.0,95000.0
760000.0,645000.0,636000.0,115000.0,124000.0
1050000.0,1050000.0,1350000.0,0.0,300000.0
1085000.0,1125000.0,1150000.0,40000.0,65000.0
500000.0,485000.0,480000.0,15000.0,20000.0
1250000.0,1320000.0,1360000.0,70000.0,110000.0
1453000.0,1700000.0,1540000.0,247000.0,87000.0
1299000.0,1400000.0,1287500.0,101000.0,11500.0
1050000.0,1610000.0,1650000.0,560000.0,600000.0
699000.0,725000.0,670000.0,26000.0,29000.0
1200000.0,1200000.0,1189000.0,0.0,11000.0
735000.0,730000.0,610000.0,5000.0,125000.0
1399000.0,1389000.0,1325000.0,10000.0,74000.0
490000.0,478000.0,490000.0,12000.0,0.0
1289000.0,1500000.0,1500000.0,211000.0,211000.0
635000.0,700000.0,685000.0,65000.0,50000.0
2225000.0,2000000.0,2180000.0,225000.0,45000.0
4400000.0,4570000.0,4600000.0,170000.0,200000.0
1300000.0,1200000.0,1274000.0,100000.0,26000.0
325000.0,270000.0,310000.0,55000.0,15000.0
2200000.0,2136000.0,2200000.0,64000.0,0.0
1215000.0,1260000.0,1340000.0,45000.0,125000.0
700000.0,730000.0,775000.0,30000.0,75000.0
824900.0,842000.0,830000.0,17100.0,5100.0
1180000.0,1175000.0,1215000.0,5000.0,35000.0
505000.0,480000.0,489000.0,25000.0,16000.0
1100000.0,875000.0,880000.0,225000.0,220000.0
675000.0,700000.0,710000.0,25000.0,35000.0
2170000.0,1820000.0,1740000.0,350000.0,430000.0
440000.0,450000.0,443000.0,10000.0,3000.0
2295000.0,2250000.0,2082500.0,45000.0,212500.0
686000.0,690000.0,684000.0,4000.0,2000.0
415000.0,429000.0,429000.0,14000.0,14000.0
435000.0,415000.0,415000.0,20000.0,20000.0
328000.0,305000.0,324900.0,23000.0,3100.0
529900.0,530000.0,550000.0,100.0,20100.0
569812.0,569133.0,550000.0,679.0,19812.0
400000.0,403000.0,403000.0,3000.0,3000.0
755000.0,750000.0,750000.0,5000.0,5000.0
439000.0,450000.0,443000.0,11000.0,4000.0
568000.0,565000.0,535000.0,3000.0,33000.0
405000.0,400000.0,400000.0,5000.0,5000.0
3250000.0,3050000.0,3080000.0,200000.0,170000.0
2200000.0,2200888.0,2235000.0,888.0,35000.0
626000.0,610000.0,609000.0,16000.0,17000.0
2100000.0,1851375.0,1950000.0,248625.0,150000.0
750000.0,729000.0,725000.0,21000.0,25000.0
1700000.0,1630000.0,1630000.0,70000.0,70000.0
1560000.0,1215000.0,1195000.0,345000.0,365000.0
925000.0,870000.0,865000.0,55000.0,60000.0
825000.0,830000.0,830000.0,5000.0,5000.0
895000.0,915000.0,981000.0,20000.0,86000.0
1425000.0,1390000.0,1357000.0,35000.0,68000.0
1060000.0,1050000.0,1025000.0,10000.0,35000.0
650000.0,580000.0,572500.0,70000.0,77500.0
435000.0,435000.0,435000.0,0.0,0.0
875000.0,889950.0,905000.0,14950.0,30000.0
382500.0,365000.0,365000.0,17500.0,17500.0
1025000.0,981000.0,975000.0,44000.0,50000.0
450000.0,435000.0,330000.0,15000.0,120000.0
1311000.0,1261700.0,1261700.0,49300.0,49300.0
1155000.0,1228000.0,1250000.0,73000.0,95000.0
1400000.0,1470000.0,1405000.0,70000.0,5000.0
776000.0,696000.0,675000.0,80000.0,101000.0
1470000.0,1619000.0,1468000.0,149000.0,2000.0
771000.0,760000.0,740000.0,11000.0,31000.0
1325000.0,1270000.0,1364750.0,55000.0,39750.0
1900000.0,2000000.0,1818000.0,100000.0,82000.0
2090000.0,2333888.0,2450000.0,243888.0,360000.0
555000.0,550000.0,550000.0,5000.0,5000.0
710000.0,717750.0,699900.0,7750.0,10100.0
825000.0,860000.0,890000.0,35000.0,65000.0
1060000.0,1100000.0,1000000.0,40000.0,60000.0
250000.0,250000.0,250000.0,0.0,0.0
1565000.0,950000.0,1395000.0,615000.0,170000.0
1475000.0,1400000.0,1450000.0,75000.0,25000.0
785000.0,822000.0,789990.0,37000.0,4990.0
525000.0,550000.0,550000.0,25000.0,25000.0
1320000.0,1375000.0,1435000.0,55000.0,115000.0
420000.0,415000.0,415000.0,5000.0,5000.0
1095000.0,1000000.0,998000.0,95000.0,97000.0
1933000.0,2100000.0,1800000.0,167000.0,133000.0
940000.0,925000.0,950000.0,15000.0,10000.0
210000.0,227500.0,227500.0,17500.0,17500.0
612000.0,585000.0,585000.0,27000.0,27000.0
3229300.0,3510000.0,3468000.0,280700.0,238700.0
680000.0,680000.0,680000.0,0.0,0.0
800000.0,815000.0,815000.0,15000.0,15000.0
1175000.0,1200000.0,1275000.0,25000.0,100000.0
830000.0,890000.0,820000.0,60000.0,10000.0
580990.0,588990.0,612289.0,8000.0,31299.0
927000.0,915000.0,915000.0,12000.0,12000.0
520000.0,515000.0,499000.0,5000.0,21000.0
4050000.0,3835000.0,3825000.0,215000.0,225000.0
1337000.0,1350000.0,1280000.0,13000.0,57000.0
900000.0,870000.0,925000.0,30000.0,25000.0
2900000.0,2800000.0,2621242.0,100000.0,278758.0
525000.0,539990.0,549900.0,14990.0,24900.0
1195000.0,1136000.0,1100000.0,59000.0,95000.0
795000.0,836000.0,785000.0,41000.0,10000.0
410000.0,415000.0,407000.0,5000.0,3000.0
2628000.0,2600000.0,2672000.0,28000.0,44000.0
2295000.0,2136000.0,2510000.0,159000.0,215000.0
1075000.0,1060000.0,1116000.0,15000.0,41000.0
440000.0,390000.0,390000.0,50000.0,50000.0
1398888.0,1310000.0,1335000.0,88888.0,63888.0
425000.0,445000.0,436000.0,20000.0,11000.0
907000.0,815000.0,815000.0,92000.0,92000.0
1365000.0,1300000.0,1355000.0,65000.0,10000.0
662500.0,650000.0,650000.0,12500.0,12500.0
1306000.0,1550000.0,1300000.0,244000.0,6000.0
530000.0,540000.0,540000.0,10000.0,10000.0
760000.0,690000.0,710000.0,70000.0,50000.0
1560000.0,1511000.0,1535000.0,49000.0,25000.0
700000.0,685000.0,700000.0,15000.0,0.0
469000.0,458000.0,454000.0,11000.0,15000.0
850000.0,855000.0,850000.0,5000.0,0.0
364000.0,359000.0,374000.0,5000.0,10000.0
2900000.0,2918000.0,2875000.0,18000.0,25000.0
750000.0,685000.0,770000.0,65000.0,20000.0
1565000.0,1455000.0,1493500.0,110000.0,71500.0
1825000.0,1865000.0,1800000.0,40000.0,25000.0
705000.0,761000.0,715000.0,56000.0,10000.0
2095000.0,1900000.0,1950000.0,195000.0,145000.0
1750000.0,1812765.0,1885000.0,62765.0,135000.0
890000.0,800000.0,800000.0,90000.0,90000.0
3475000.0,3757000.0,3490000.0,282000.0,15000.0
422000.0,420000.0,415000.0,2000.0,7000.0
1730000.0,1600000.0,1625000.0,130000.0,105000.0
715000.0,710000.0,716000.0,5000.0,1000.0
1075000.0,1300000.0,1250000.0,225000.0,175000.0
1700000.0,1660000.0,1675000.0,40000.0,25000.0
2150000.0,2140000.0,2140000.0,10000.0,10000.0
875000.0,875000.0,945000.0,0.0,70000.0
369000.0,375000.0,369000.0,6000.0,0.0
1075000.0,1000000.0,1180000.0,75000.0,105000.0
1129000.0,1175000.0,1138000.0,46000.0,9000.0
1200000.0,1180000.0,1160000.0,20000.0,40000.0
880000.0,915000.0,950000.0,35000.0,70000.0
2147000.0,2200000.0,2200000.0,53000.0,53000.0
1800000.0,1640000.0,1626000.0,160000.0,174000.0
390000.0,385000.0,400000.0,5000.0,10000.0
635000.0,649000.0,649000.0,14000.0,14000.0
960000.0,941000.0,1000000.0,19000.0,40000.0
1280000.0,1375000.0,1350000.0,95000.0,70000.0
870000.0,870000.0,870000.0,0.0,0.0
2755000.0,1900000.0,1900000.0,855000.0,855000.0
2420000.0,2215000.0,2175000.0,205000.0,245000.0
1250000.0,1265000.0,1250000.0,15000.0,0.0
1100000.0,1260000.0,1100000.0,160000.0,0.0
1250000.0,1415000.0,1330000.0,165000.0,80000.0
1335000.0,1300000.0,1150000.0,35000.0,185000.0
1800000.0,1755000.0,1755000.0,45000.0,45000.0
600000.0,602500.0,680000.0,2500.0,80000.0
1370000.0,1420000.0,1475000.0,50000.0,105000.0
912000.0,875000.0,900000.0,37000.0,12000.0
1300000.0,1260000.0,1240000.0,40000.0,60000.0
1225000.0,1310000.0,1284500.0,85000.0,59500.0
1520000.0,1490000.0,1437000.0,30000.0,83000.0
664000.0,679000.0,650000.0,15000.0,14000.0
456000.0,482000.0,382000.0,26000.0,74000.0
895000.0,887000.0,899000.0,8000.0,4000.0
487775.0,505000.0,515000.0,17225.0,27225.0
2125000.0,1990000.0,1925000.0,135000.0,200000.0
799000.0,784000.0,784000.0,15000.0,15000.0
860000.0,820000.0,849000.0,40000.0,11000.0
1250000.0,1355000.0,1342500.0,105000.0,92500.0
1555000.0,1525000.0,1525000.0,30000.0,30000.0
2115000.0,2300000.0,2140000.0,185000.0,25000.0
1449900.0,1360000.0,1450000.0,89900.0,100.0
769000.0,775000.0,765000.0,6000.0,4000.0
310000.0,305000.0,355000.0,5000.0,45000.0
3630000.0,4280000.0,4280000.0,650000.0,650000.0
1350000.0,1355000.0,1350000.0,5000.0,0.0
800000.0,805000.0,813000.0,5000.0,13000.0
859000.0,855000.0,850000.0,4000.0,9000.0
369900.0,372000.0,369000.0,2100.0,900.0
685000.0,685000.0,660000.0,0.0,25000.0
850000.0,890000.0,900000.0,40000.0,50000.0
415000.0,400000.0,400000.0,15000.0,15000.0
595000.0,515000.0,549000.0,80000.0,46000.0
910000.0,885000.0,889000.0,25000.0,21000.0
772000.0,765000.0,825000.0,7000.0,53000.0
1100000.0,1150000.0,1085000.0,50000.0,15000.0
592000.0,545000.0,550000.0,47000.0,42000.0
774900.0,780000.0,780000.0,5100.0,5100.0
664000.0,625000.0,600000.0,39000.0,64000.0
900000.0,869000.0,868000.0,31000.0,32000.0
1130000.0,1140000.0,1100000.0,10000.0,30000.0
740000.0,740000.0,735000.0,0.0,5000.0
3175000.0,3100000.0,3100000.0,75000.0,75000.0
12000000.0,11329642.0,12050000.0,670358.0,50000.0
2310000.0,2210000.0,2210000.0,100000.0,100000.0
3000000.0,3400000.0,4000000.0,400000.0,1000000.0
546990.0,525000.0,555000.0,21990.0,8010.0
616806.0,568000.0,570000.0,48806.0,46806.0
3000000.0,2390000.0,2420000.0,610000.0,580000.0
1235000.0,1165000.0,1100000.0,70000.0,135000.0
2800000.0,2875000.0,3145000.0,75000.0,345000.0
1185000.0,1185000.0,1140000.0,0.0,45000.0
620000.0,600000.0,599000.0,20000.0,21000.0
3050000.0,3000000.0,3025000.0,50000.0,25000.0
585000.0,590000.0,590000.0,5000.0,5000.0
1060000.0,985000.0,915000.0,75000.0,145000.0
1470000.0,1410000.0,1450000.0,60000.0,20000.0
300000.0,289000.0,290000.0,11000.0,10000.0
705000.0,703000.0,725000.0,2000.0,20000.0
987500.0,1050000.0,1050000.0,62500.0,62500.0
880000.0,875000.0,849000.0,5000.0,31000.0
550000.0,555000.0,525000.0,5000.0,25000.0
1010000.0,1105000.0,950000.0,95000.0,60000.0
2040000.0,1851375.0,2000000.0,188625.0,40000.0
575000.0,550000.0,575000.0,25000.0,0.0
880000.0,895000.0,850000.0,15000.0,30000.0
420000.0,455000.0,455000.0,35000.0,35000.0
917000.0,920000.0,850000.0,3000.0,67000.0
775000.0,757000.0,757000.0,18000.0,18000.0
720000.0,717000.0,720000.0,3000.0,0.0
853000.0,910000.0,921000.0,57000.0,68000.0
615000.0,615000.0,619000.0,0.0,4000.0
999000.0,1020000.0,1030000.0,21000.0,31000.0
640000.0,635000.0,600000.0,5000.0,40000.0
5299000.0,4903765.0,4903765.0,395235.0,395235.0
3500000.0,3395000.0,3320000.0,105000.0,180000.0
549000.0,554500.0,540000.0,5500.0,9000.0
950000.0,1060000.0,1060000.0,110000.0,110000.0
1730000.0,1730000.0,1730000.0,0.0,0.0
1050000.0,1020000.0,900000.0,30000.0,150000.0
1800045.0,1800000.0,1880000.0,45.0,79955.0
395000.0,388000.0,380000.0,7000.0,15000.0
1150000.0,1375000.0,1205000.0,225000.0,55000.0
995000.0,993000.0,998000.0,2000.0,3000.0
749000.0,749000.0,725000.0,0.0,24000.0
650000.0,640000.0,602000.0,10000.0,48000.0
1937500.0,1750000.0,1770000.0,187500.0,167500.0
1000000.0,999960.0,995000.0,40.0,5000.0
840000.0,895000.0,850000.0,55000.0,10000.0
585000.0,545000.0,590000.0,40000.0,5000.0
844000.0,965500.0,965500.0,121500.0,121500.0
550000.0,570000.0,570000.0,20000.0,20000.0
1415000.0,1250000.0,1185000.0,165000.0,230000.0
1360000.0,1320000.0,1350000.0,40000.0,10000.0
3975000.0,4100000.0,4350000.0,125000.0,375000.0
1460000.0,1405000.0,1435000.0,55000.0,25000.0
575000.0,555000.0,550000.0,20000.0,25000.0
425000.0,439000.0,419990.0,14000.0,5010.0
750000.0,758000.0,739900.0,8000.0,10100.0
1250000.0,1210000.0,1190000.0,40000.0,60000.0
422900.0,420000.0,387500.0,2900.0,35400.0
1228000.0,1188000.0,1150000.0,40000.0,78000.0
660000.0,636000.0,670000.0,24000.0,10000.0
1660000.0,1629000.0,1688000.0,31000.0,28000.0
1160000.0,1110000.0,1170000.0,50000.0,10000.0
1410000.0,1175000.0,1175000.0,235000.0,235000.0
999500.0,1042000.0,1030000.0,42500.0,30500.0
450000.0,465000.0,450000.0,15000.0,0.0
885000.0,875000.0,920000.0,10000.0,35000.0
805000.0,815000.0,740000.0,10000.0,65000.0
2449000.0,2456000.0,2620000.0,7000.0,171000.0
410000.0,350000.0,350000.0,60000.0,60000.0
459000.0,440000.0,465000.0,19000.0,6000.0
455000.0,442500.0,457500.0,12500.0,2500.0
400000.0,399000.0,435000.0,1000.0,35000.0
780000.0,792000.0,750000.0,12000.0,30000.0
675000.0,675000.0,675702.0,0.0,702.0
1130000.0,1150000.0,1140000.0,20000.0,10000.0
665000.0,679000.0,682500.0,14000.0,17500.0
1690000.0,1600000.0,1570000.0,90000.0,120000.0
750000.0,760000.0,705000.0,10000.0,45000.0
615000.0,600000.0,665000.0,15000.0,50000.0
750000.0,749900.0,749900.0,100.0,100.0
2379000.0,2500000.0,2560000.0,121000.0,181000.0
1900000.0,1965000.0,1900000.0,65000.0,0.0
576000.0,565000.0,565000.0,11000.0,11000.0
1150000.0,1150000.0,1075000.0,0.0,75000.0
1050000.0,1025000.0,1045000.0,25000.0,5000.0
550000.0,535000.0,515000.0,15000.0,35000.0
425000.0,425000.0,420000.0,0.0,5000.0
1449000.0,1410000.0,1455000.0,39000.0,6000.0
558500.0,555000.0,559000.0,3500.0,500.0
4240000.0,4500000.0,4560000.0,260000.0,320000.0
2100000.0,2090000.0,2015000.0,10000.0,85000.0
2200000.0,1955000.0,2050000.0,245000.0,150000.0
985000.0,875000.0,875000.0,110000.0,110000.0
289000.0,277660.0,295000.0,11340.0,6000.0
825000.0,780000.0,800000.0,45000.0,25000.0
850000.0,850000.0,845000.0,0.0,5000.0
590000.0,575000.0,590000.0,15000.0,0.0
575000.0,603000.0,617000.0,28000.0,42000.0
827000.0,826000.0,826000.0,1000.0,1000.0
449990.0,449990.0,449990.0,0.0,0.0
420000.0,415000.0,432000.0,5000.0,12000.0
1050000.0,1085000.0,1000000.0,35000.0,50000.0
1150000.0,1100000.0,1070000.0,50000.0,80000.0
515000.0,544900.0,560000.0,29900.0,45000.0
987000.0,979000.0,956000.0,8000.0,31000.0
949000.0,1060000.0,1060000.0,111000.0,111000.0
4300000.0,3900000.0,3740000.0,400000.0,560000.0
715000.0,630000.0,650000.0,85000.0,65000.0
2550000.0,2695000.0,2730000.0,145000.0,180000.0
905000.0,1050000.0,770000.0,145000.0,135000.0
2185000.0,2199900.0,2088000.0,14900.0,97000.0
3255000.0,3400000.0,3800000.0,145000.0,545000.0
4850000.0,4500000.0,4500000.0,350000.0,350000.0
450000.0,450000.0,455000.0,0.0,5000.0
1050000.0,1045000.0,1070000.0,5000.0,20000.0
1076500.0,1153500.0,1220000.0,77000.0,143500.0
855000.0,875000.0,825000.0,20000.0,30000.0
1450000.0,1171072.5,1410000.0,278927.5,40000.0
1195000.0,1255000.0,1200000.0,60000.0,5000.0
1340000.0,1343000.0,1238000.0,3000.0,102000.0
460000.0,475000.0,470000.0,15000.0,10000.0
915000.0,915000.0,915000.0,0.0,0.0
685000.0,660000.0,600000.0,25000.0,85000.0
1060000.0,1040000.0,1007500.0,20000.0,52500.0
800000.0,850000.0,850000.0,50000.0,50000.0
1755000.0,1675000.0,1740000.0,80000.0,15000.0
2100000.0,2175000.0,2175000.0,75000.0,75000.0
900000.0,1072000.0,1080000.0,172000.0,180000.0
1050000.0,1250000.0,1250000.0,200000.0,200000.0
1100000.0,1215000.0,1215000.0,115000.0,115000.0
889000.0,842000.0,1030000.0,47000.0,141000.0
1235000.0,1205300.0,1235000.0,29700.0,0.0
730000.0,673000.0,671000.0,57000.0,59000.0
2200000.0,2285000.0,2200000.0,85000.0,0.0
985000.0,915000.0,970000.0,70000.0,15000.0
1100000.0,1045500.0,971000.0,54500.0,129000.0
605000.0,600000.0,600000.0,5000.0,5000.0
355000.0,360000.0,350000.0,5000.0,5000.0
740000.0,717000.0,720000.0,23000.0,20000.0
680000.0,671000.0,670000.0,9000.0,10000.0
1499500.0,1520000.0,1520000.0,20500.0,20500.0
719800.0,723000.0,690000.0,3200.0,29800.0
450000.0,470000.0,440000.0,20000.0,10000.0
878800.0,899000.0,870000.0,20200.0,8800.0
465000.0,462000.0,483000.0,3000.0,18000.0
2000000.0,2180000.0,2100000.0,180000.0,100000.0
810000.0,785000.0,780000.0,25000.0,30000.0
1250000.0,1240000.0,1255000.0,10000.0,5000.0
520000.0,510000.0,495000.0,10000.0,25000.0
2190000.0,2071875.0,2088000.0,118125.0,102000.0
590730.0,599900.0,600000.0,9170.0,9270.0
450000.0,435000.0,435000.0,15000.0,15000.0
739900.0,735000.0,739900.0,4900.0,0.0
600000.0,620000.0,599000.0,20000.0,1000.0
550000.0,550000.0,575000.0,0.0,25000.0
603000.0,586500.0,595000.0,16500.0,8000.0
2900000.0,2950000.0,2950000.0,50000.0,50000.0
680000.0,715000.0,722000.0,35000.0,42000.0
912000.0,855000.0,870000.0,57000.0,42000.0
530000.0,495000.0,500000.0,35000.0,30000.0
550000.0,515000.0,515000.0,35000.0,35000.0
952000.0,900000.0,900000.0,52000.0,52000.0
1899000.0,1860000.0,1985000.0,39000.0,86000.0
499850.0,485000.0,485000.0,14850.0,14850.0
649900.0,654000.0,649990.0,4100.0,90.0
700000.0,700000.0,675000.0,0.0,25000.0
1350000.0,1490000.0,1475000.0,140000.0,125000.0
1350000.0,1268000.0,1150000.0,82000.0,200000.0
540000.0,540000.0,540000.0,0.0,0.0
439000.0,435000.0,425000.0,4000.0,14000.0
614000.0,599000.0,589000.0,15000.0,25000.0
790000.0,780000.0,807000.0,10000.0,17000.0
1100000.0,1245000.0,1155000.0,145000.0,55000.0
1390000.0,1375000.0,1350000.0,15000.0,40000.0
655000.0,640000.0,635000.0,15000.0,20000.0
1980000.0,1989000.0,1930000.0,9000.0,50000.0
799000.0,810000.0,800000.0,11000.0,1000.0
570000.0,575000.0,570000.0,5000.0,0.0
645000.0,720000.0,660000.0,75000.0,15000.0
607500.0,559000.0,569100.0,48500.0,38400.0
1250000.0,1240000.0,1260000.0,10000.0,10000.0
430000.0,420000.0,410550.0,10000.0,19450.0
690000.0,580000.0,580000.0,110000.0,110000.0
890000.0,870000.0,870000.0,20000.0,20000.0
1165000.0,1100000.0,1200000.0,65000.0,35000.0
1142939.0,1180000.0,1245000.0,37061.0,102061.0
800000.0,807000.0,790000.0,7000.0,10000.0
810000.0,895000.0,895000.0,85000.0,85000.0
519900.0,500000.0,520000.0,19900.0,100.0
1250000.0,1240000.0,1250000.0,10000.0,0.0
1550000.0,1456250.0,1500000.0,93750.0,50000.0
1310000.0,1300000.0,1470000.0,10000.0,160000.0
1850000.0,1850000.0,1850000.0,0.0,0.0
900000.0,885000.0,889000.0,15000.0,11000.0
312000.0,270000.0,290000.0,42000.0,22000.0
425000.0,425000.0,422900.0,0.0,2100.0
435000.0,425000.0,435000.0,10000.0,0.0
930000.0,920000.0,967500.0,10000.0,37500.0
1760000.0,1890000.0,1785000.0,130000.0,25000.0
400000.0,404900.0,400000.0,4900.0,0.0
1079000.0,1050000.0,994500.0,29000.0,84500.0
355000.0,315000.0,325000.0,40000.0,30000.0
1025000.0,925000.0,925000.0,100000.0,100000.0
4245000.0,3800000.0,3846103.0,445000.0,398897.0
450100.0,405000.0,387500.0,45100.0,62600.0
1186000.0,1082500.0,1070000.0,103500.0,116000.0
1515000.0,1355000.0,1390000.0,160000.0,125000.0
395000.0,389000.0,395000.0,6000.0,0.0
1160000.0,1160000.0,1140000.0,0.0,20000.0
500000.0,510000.0,500000.0,10000.0,0.0
1950000.0,1725000.0,1525000.0,225000.0,425000.0
2665000.0,2750000.0,2660000.0,85000.0,5000.0
761125.0,750000.0,750000.0,11125.0,11125.0
1230000.0,1194000.0,1280000.0,36000.0,50000.0
465000.0,462000.0,450000.0,3000.0,15000.0
1220000.0,1270000.0,1162000.0,50000.0,58000.0
970000.0,950000.0,1000000.0,20000.0,30000.0
959000.0,860000.0,901960.0,99000.0,57040.0
425000.0,425000.0,430000.0,0.0,5000.0
875000.0,885000.0,880000.0,10000.0,5000.0
599000.0,620000.0,599900.0,21000.0,900.0
460000.0,460000.0,487000.0,0.0,27000.0
405000.0,411191.0,409900.0,6191.0,4900.0
1150000.0,1235000.0,1155000.0,85000.0,5000.0
2850000.0,2686500.0,2875000.0,163500.0,25000.0
1075000.0,1055000.0,1040000.0,20000.0,35000.0
930000.0,890000.0,900000.0,40000.0,30000.0
480000.0,460000.0,460000.0,20000.0,20000.0
1760000.0,1700000.0,1800000.0,60000.0,40000.0
860000.0,765000.0,765000.0,95000.0,95000.0
870000.0,800000.0,850000.0,70000.0,20000.0
875000.0,905000.0,870000.0,30000.0,5000.0
749900.0,724000.0,750000.0,25900.0,100.0
1305000.0,1275000.0,1275000.0,30000.0,30000.0
685000.0,695000.0,660000.0,10000.0,25000.0
580000.0,555000.0,610000.0,25000.0,30000.0
490000.0,495000.0,495000.0,5000.0,5000.0
565000.0,545000.0,549500.0,20000.0,15500.0
990000.0,935000.0,935000.0,55000.0,55000.0
1040000.0,1060000.0,1060000.0,20000.0,20000.0
1660000.0,1625000.0,1650000.0,35000.0,10000.0
2070000.0,2105000.0,1942000.0,35000.0,128000.0
1150000.0,1200000.0,970000.0,50000.0,180000.0
910000.0,906000.0,840000.0,4000.0,70000.0
1487000.0,1490000.0,1545000.0,3000.0,58000.0
565000.0,615000.0,620000.0,50000.0,55000.0
315000.0,275000.0,282000.0,40000.0,33000.0
1167000.0,1200000.0,1222000.0,33000.0,55000.0
1321000.0,1245000.0,1200000.0,76000.0,121000.0
435000.0,480000.0,460000.0,45000.0,25000.0
2850000.0,3000000.0,2975000.0,150000.0,125000.0
1570000.0,1620000.0,1687500.0,50000.0,117500.0
389000.0,390000.0,380000.0,1000.0,9000.0
4200000.0,3600000.0,3600000.0,600000.0,600000.0
3450000.0,3050000.0,3000000.0,400000.0,450000.0
905000.0,900000.0,875000.0,5000.0,30000.0
606000.0,585000.0,555002.0,21000.0,50998.0
672500.0,625000.0,650000.0,47500.0,22500.0
1525000.0,1461250.0,1525000.0,63750.0,0.0
246000.0,250000.0,245000.0,4000.0,1000.0
559000.0,540000.0,530000.0,19000.0,29000.0
345000.0,350000.0,350000.0,5000.0,5000.0
405000.0,380000.0,380000.0,25000.0,25000.0
548500.0,599500.0,590000.0,51000.0,41500.0
1400000.0,1550168.0,1365000.0,150168.0,35000.0
1050000.0,1035000.0,1045000.0,15000.0,5000.0
1222250.0,1200000.0,1270000.0,22250.0,47750.0
405000.0,399000.0,399999.0,6000.0,5001.0
908000.0,891000.0,905000.0,17000.0,3000.0
1440000.0,1800000.0,1700000.0,360000.0,260000.0
1235000.0,1308000.0,1308000.0,73000.0,73000.0
1197300.0,1175000.0,1060000.0,22300.0,137300.0
2665000.0,2700000.0,2995000.0,35000.0,330000.0
615000.0,635000.0,625000.0,20000.0,10000.0
280000.0,289900.0,287900.0,9900.0,7900.0
967000.0,1055000.0,949000.0,88000.0,18000.0
965000.0,730000.0,883000.0,235000.0,82000.0
1400000.0,1415000.0,1400000.0,15000.0,0.0
1330000.0,1399000.0,1435000.0,69000.0,105000.0
600000.0,579000.0,572500.0,21000.0,27500.0
637000.0,640000.0,639000.0,3000.0,2000.0
2165000.0,2055000.0,2400000.0,110000.0,235000.0
2615000.0,2570000.0,2700000.0,45000.0,85000.0
1840000.0,2000000.0,1869000.0,160000.0,29000.0
590000.0,675000.0,665000.0,85000.0,75000.0
625000.0,610000.0,679000.0,15000.0,54000.0
665000.0,650000.0,680000.0,15000.0,15000.0
735000.0,717000.0,720000.0,18000.0,15000.0
1010000.0,968000.0,1040000.0,42000.0,30000.0
1585000.0,1350000.0,1800000.0,235000.0,215000.0
1298000.0,1050000.0,1050000.0,248000.0,248000.0
925550.0,925000.0,920000.0,550.0,5550.0
1530000.0,1509000.0,1500000.0,21000.0,30000.0
440000.0,415000.0,415000.0,25000.0,25000.0
484000.0,480000.0,475000.0,4000.0,9000.0
1350000.0,1298250.0,1290000.0,51750.0,60000.0
845000.0,780000.0,816000.0,65000.0,29000.0
442000.0,430000.0,417000.0,12000.0,25000.0
1515000.0,1649000.0,1765000.0,134000.0,250000.0
3115850.0,2800000.0,2800000.0,315850.0,315850.0
1375000.0,1310000.0,1310000.0,65000.0,65000.0
1675000.0,1694500.0,1694500.0,19500.0,19500.0
868000.0,875000.0,875000.0,7000.0,7000.0
1150000.0,1150000.0,1100000.0,0.0,50000.0
460000.0,460000.0,460000.0,0.0,0.0
775000.0,787000.0,790000.0,12000.0,15000.0
715000.0,725000.0,725000.0,10000.0,10000.0
1560000.0,1490000.0,1518000.0,70000.0,42000.0
340000.0,320000.0,310000.0,20000.0,30000.0
410000.0,399000.0,430000.0,11000.0,20000.0
420000.0,415000.0,410000.0,5000.0,10000.0
858900.0,893000.0,901960.0,34100.0,43060.0
622000.0,550000.0,655000.0,72000.0,33000.0
900000.0,900000.0,875500.0,0.0,24500.0
3875000.0,3735000.0,3700000.0,140000.0,175000.0
815000.0,820000.0,800000.0,5000.0,15000.0
725000.0,745000.0,725000.0,20000.0,0.0
820000.0,853000.0,800000.0,33000.0,20000.0
595000.0,610000.0,615000.0,15000.0,20000.0
329000.0,334000.0,330000.0,5000.0,1000.0
1400000.0,1400000.0,1450000.0,0.0,50000.0
2860000.0,2625000.0,2972500.0,235000.0,112500.0
725000.0,725000.0,725000.0,0.0,0.0
910500.0,875000.0,855000.0,35500.0,55500.0
725000.0,675990.0,685000.0,49010.0,40000.0
1175000.0,1157500.0,1200000.0,17500.0,25000.0
2255333.0,2200000.0,2185000.0,55333.0,70333.0
265000.0,270000.0,262200.0,5000.0,2800.0
860000.0,860000.0,850000.0,0.0,10000.0
1190500.0,1050000.0,1155000.0,140500.0,35500.0
796630.0,780000.0,835000.0,16630.0,38370.0
360000.0,380000.0,365000.0,20000.0,5000.0
895500.0,840000.0,855000.0,55500.0,40500.0
3700000.0,3650000.0,3350000.0,50000.0,350000.0
2050000.0,1900000.0,1900000.0,150000.0,150000.0
760000.0,805000.0,786000.0,45000.0,26000.0
685000.0,674500.0,675000.0,10500.0,10000.0
1400000.0,1420000.0,1375000.0,20000.0,25000.0
900000.0,799999.0,900000.0,100001.0,0.0
1520000.0,1585000.0,1555000.0,65000.0,35000.0
960000.0,920000.0,940000.0,40000.0,20000.0
885000.0,1015000.0,920000.0,130000.0,35000.0
2188000.0,2215000.0,2185000.0,27000.0,3000.0
1100000.0,918000.0,1110000.0,182000.0,10000.0
305000.0,287000.0,326000.0,18000.0,21000.0
745000.0,765000.0,750000.0,20000.0,5000.0
2725000.0,2250000.0,3405000.0,475000.0,680000.0
1125000.0,1200000.0,1225000.0,75000.0,100000.0
1645000.0,1649000.0,1750000.0,4000.0,105000.0
670000.0,675000.0,670000.0,5000.0,0.0
640000.0,638000.0,635000.0,2000.0,5000.0
575000.0,565000.0,555000.0,10000.0,20000.0
385000.0,385000.0,380000.0,0.0,5000.0
1345000.0,1380000.0,1265000.0,35000.0,80000.0
595000.0,612289.0,597490.0,17289.0,2490.0
1750000.0,1800000.0,1650000.0,50000.0,100000.0
815000.0,855000.0,830000.0,40000.0,15000.0
1075000.0,1040000.0,970000.0,35000.0,105000.0
818000.0,835000.0,800000.0,17000.0,18000.0
1110000.0,1100000.0,1075000.0,10000.0,35000.0
2750000.0,2495000.0,2437500.0,255000.0,312500.0
870000.0,875000.0,875000.0,5000.0,5000.0
1580000.0,1400000.0,1400000.0,180000.0,180000.0
350000.0,349900.0,340000.0,100.0,10000.0
900000.0,800000.0,820000.0,100000.0,80000.0
1160000.0,1200000.0,1200000.0,40000.0,40000.0
830000.0,830000.0,805000.0,0.0,25000.0
2195000.0,2200000.0,1965000.0,5000.0,230000.0
1099000.0,1063700.0,1351000.0,35300.0,252000.0
805000.0,777000.0,785000.0,28000.0,20000.0
1390000.0,1356000.0,1310000.0,34000.0,80000.0
1685000.0,1690000.0,1500000.0,5000.0,185000.0
430000.0,435000.0,420000.0,5000.0,10000.0
1600000.0,1595000.0,2216300.0,5000.0,616300.0
505000.0,508000.0,520000.0,3000.0,15000.0
615000.0,616000.0,675000.0,1000.0,60000.0
1440000.0,1430000.0,1430000.0,10000.0,10000.0
415000.0,400000.0,400000.0,15000.0,15000.0
700000.0,680000.0,705000.0,20000.0,5000.0
1111000.0,1075000.0,1000000.0,36000.0,111000.0
739000.0,725000.0,750000.0,14000.0,11000.0
685000.0,560000.0,600000.0,125000.0,85000.0
968000.0,1010000.0,1075000.0,42000.0,107000.0
775000.0,740000.0,680000.0,35000.0,95000.0
2650000.0,2590000.0,2750000.0,60000.0,100000.0
1975000.0,1725000.0,2105000.0,250000.0,130000.0
720000.0,695000.0,700000.0,25000.0,20000.0
1000000.0,950000.0,850000.0,50000.0,150000.0
765000.0,740000.0,700000.0,25000.0,65000.0
535000.0,460000.0,450000.0,75000.0,85000.0
1010000.0,975000.0,975000.0,35000.0,35000.0
2775000.0,2775000.0,3100000.0,0.0,325000.0
999000.0,999000.0,999000.0,0.0,0.0
899900.0,899000.0,899000.0,900.0,900.0
6200000.0,6600000.0,6585000.0,400000.0,385000.0
560000.0,555000.0,600000.0,5000.0,40000.0
715000.0,650000.0,715000.0,65000.0,0.0
430000.0,435000.0,435000.0,5000.0,5000.0
317000.0,310000.0,290500.0,7000.0,26500.0
690000.0,675000.0,664500.0,15000.0,25500.0
630000.0,655000.0,610000.0,25000.0,20000.0
360000.0,360000.0,360000.0,0.0,0.0
1574000.0,1510000.0,1475000.0,64000.0,99000.0
533000.0,530000.0,485000.0,3000.0,48000.0
1395000.0,1488000.0,1488000.0,93000.0,93000.0
1950000.0,1600000.0,1975000.0,350000.0,25000.0
800000.0,800000.0,800000.0,0.0,0.0
1657000.0,1596000.0,1620000.0,61000.0,37000.0
295000.0,300000.0,300000.0,5000.0,5000.0
780000.0,770000.0,732000.0,10000.0,48000.0
189000.0,179000.0,139000.0,10000.0,50000.0
2025000.0,2450000.0,2100000.0,425000.0,75000.0
875000.0,899000.0,930000.0,24000.0,55000.0
1925000.0,1920000.0,1900000.0,5000.0,25000.0
940000.0,940000.0,945000.0,0.0,5000.0
270000.0,275000.0,285000.0,5000.0,15000.0
660000.0,616000.0,615000.0,44000.0,45000.0
1499999.0,1472000.0,1330000.0,27999.0,169999.0
850000.0,805000.0,825000.0,45000.0,25000.0
830000.0,749000.0,750000.0,81000.0,80000.0
2200000.0,2150000.0,2100000.0,50000.0,100000.0
3800000.0,4125000.0,4470000.0,325000.0,670000.0
1674000.0,1700000.0,1640000.0,26000.0,34000.0
1165000.0,1160000.0,1137500.0,5000.0,27500.0
537500.0,550000.0,585000.0,12500.0,47500.0
1200000.0,1425000.0,1425000.0,225000.0,225000.0
1280000.0,1275000.0,1300000.0,5000.0,20000.0
950000.0,800000.0,1031647.0,150000.0,81647.0
1365000.0,1375000.0,1399000.0,10000.0,34000.0
1300000.0,1228000.0,1169000.0,72000.0,131000.0
900000.0,925000.0,865000.0,25000.0,35000.0
1320000.0,1279000.0,1279000.0,41000.0,41000.0
2300000.0,2055000.0,2419000.0,245000.0,119000.0
832000.0,790000.0,760000.0,42000.0,72000.0
974000.0,969000.0,975000.0,5000.0,1000.0
738000.0,725000.0,718800.0,13000.0,19200.0
815000.0,885000.0,780000.0,70000.0,35000.0
1555000.0,1570000.0,1460000.0,15000.0,95000.0
1443000.0,1400000.0,1400000.0,43000.0,43000.0
1550000.0,1650000.0,1700000.0,100000.0,150000.0
464000.0,440000.0,473888.0,24000.0,9888.0
965000.0,975000.0,968000.0,10000.0,3000.0
568000.0,575000.0,563000.0,7000.0,5000.0
1981000.0,1817000.0,1795000.0,164000.0,186000.0
800000.0,799000.0,860000.0,1000.0,60000.0
668000.0,650000.0,645000.0,18000.0,23000.0
789000.0,806500.0,780000.0,17500.0,9000.0
700000.0,718000.0,675000.0,18000.0,25000.0
1111111.0,975000.0,971000.0,136111.0,140111.0
895000.0,829000.0,812000.0,66000.0,83000.0
2110000.0,2037500.0,2150000.0,72500.0,40000.0
2345000.0,2200000.0,2360000.0,145000.0,15000.0
871000.0,860000.0,865000.0,11000.0,6000.0
539900.0,570000.0,539000.0,30100.0,900.0
1675000.0,1700000.0,1700000.0,25000.0,25000.0
715000.0,699000.0,710000.0,16000.0,5000.0
1780000.0,2000000.0,1800000.0,220000.0,20000.0
395000.0,430000.0,442500.0,35000.0,47500.0
344900.0,349950.0,325000.0,5050.0,19900.0
485000.0,485000.0,459000.0,0.0,26000.0
940000.0,850000.0,850000.0,90000.0,90000.0
583000.0,540000.0,570000.0,43000.0,13000.0
1350000.0,1430000.0,1525000.0,80000.0,175000.0
980000.0,1050000.0,1000000.0,70000.0,20000.0
450000.0,449000.0,449000.0,1000.0,1000.0
890000.0,906500.0,939000.0,16500.0,49000.0
969000.0,800000.0,840000.0,169000.0,129000.0
1550000.0,1810000.0,1816288.0,260000.0,266288.0
479990.0,479500.0,479990.0,490.0,0.0
3600000.0,3595000.0,3424000.0,5000.0,176000.0
1050000.0,1075000.0,1311000.0,25000.0,261000.0
1399000.0,1389000.0,1360000.0,10000.0,39000.0
370000.0,385111.0,395000.0,15111.0,25000.0
1000000.0,990000.0,999999.0,10000.0,1.0
610000.0,624000.0,615000.0,14000.0,5000.0
625000.0,619000.0,635000.0,6000.0,10000.0
850000.0,850000.0,875001.0,0.0,25001.0
1450000.0,1479000.0,1470000.0,29000.0,20000.0
1450000.0,1625000.0,1595000.0,175000.0,145000.0
600000.0,610000.0,620000.0,10000.0,20000.0
770000.0,715000.0,750000.0,55000.0,20000.0
2000000.0,2180000.0,2075000.0,180000.0,75000.0
1445000.0,1514000.0,1500000.0,69000.0,55000.0
2182000.0,2165000.0,2088000.0,17000.0,94000.0
1035000.0,950000.0,945000.0,85000.0,90000.0
950000.0,900000.0,894000.0,50000.0,56000.0
2650000.0,2480000.0,2577900.0,170000.0,72100.0
775000.0,850000.0,790000.0,75000.0,15000.0
3100000.0,3650000.0,3650000.0,550000.0,550000.0
398000.0,396500.0,395000.0,1500.0,3000.0
399999.0,415000.0,419900.0,15001.0,19901.0
3010000.0,3320000.0,3350000.0,310000.0,340000.0
1985000.0,1900000.0,1880000.0,85000.0,105000.0
1139000.0,1062500.0,1100000.0,76500.0,39000.0
810000.0,820000.0,820000.0,10000.0,10000.0
5098000.0,5000000.0,4314300.0,98000.0,783700.0
1200000.0,1150000.0,1150000.0,50000.0,50000.0
415000.0,410000.0,412500.0,5000.0,2500.0
1079000.0,922000.0,890000.0,157000.0,189000.0
1520000.0,1400000.0,1456000.0,120000.0,64000.0
988888.0,1060000.0,1065000.0,71112.0,76112.0
8000000.0,8000000.0,7800000.0,0.0,200000.0
1600000.0,1560000.0,1550000.0,40000.0,50000.0
490000.0,496000.0,496000.0,6000.0,6000.0
2612000.0,2629000.0,2300000.0,17000.0,312000.0
2060000.0,2050000.0,2100000.0,10000.0,40000.0
2455000.0,2475000.0,2355000.0,20000.0,100000.0
1225000.0,1320000.0,1225000.0,95000.0,0.0
1875000.0,1550000.0,1550000.0,325000.0,325000.0
1075194.6,1100000.0,1188500.0,24805.399999999907,113305.3999999999
1280000.0,1200000.0,1190000.0,80000.0,90000.0
1056000.0,1100000.0,1115000.0,44000.0,59000.0
670000.0,670000.0,670000.0,0.0,0.0
1040000.0,1052000.0,1052000.0,12000.0,12000.0
1550000.0,1550000.0,1450000.0,0.0,100000.0
595000.0,610000.0,595000.0,15000.0,0.0
2875000.0,2929000.0,2830000.0,54000.0,45000.0
405000.0,415000.0,405000.0,10000.0,0.0
790000.0,800000.0,809000.0,10000.0,19000.0
1140000.0,1050000.0,1100000.0,90000.0,40000.0
1370000.0,1345000.0,1560000.0,25000.0,190000.0
2625000.0,2640000.0,2425000.0,15000.0,200000.0
529000.0,514000.0,505000.0,15000.0,24000.0
839000.0,925000.0,857200.0,86000.0,18200.0
650000.0,1010000.0,1010000.0,360000.0,360000.0
475000.0,455000.0,465000.0,20000.0,10000.0
1179000.0,1205000.0,1210000.0,26000.0,31000.0
2400000.0,2375000.0,2450000.0,25000.0,50000.0
750000.0,685000.0,734000.0,65000.0,16000.0
3800000.0,4180000.0,3950000.0,380000.0,150000.0
1440000.0,1435000.0,1427000.0,5000.0,13000.0
1800000.0,1628500.0,1628500.0,171500.0,171500.0
850000.0,815000.0,835000.0,35000.0,15000.0
900000.0,900000.0,900000.0,0.0,0.0
1635000.0,1646000.0,1725000.0,11000.0,90000.0
1940000.0,1965000.0,1975000.0,25000.0,35000.0
430000.0,435000.0,410000.0,5000.0,20000.0
925000.0,1050000.0,1050000.0,125000.0,125000.0
2499000.0,2370000.0,2250000.0,129000.0,249000.0
605000.0,615000.0,615000.0,10000.0,10000.0
499900.0,499950.0,485000.0,50.0,14900.0
1690000.0,1640000.0,1660000.0,50000.0,30000.0
1155000.0,1130000.0,1190000.0,25000.0,35000.0
1695000.0,1750000.0,1550000.0,55000.0,145000.0
650000.0,495000.0,535000.0,155000.0,115000.0
875000.0,895000.0,900000.0,20000.0,25000.0
795000.0,790000.0,815000.0,5000.0,20000.0
1165000.0,1155000.0,1225000.0,10000.0,60000.0
770000.0,825000.0,825000.0,55000.0,55000.0
1550000.0,1600000.0,1549000.0,50000.0,1000.0
540000.0,525000.0,533050.0,15000.0,6950.0
755000.0,760000.0,761000.0,5000.0,6000.0
590000.0,580000.0,630000.0,10000.0,40000.0
110000.0,1145000.0,1146410.0,1035000.0,1036410.0
1330000.0,1250000.0,1169000.0,80000.0,161000.0
545000.0,530000.0,570000.0,15000.0,25000.0
1260000.0,1200000.0,1249000.0,60000.0,11000.0
1119350.0,999375.0,1000000.0,119975.0,119350.0
2125000.0,2200000.0,2200000.0,75000.0,75000.0
359000.0,372500.0,375000.0,13500.0,16000.0
350000.0,290000.0,303500.0,60000.0,46500.0
1130000.0,1130000.0,1130000.0,0.0,0.0
1690000.0,1725000.0,1781000.0,35000.0,91000.0
180000.0,223800.0,220000.0,43800.0,40000.0
890000.0,850000.0,837000.0,40000.0,53000.0
545000.0,560000.0,560000.0,15000.0,15000.0
2050000.0,2250000.0,2165000.0,200000.0,115000.0
927648.0,899000.0,894500.0,28648.0,33148.0
1180000.0,1225000.0,1225000.0,45000.0,45000.0
650000.0,727000.0,722500.0,77000.0,72500.0
1530000.0,1450000.0,1550000.0,80000.0,20000.0
1500000.0,1538000.0,1475000.0,38000.0,25000.0
990000.0,926250.0,926250.0,63750.0,63750.0
350000.0,350000.0,345000.0,0.0,5000.0
900000.0,890000.0,860000.0,10000.0,40000.0
1200000.0,1080000.0,1200000.0,120000.0,0.0
1030000.0,994500.0,975000.0,35500.0,55000.0
879000.0,879000.0,860000.0,0.0,19000.0
2620000.0,2826210.0,2700000.0,206210.0,80000.0
860000.0,839000.0,860000.0,21000.0,0.0
1649500.0,1625000.0,1639000.0,24500.0,10500.0
525000.0,460000.0,520000.0,65000.0,5000.0
1070000.0,985000.0,995000.0,85000.0,75000.0
530000.0,540000.0,585000.0,10000.0,55000.0
990000.0,963000.0,975000.0,27000.0,15000.0
2025000.0,1650000.0,1475000.0,375000.0,550000.0
481000.0,499990.0,499990.0,18990.0,18990.0
1620000.0,1510000.0,1500000.0,110000.0,120000.0
810000.0,825000.0,850000.0,15000.0,40000.0
885000.0,888000.0,880000.0,3000.0,5000.0
799000.0,800000.0,799000.0,1000.0,0.0
2918000.0,2598000.0,2750000.0,320000.0,168000.0
1608500.0,1350000.0,1455000.0,258500.0,153500.0
1060000.0,1035000.0,1013750.0,25000.0,46250.0
600000.0,585000.0,570000.0,15000.0,30000.0
760000.0,775000.0,775000.0,15000.0,15000.0
2855162.0,2970000.0,3000000.0,114838.0,144838.0
2100000.0,1800000.0,1810000.0,300000.0,290000.0
850000.0,775000.0,775000.0,75000.0,75000.0
390000.0,400000.0,350000.0,10000.0,40000.0
1565000.0,1550000.0,1625790.0,15000.0,60790.0
1105000.0,1115000.0,1115000.0,10000.0,10000.0
280000.0,225000.0,235000.0,55000.0,45000.0
1200000.0,1210000.0,1150000.0,10000.0,50000.0
780000.0,775000.0,775000.0,5000.0,5000.0
775000.0,820000.0,820000.0,45000.0,45000.0
1150000.0,1095000.0,1150000.0,55000.0,0.0
1680000.0,1575000.0,1780000.0,105000.0,100000.0
840000.0,855000.0,843000.0,15000.0,3000.0
950000.0,925000.0,900000.0,25000.0,50000.0
1200000.0,1155000.0,1049400.0,45000.0,150600.0
609000.0,610000.0,600000.0,1000.0,9000.0
1165000.0,1200000.0,1200000.0,35000.0,35000.0
1820000.0,1700000.0,1690000.0,120000.0,130000.0
1690000.0,1660000.0,1580000.0,30000.0,110000.0
345000.0,360000.0,360000.0,15000.0,15000.0
3000000.0,3055645.0,3150000.0,55645.0,150000.0
5900000.0,5800000.0,5995000.0,100000.0,95000.0
850000.0,806000.0,800000.0,44000.0,50000.0
625000.0,635000.0,630000.0,10000.0,5000.0
488000.0,465000.0,465000.0,23000.0,23000.0
1705000.0,1630000.0,1548000.0,75000.0,157000.0
1012000.0,835000.0,860000.0,177000.0,152000.0
850000.0,850000.0,850000.0,0.0,0.0
915000.0,925000.0,925000.0,10000.0,10000.0
970000.0,931200.0,931200.0,38800.0,38800.0
750000.0,710000.0,684000.0,40000.0,66000.0
580000.0,610000.0,604000.0,30000.0,24000.0
475000.0,475000.0,489900.0,0.0,14900.0
1812000.0,1750000.0,1625000.0,62000.0,187000.0
682500.0,692800.0,670000.0,10300.0,12500.0
1905000.0,1775000.0,1850000.0,130000.0,55000.0
1330000.0,1390000.0,1358000.0,60000.0,28000.0
669900.0,690000.0,690000.0,20100.0,20100.0
905000.0,900000.0,900000.0,5000.0,5000.0
2560000.0,2450000.0,2600000.0,110000.0,40000.0
390000.0,540000.0,595000.0,150000.0,205000.0
1080000.0,1075913.0,1150000.0,4087.0,70000.0
1100000.0,1200000.0,895000.0,100000.0,205000.0
1450000.0,1500000.0,1640000.0,50000.0,190000.0
1325000.0,1365000.0,1325000.0,40000.0,0.0
740000.0,750000.0,761000.0,10000.0,21000.0
2300000.0,2425000.0,2700000.0,125000.0,400000.0
3260000.0,3185000.0,3150000.0,75000.0,110000.0
563000.0,570000.0,565000.0,7000.0,2000.0
1120000.0,1070000.0,1113000.0,50000.0,7000.0
3600000.0,3550000.0,3550000.0,50000.0,50000.0
1090000.0,1150000.0,1138000.0,60000.0,48000.0
720000.0,690000.0,705000.0,30000.0,15000.0
820000.0,929900.0,971000.0,109900.0,151000.0
1110000.0,1134000.0,1215000.0,24000.0,105000.0
580000.0,580000.0,585000.0,0.0,5000.0
1498000.0,1625000.0,1625000.0,127000.0,127000.0
779000.0,790000.0,755000.0,11000.0,24000.0
1200000.0,1198000.0,1198000.0,2000.0,2000.0
1439000.0,1435000.0,1400000.0,4000.0,39000.0
307500.0,325000.0,355000.0,17500.0,47500.0
720000.0,724500.0,724500.0,4500.0,4500.0
1067000.0,1099000.0,1100000.0,32000.0,33000.0
1400000.0,1310000.0,1305800.0,90000.0,94200.0
945000.0,930000.0,939000.0,15000.0,6000.0
600000.0,610000.0,607000.0,10000.0,7000.0
910000.0,920000.0,980000.0,10000.0,70000.0
960000.0,1000888.0,910000.0,40888.0,50000.0
385000.0,379000.0,320000.0,6000.0,65000.0
595000.0,557000.0,580000.0,38000.0,15000.0
1800000.0,1815000.0,1882000.0,15000.0,82000.0
841000.0,770000.0,845000.0,71000.0,4000.0
1455000.0,1428100.0,1560000.0,26900.0,105000.0
1390000.0,1350000.0,1350000.0,40000.0,40000.0
550000.0,549900.0,549000.0,100.0,1000.0
1750000.0,1750000.0,1825000.0,0.0,75000.0
1150000.0,872000.0,1350000.0,278000.0,200000.0
1550000.0,1578000.0,1461250.0,28000.0,88750.0
1250000.0,1298000.0,1315000.0,48000.0,65000.0
1475000.0,1350000.0,1350000.0,125000.0,125000.0
2450000.0,2910000.0,2975000.0,460000.0,525000.0
740000.0,700000.0,700000.0,40000.0,40000.0
850000.0,759000.0,660000.0,91000.0,190000.0
930000.0,910000.0,910000.0,20000.0,20000.0
420000.0,400000.0,415000.0,20000.0,5000.0
490000.0,480000.0,480000.0,10000.0,10000.0
365000.0,350000.0,364000.0,15000.0,1000.0
725000.0,740000.0,720000.0,15000.0,5000.0
1291000.0,1299000.0,1250000.0,8000.0,41000.0
799000.0,785000.0,700000.0,14000.0,99000.0
1145000.0,1370000.0,1230000.0,225000.0,85000.0
1339000.0,1310000.0,1325000.0,29000.0,14000.0
1645000.0,1585000.0,1585000.0,60000.0,60000.0
1110000.0,1125000.0,1112101.0,15000.0,2101.0
499000.0,495000.0,531000.0,4000.0,32000.0
1525000.0,1555000.0,1575000.0,30000.0,50000.0
460000.0,445000.0,455000.0,15000.0,5000.0
1125000.0,1200000.0,1175000.0,75000.0,50000.0
945000.0,960000.0,960000.0,15000.0,15000.0
860000.0,825000.0,850000.0,35000.0,10000.0
535000.0,570000.0,525000.0,35000.0,10000.0
1300000.0,1325000.0,1303500.0,25000.0,3500.0
605000.0,550000.0,655000.0,55000.0,50000.0
1200000.0,1225000.0,1237500.0,25000.0,37500.0
630000.0,630000.0,630000.0,0.0,0.0
700000.0,737000.0,707000.0,37000.0,7000.0
2800000.0,2850000.0,3015000.0,50000.0,215000.0
785000.0,825000.0,807500.0,40000.0,22500.0
437000.0,410000.0,370000.0,27000.0,67000.0
665000.0,655000.0,665000.0,10000.0,0.0
950000.0,910000.0,980000.0,40000.0,30000.0
750000.0,865000.0,820000.0,115000.0,70000.0
965000.0,975000.0,981000.0,10000.0,16000.0
659000.0,667000.0,667000.0,8000.0,8000.0
685000.0,600000.0,599900.0,85000.0,85100.0
1420000.0,1320000.0,1350000.0,100000.0,70000.0
1485000.0,1428100.0,1428100.0,56900.0,56900.0
970000.0,955000.0,900000.0,15000.0,70000.0
1100000.0,1100000.0,1000000.0,0.0,100000.0
1500000.0,1482500.0,1400000.0,17500.0,100000.0
434000.0,434900.0,420000.0,900.0,14000.0
495000.0,500000.0,505000.0,5000.0,10000.0
1100000.0,1099000.0,1050000.0,1000.0,50000.0
1310000.0,1290000.0,1350000.0,20000.0,40000.0
500000.0,600000.0,550000.0,100000.0,50000.0
811200.0,875000.0,840000.0,63800.0,28800.0
1250000.0,1230000.0,1283000.0,20000.0,33000.0
375000.0,375000.0,361000.0,0.0,14000.0
1010000.0,962000.0,970000.0,48000.0,40000.0
725000.0,745000.0,745000.0,20000.0,20000.0
970000.0,1050000.0,1070000.0,80000.0,100000.0
898000.0,840000.0,850000.0,58000.0,48000.0
985000.0,1100000.0,1020000.0,115000.0,35000.0
1620000.0,1500000.0,1588000.0,120000.0,32000.0
788000.0,805000.0,788000.0,17000.0,0.0
1768000.0,1740000.0,1740000.0,28000.0,28000.0
811000.0,770000.0,764999.0,41000.0,46001.0
598000.0,599000.0,610000.0,1000.0,12000.0
710000.0,715000.0,717000.0,5000.0,7000.0
1100000.0,1024000.0,1100000.0,76000.0,0.0
366200.0,400000.0,400000.0,33800.0,33800.0
1495000.0,1740000.0,1740000.0,245000.0,245000.0
1120000.0,1100000.0,950000.0,20000.0,170000.0
2300000.0,2310000.0,2310000.0,10000.0,10000.0
1200000.0,1125000.0,1150000.0,75000.0,50000.0
599000.0,589000.0,589000.0,10000.0,10000.0
545000.0,570000.0,530000.0,25000.0,15000.0
615000.0,615000.0,619000.0,0.0,4000.0
890000.0,885000.0,885000.0,5000.0,5000.0
1265000.0,1250000.0,1280000.0,15000.0,15000.0
3950000.0,3950000.0,3717730.0,0.0,232270.0
1374900.0,1380000.0,1398888.0,5100.0,23988.0
640000.0,644900.0,650000.0,4900.0,10000.0
591000.0,625000.0,610000.0,34000.0,19000.0
1799000.0,1648755.0,1615000.0,150245.0,184000.0
999000.0,995000.0,1015000.0,4000.0,16000.0
2150000.0,2200000.0,2100000.0,50000.0,50000.0
700000.0,690000.0,699000.0,10000.0,1000.0
1235000.0,1275000.0,1300000.0,40000.0,65000.0
875000.0,865000.0,865000.0,10000.0,10000.0
1680000.0,1765000.0,1705000.0,85000.0,25000.0
1180000.0,1249000.0,1200000.0,69000.0,20000.0
750000.0,825000.0,800000.0,75000.0,50000.0
1451500.0,1315000.0,1313000.0,136500.0,138500.0
900000.0,890000.0,910000.0,10000.0,10000.0
1360000.0,1300000.0,1300000.0,60000.0,60000.0
1920000.0,1950000.0,2099900.0,30000.0,179900.0
545000.0,512000.0,512000.0,33000.0,33000.0
1100000.0,1100000.0,1085000.0,0.0,15000.0
1311000.0,1400000.0,1400000.0,89000.0,89000.0
635000.0,660000.0,635000.0,25000.0,0.0
899900.0,899000.0,900000.0,900.0,100.0
1725000.0,1810000.0,1820000.0,85000.0,95000.0
585000.0,577000.0,550000.0,8000.0,35000.0
415000.0,375000.0,375000.0,40000.0,40000.0
625000.0,635000.0,600000.0,10000.0,25000.0
800000.0,790000.0,795000.0,10000.0,5000.0
425000.0,425000.0,415000.0,0.0,10000.0
1250000.0,1250000.0,1207500.0,0.0,42500.0
3350000.0,3735000.0,3700000.0,385000.0,350000.0
1560000.0,1475000.0,1499000.0,85000.0,61000.0
1250000.0,1175000.0,1106000.0,75000.0,144000.0
955000.0,870000.0,890000.0,85000.0,65000.0
2960000.0,2975000.0,2900000.0,15000.0,60000.0
1210000.0,1179000.0,1200000.0,31000.0,10000.0
1279000.0,1337260.0,1305000.0,58260.0,26000.0
650000.0,650000.0,700000.0,0.0,50000.0
850000.0,835000.0,882000.0,15000.0,32000.0
1399000.0,1290000.0,1410000.0,109000.0,11000.0
815000.0,750000.0,800000.0,65000.0,15000.0
770000.0,708000.0,725000.0,62000.0,45000.0
820000.0,791000.0,758000.0,29000.0,62000.0
670000.0,700000.0,700000.0,30000.0,30000.0
1050000.0,1050000.0,1052000.0,0.0,2000.0
738000.0,735000.0,745000.0,3000.0,7000.0
6300000.0,6415000.0,6415000.0,115000.0,115000.0
840000.0,860000.0,930000.0,20000.0,90000.0
795000.0,805000.0,760000.0,10000.0,35000.0
1885000.0,1900000.0,2005000.0,15000.0,120000.0
1000000.0,850000.0,875000.0,150000.0,125000.0
3750000.0,3325000.0,3325000.0,425000.0,425000.0
2430000.0,2290000.0,2290000.0,140000.0,140000.0
890000.0,890000.0,895000.0,0.0,5000.0
1485000.0,2200000.0,1450000.0,715000.0,35000.0
2600000.0,2675000.0,2660000.0,75000.0,60000.0
640000.0,625000.0,640000.0,15000.0,0.0
1067000.0,1121000.0,1095000.0,54000.0,28000.0
510000.0,519000.0,524900.0,9000.0,14900.0
735000.0,801500.0,806843.0,66500.0,71843.0
415000.0,375000.0,405000.0,40000.0,10000.0
570000.0,575000.0,567000.0,5000.0,3000.0
665000.0,670000.0,710000.0,5000.0,45000.0
970000.0,1060000.0,1125000.0,90000.0,155000.0
680000.0,717000.0,685000.0,37000.0,5000.0
430000.0,443000.0,440000.0,13000.0,10000.0
2320000.0,2450000.0,2450000.0,130000.0,130000.0
2398888.0,2425000.0,2425000.0,26112.0,26112.0
2650000.0,2815000.0,2875000.0,165000.0,225000.0
4400000.0,4000000.0,4260000.0,400000.0,140000.0
1840000.0,1926000.0,1850000.0,86000.0,10000.0
1850000.0,1845000.0,1710000.0,5000.0,140000.0
1150000.0,1135000.0,1150000.0,15000.0,0.0
490000.0,525000.0,512350.0,35000.0,22350.0
1425000.0,1365000.0,1365000.0,60000.0,60000.0
3238000.0,3450000.0,3175000.0,212000.0,63000.0
1200000.0,1080000.0,1290000.0,120000.0,90000.0
1650000.0,1800000.0,1640000.0,150000.0,10000.0
1350000.0,1500000.0,1400000.0,150000.0,50000.0
715000.0,710000.0,719000.0,5000.0,4000.0
560000.0,530000.0,535000.0,30000.0,25000.0
1070000.0,1071000.0,1075000.0,1000.0,5000.0
635000.0,639888.0,639888.0,4888.0,4888.0
399000.0,399000.0,390000.0,0.0,9000.0
394000.0,393000.0,390000.0,1000.0,4000.0
2565000.0,3500000.0,3500000.0,935000.0,935000.0
860000.0,830000.0,850000.0,30000.0,10000.0
905000.0,920000.0,930000.0,15000.0,25000.0
1520000.0,1450000.0,1499000.0,70000.0,21000.0
1700000.0,1650000.0,1640000.0,50000.0,60000.0
1660000.0,1620000.0,1660000.0,40000.0,0.0
430000.0,495000.0,470000.0,65000.0,40000.0
629553.0,651990.0,651990.0,22437.0,22437.0
3100000.0,3300000.0,3300000.0,200000.0,200000.0
790000.0,785000.0,804000.0,5000.0,14000.0
1465000.0,1520000.0,1550000.0,55000.0,85000.0
571000.0,515000.0,525000.0,56000.0,46000.0
1275000.0,1315000.0,1350000.0,40000.0,75000.0
825000.0,880000.0,807000.0,55000.0,18000.0
450000.0,457000.0,450000.0,7000.0,0.0
445000.0,443000.0,445000.0,2000.0,0.0
605000.0,599000.0,583888.0,6000.0,21112.0
1365000.0,1249000.0,1275000.0,116000.0,90000.0
730000.0,685000.0,685000.0,45000.0,45000.0
1455000.0,1500000.0,1520000.0,45000.0,65000.0
950000.0,950000.0,950000.0,0.0,0.0
1330000.0,1360000.0,1365000.0,30000.0,35000.0
710000.0,715000.0,675000.0,5000.0,35000.0
955000.0,930000.0,929000.0,25000.0,26000.0
985000.0,990000.0,998500.0,5000.0,13500.0
1605000.0,1475000.0,1500000.0,130000.0,105000.0
925000.0,915000.0,910000.0,10000.0,15000.0
9000000.0,8600000.0,9200000.0,400000.0,200000.0
530000.0,535000.0,550000.0,5000.0,20000.0
968000.0,900000.0,1130000.0,68000.0,162000.0
1430000.0,1536777.0,1407000.0,106777.0,23000.0
775000.0,850000.0,850000.0,75000.0,75000.0
1050000.0,1150000.0,1345000.0,100000.0,295000.0
576000.0,720000.0,720000.0,144000.0,144000.0
985000.0,1000000.0,1030000.0,15000.0,45000.0
539000.0,540000.0,540000.0,1000.0,1000.0
415000.0,425000.0,425000.0,10000.0,10000.0
1335000.0,1325000.0,1326900.0,10000.0,8100.0
1160000.0,1086000.0,1275000.0,74000.0,115000.0
760000.0,806000.0,720000.0,46000.0,40000.0
600000.0,616000.0,675000.0,16000.0,75000.0
1080000.0,1000000.0,1100000.0,80000.0,20000.0
1160000.0,1154900.0,1111111.0,5100.0,48889.0
625080.0,632000.0,609000.0,6920.0,16080.0
510000.0,495000.0,510000.0,15000.0,0.0
2000000.0,2180000.0,1650000.0,180000.0,350000.0
2550000.0,2585000.0,2640295.0,35000.0,90295.0
1720000.0,1735000.0,1680000.0,15000.0,40000.0
2373000.0,2475000.0,2440000.0,102000.0,67000.0
649000.0,638000.0,630000.0,11000.0,19000.0
300000.0,285000.0,290000.0,15000.0,10000.0
845000.0,875000.0,863000.0,30000.0,18000.0
1170500.0,1140000.0,1160000.0,30500.0,10500.0
1362000.0,1380000.0,1450000.0,18000.0,88000.0
885000.0,875000.0,945000.0,10000.0,60000.0
830000.0,820000.0,780000.0,10000.0,50000.0
1650000.0,1650000.0,1665000.0,0.0,15000.0
850000.0,790000.0,828888.0,60000.0,21112.0
2050000.0,2500000.0,2100000.0,450000.0,50000.0
810000.0,870000.0,800000.0,60000.0,10000.0
875000.0,875000.0,842000.0,0.0,33000.0
1390000.0,1390000.0,1435000.0,0.0,45000.0
435000.0,432040.0,434000.0,2960.0,1000.0
842000.0,850000.0,810000.0,8000.0,32000.0
1065000.0,1130000.0,1060000.0,65000.0,5000.0
600000.0,570000.0,565000.0,30000.0,35000.0
6800000.0,7326000.0,7326000.0,526000.0,526000.0
830000.0,935000.0,935000.0,105000.0,105000.0
1625000.0,1560000.0,1520000.0,65000.0,105000.0
1700000.0,1750000.0,1725000.0,50000.0,25000.0
420000.0,265000.0,268000.0,155000.0,152000.0
3975000.0,4150000.0,4150000.0,175000.0,175000.0
1150000.0,1100000.0,1235000.0,50000.0,85000.0
975000.0,1030000.0,1030000.0,55000.0,55000.0
1250000.0,1150000.0,1150000.0,100000.0,100000.0
1080000.0,1055000.0,1065000.0,25000.0,15000.0
440000.0,550000.0,510000.0,110000.0,70000.0
1155000.0,1130000.0,1130000.0,25000.0,25000.0
1220000.0,1085000.0,1100000.0,135000.0,120000.0
1300000.0,1260000.0,1299000.0,40000.0,1000.0
399000.0,385000.0,385000.0,14000.0,14000.0
624500.0,560000.0,630000.0,64500.0,5500.0
1800000.0,1950000.0,2300000.0,150000.0,500000.0
930000.0,942900.0,942900.0,12900.0,12900.0
1435000.0,1370000.0,1378000.0,65000.0,57000.0
630000.0,645000.0,620000.0,15000.0,10000.0
365000.0,399000.0,367000.0,34000.0,2000.0
1125000.0,1176040.0,1215000.0,51040.0,90000.0
1700000.0,1650000.0,1755000.0,50000.0,55000.0
1726000.0,1740000.0,1789000.0,14000.0,63000.0
513000.0,515000.0,505000.0,2000.0,8000.0
649000.0,679000.0,679000.0,30000.0,30000.0
1183500.0,945000.0,945000.0,238500.0,238500.0
835000.0,900000.0,840000.0,65000.0,5000.0
765000.0,780000.0,810000.0,15000.0,45000.0
740000.0,695000.0,686000.0,45000.0,54000.0
3535000.0,3480000.0,3280000.0,55000.0,255000.0
4150075.0,4250000.0,3950000.0,99925.0,200075.0
3950000.0,4110000.0,3600000.0,160000.0,350000.0
600000.0,557500.0,565000.0,42500.0,35000.0
1225000.0,1225000.0,1205000.0,0.0,20000.0
505000.0,498800.0,510000.0,6200.0,5000.0
675000.0,6750000.0,679990.0,6075000.0,4990.0
770000.0,715000.0,715000.0,55000.0,55000.0
1586000.0,1445000.0,1625000.0,141000.0,39000.0
400000.0,400000.0,400000.0,0.0,0.0
850000.0,839000.0,830000.0,11000.0,20000.0
775000.0,770000.0,770000.0,5000.0,5000.0
715000.0,675000.0,675000.0,40000.0,40000.0
1155000.0,1110000.0,1150000.0,45000.0,5000.0
925000.0,930000.0,915000.0,5000.0,10000.0
1198000.0,1200000.0,1110000.0,2000.0,88000.0
1275000.0,1245000.0,1245000.0,30000.0,30000.0
1550000.0,1505000.0,1559000.0,45000.0,9000.0
8300000.0,8350000.0,8600000.0,50000.0,300000.0
259000.0,259000.0,250000.0,0.0,9000.0
1388000.0,1350000.0,1380000.0,38000.0,8000.0
9074300.0,9100000.0,9300000.0,25700.0,225700.0
2200000.0,2450000.0,2050000.0,250000.0,150000.0
1505000.0,1380000.0,1450000.0,125000.0,55000.0
7985000.0,7800000.0,7800000.0,185000.0,185000.0
410000.0,370000.0,345000.0,40000.0,65000.0
315000.0,300000.0,305000.0,15000.0,10000.0
1500000.0,1515000.0,1643000.0,15000.0,143000.0
915000.0,895000.0,915000.0,20000.0,0.0
2855000.0,3810001.0,3810001.0,955001.0,955001.0
845000.0,844000.0,829000.0,1000.0,16000.0
635000.0,635000.0,587000.0,0.0,48000.0
800000.0,775000.0,775000.0,25000.0,25000.0
690000.0,680000.0,680000.0,10000.0,10000.0
1775000.0,1980000.0,2390000.0,205000.0,615000.0
1510000.0,1400000.0,1444775.0,110000.0,65225.0
640000.0,670000.0,660000.0,30000.0,20000.0
430000.0,475000.0,455000.0,45000.0,25000.0
550000.0,480000.0,525000.0,70000.0,25000.0
705000.0,740000.0,738000.0,35000.0,33000.0
2650000.0,2475000.0,2220000.0,175000.0,430000.0
385000.0,375000.0,385000.0,10000.0,0.0
899900.0,890000.0,900000.0,9900.0,100.0
505000.0,482000.0,525000.0,23000.0,20000.0
1115000.0,1100000.0,1090000.0,15000.0,25000.0
960000.0,940000.0,952500.0,20000.0,7500.0
2300000.0,2745000.0,2745000.0,445000.0,445000.0
1090000.0,1030000.0,1050000.0,60000.0,40000.0
1387000.0,1425000.0,1380000.0,38000.0,7000.0
685000.0,680000.0,675000.0,5000.0,10000.0
2699000.0,2650000.0,2650000.0,49000.0,49000.0
830000.0,835000.0,839990.0,5000.0,9990.0
380000.0,375000.0,370000.0,5000.0,10000.0
444000.0,440000.0,429000.0,4000.0,15000.0
512000.0,515000.0,500000.0,3000.0,12000.0
1158000.0,1195000.0,1180000.0,37000.0,22000.0
1175000.0,1175000.0,1175000.0,0.0,0.0
1925000.0,1875000.0,1950000.0,50000.0,25000.0
4850000.0,4530000.0,5000000.0,320000.0,150000.0
547000.0,512000.0,512000.0,35000.0,35000.0
550000.0,530000.0,520000.0,20000.0,30000.0
1165000.0,1195000.0,1195000.0,30000.0,30000.0
1045000.0,1025000.0,1075000.0,20000.0,30000.0
3110000.0,3800000.0,4120000.0,690000.0,1010000.0
610000.0,595000.0,595000.0,15000.0,15000.0
730000.0,684000.0,710000.0,46000.0,20000.0
1010000.0,1035000.0,1060000.0,25000.0,50000.0
740000.0,750000.0,800000.0,10000.0,60000.0
625000.0,655000.0,625000.0,30000.0,0.0
949995.0,950000.0,952500.0,5.0,2505.0
379000.0,379500.0,355000.0,500.0,24000.0
2050000.0,2150000.0,1875000.0,100000.0,175000.0
1185000.0,1154900.0,1102000.0,30100.0,83000.0
245000.0,275000.0,262500.0,30000.0,17500.0
645000.0,645000.0,647000.0,0.0,2000.0
670000.0,685000.0,677000.0,15000.0,7000.0
2275000.0,2095000.0,2180000.0,180000.0,95000.0
575000.0,575000.0,580000.0,0.0,5000.0
935000.0,930000.0,930000.0,5000.0,5000.0
3900000.0,3800000.0,3835655.0,100000.0,64345.0
700000.0,698888.0,705000.0,1112.0,5000.0
1650000.0,1740000.0,1600000.0,90000.0,50000.0
395000.0,392000.0,395000.0,3000.0,0.0
1325000.0,1320000.0,1340000.0,5000.0,15000.0
350000.0,380000.0,350000.0,30000.0,0.0
1190000.0,1225000.0,1205000.0,35000.0,15000.0
329000.0,330000.0,329000.0,1000.0,0.0
900000.0,920000.0,912500.0,20000.0,12500.0
2300000.0,2575000.0,2600000.0,275000.0,300000.0
1780000.0,1707500.0,1775000.0,72500.0,5000.0
785000.0,770000.0,794000.0,15000.0,9000.0
1690000.0,1684444.0,1684444.0,5556.0,5556.0
1150000.0,1200000.0,1200000.0,50000.0,50000.0
1660000.0,1640000.0,1745000.0,20000.0,85000.0
410000.0,425000.0,400000.0,15000.0,10000.0
245000.0,239000.0,240000.0,6000.0,5000.0
1850000.0,2205000.0,1900000.0,355000.0,50000.0
590000.0,575000.0,580000.0,15000.0,10000.0
1725000.0,1725000.0,1760000.0,0.0,35000.0
2950000.0,2755000.0,2900000.0,195000.0,50000.0
700000.0,675000.0,685000.0,25000.0,15000.0
851000.0,707000.0,725000.0,144000.0,126000.0
900000.0,900000.0,899000.0,0.0,1000.0
2000000.0,2000000.0,1990000.0,0.0,10000.0
1225000.0,1270000.0,1125000.0,45000.0,100000.0
440000.0,427000.0,450000.0,13000.0,10000.0
500000.0,490000.0,495000.0,10000.0,5000.0
562750.0,559000.0,560000.0,3750.0,2750.0
1050000.0,950000.0,970000.0,100000.0,80000.0
2860000.0,2980000.0,2999999.0,120000.0,139999.0
900000.0,925000.0,910000.0,25000.0,10000.0
1050000.0,1045500.0,1005000.0,4500.0,45000.0
612177.0,615000.0,629000.0,2823.0,16823.0
2106000.0,2190000.0,1772500.0,84000.0,333500.0
1320000.0,1450000.0,1350000.0,130000.0,30000.0
1190000.0,1050000.0,1082500.0,140000.0,107500.0
1180000.0,1000000.0,1013750.0,180000.0,166250.0
630000.0,620000.0,630000.0,10000.0,0.0
660000.0,635000.0,725000.0,25000.0,65000.0
1257500.0,1200000.0,1200000.0,57500.0,57500.0
465000.0,475000.0,465000.0,10000.0,0.0
540000.0,529990.0,531711.0,10010.0,8289.0
1400000.0,1280000.0,1350000.0,120000.0,50000.0
1000000.0,915000.0,975000.0,85000.0,25000.0
437000.0,423910.0,425000.0,13090.0,12000.0
446000.0,435000.0,435000.0,11000.0,11000.0
1005000.0,975000.0,963000.0,30000.0,42000.0
850000.0,874700.0,865000.0,24700.0,15000.0
1212000.0,1090000.0,1120000.0,122000.0,92000.0
1148000.0,1160000.0,1200000.0,12000.0,52000.0
1830000.0,1900000.0,1900000.0,70000.0,70000.0
449000.0,440000.0,430000.0,9000.0,19000.0
550000.0,549000.0,535000.0,1000.0,15000.0
350000.0,350000.0,360000.0,0.0,10000.0
1400000.0,1400000.0,1480000.0,0.0,80000.0
305000.0,285000.0,285000.0,20000.0,20000.0
7595000.0,7500000.0,7730000.0,95000.0,135000.0
465000.0,470000.0,475000.0,5000.0,10000.0
1250000.0,1400000.0,1400000.0,150000.0,150000.0
3500000.0,3400000.0,3235000.0,100000.0,265000.0
860000.0,848500.0,890000.0,11500.0,30000.0
715000.0,695000.0,695000.0,20000.0,20000.0
1109000.0,1065000.0,1064000.0,44000.0,45000.0
1550000.0,1595000.0,1640000.0,45000.0,90000.0
1515000.0,1475000.0,1460000.0,40000.0,55000.0
255000.0,270000.0,275000.0,15000.0,20000.0
440000.0,435000.0,454990.0,5000.0,14990.0
1175000.0,1207000.0,1270000.0,32000.0,95000.0
875000.0,880000.0,900000.0,5000.0,25000.0
790000.0,750000.0,850000.0,40000.0,60000.0
545000.0,550000.0,550000.0,5000.0,5000.0
510000.0,505000.0,524000.0,5000.0,14000.0
1362500.0,1125000.0,1125000.0,237500.0,237500.0
2660000.0,2700000.0,2650000.0,40000.0,10000.0
800000.0,750000.0,750000.0,50000.0,50000.0
710000.0,750000.0,700000.0,40000.0,10000.0
502000.0,475000.0,500000.0,27000.0,2000.0
1071500.0,1050000.0,1050000.0,21500.0,21500.0
665000.0,642665.0,642665.0,22335.0,22335.0
349000.0,350000.0,350000.0,1000.0,1000.0
820000.0,905000.0,916000.0,85000.0,96000.0
850000.0,862660.0,875000.0,12660.0,25000.0
2430000.0,2815000.0,2800000.0,385000.0,370000.0
1150000.0,1367699.0,1350000.0,217699.0,200000.0
1700000.0,1830000.0,1740000.0,130000.0,40000.0
1035000.0,1121000.0,1065000.0,86000.0,30000.0
409900.0,405000.0,415000.0,4900.0,5100.0
865000.0,880000.0,880000.0,15000.0,15000.0
1130000.0,1250000.0,1250000.0,120000.0,120000.0
675000.0,664000.0,654285.0,11000.0,20715.0
2000000.0,2000000.0,1999990.0,0.0,10.0
1200000.0,1715000.0,1500000.0,515000.0,300000.0
2350000.0,2200000.0,2200000.0,150000.0,150000.0
1170000.0,1180000.0,1230000.0,10000.0,60000.0
980000.0,1000000.0,1410000.0,20000.0,430000.0
1495000.0,1455000.0,1450000.0,40000.0,45000.0
2110000.0,1913000.0,1995000.0,197000.0,115000.0
5050000.0,4550000.0,5675000.0,500000.0,625000.0
1405000.0,1338888.0,1436000.0,66112.0,31000.0
483495.0,446242.0,446242.0,37253.0,37253.0
745000.0,744000.0,744000.0,1000.0,1000.0
447300.0,440000.0,455000.0,7300.0,7700.0
1050000.0,1071000.0,1053000.0,21000.0,3000.0
599000.0,608000.0,607000.0,9000.0,8000.0
2418000.0,2595000.0,2595000.0,177000.0,177000.0
2000000.0,1735000.0,1735000.0,265000.0,265000.0
4200000.0,4350000.0,4100000.0,150000.0,100000.0
1220000.0,1225000.0,1225000.0,5000.0,5000.0
1659500.0,1800888.0,1709000.0,141388.0,49500.0
790000.0,816000.0,775200.0,26000.0,14800.0
2950000.0,2925000.0,2925000.0,25000.0,25000.0
525000.0,565000.0,543050.0,40000.0,18050.0
675000.0,741650.0,810000.0,66650.0,135000.0
2200000.0,2170000.0,2100000.0,30000.0,100000.0
269900.0,280000.0,250000.0,10100.0,19900.0
594000.0,565000.0,570000.0,29000.0,24000.0
790000.0,800000.0,827500.0,10000.0,37500.0
907000.0,945000.0,890000.0,38000.0,17000.0
840000.0,799000.0,800000.0,41000.0,40000.0
1945000.0,2075000.0,2075000.0,130000.0,130000.0
405000.0,410000.0,410000.0,5000.0,5000.0
1270000.0,1288000.0,1324000.0,18000.0,54000.0
700000.0,720000.0,725000.0,20000.0,25000.0
911000.0,915000.0,925000.0,4000.0,14000.0
1260000.0,1200000.0,1249000.0,60000.0,11000.0
739000.0,762000.0,740000.0,23000.0,1000.0
2600000.0,2630000.0,2500000.0,30000.0,100000.0
660000.0,734000.0,758000.0,74000.0,98000.0
465000.0,480000.0,490000.0,15000.0,25000.0
1088000.0,995000.0,1065000.0,93000.0,23000.0
700000.0,685000.0,685000.0,15000.0,15000.0
657305.0,639990.0,639990.0,17315.0,17315.0
788000.0,740000.0,775000.0,48000.0,13000.0
725000.0,699000.0,704000.0,26000.0,21000.0
1328000.0,1350000.0,1360000.0,22000.0,32000.0
950000.0,950000.0,965000.0,0.0,15000.0
935000.0,930000.0,960000.0,5000.0,25000.0
415000.0,420000.0,420000.0,5000.0,5000.0
1050000.0,820000.0,960000.0,230000.0,90000.0
1875000.0,1920000.0,1965000.0,45000.0,90000.0
705000.0,710000.0,735000.0,5000.0,30000.0
810000.0,821000.0,842000.0,11000.0,32000.0
1127500.0,1125000.0,1190000.0,2500.0,62500.0
1505000.0,1460000.0,1420000.0,45000.0,85000.0
4580000.0,4500000.0,4500000.0,80000.0,80000.0
4800000.0,4500000.0,4600000.0,300000.0,200000.0
959000.0,925000.0,945000.0,34000.0,14000.0
560000.0,615000.0,580000.0,55000.0,20000.0
800000.0,800000.0,799000.0,0.0,1000.0
1398888.0,1500000.0,1400000.0,101112.0,1112.0
638000.0,635000.0,635000.0,3000.0,3000.0
1450000.0,1440000.0,1450000.0,10000.0,0.0
893600.0,841000.0,840000.0,52600.0,53600.0
785000.0,685000.0,710000.0,100000.0,75000.0
2639999.0,2598000.0,2750000.0,41999.0,110001.0
1350000.0,1350000.0,1339600.0,0.0,10400.0
785000.0,770000.0,765000.0,15000.0,20000.0
605000.0,600000.0,670000.0,5000.0,65000.0
1100000.0,1200000.0,1210000.0,100000.0,110000.0
1100000.0,888000.0,1020000.0,212000.0,80000.0
839990.0,840000.0,840000.0,10.0,10.0
1275000.0,1270000.0,1250000.0,5000.0,25000.0
4325000.0,4518968.0,4560000.0,193968.0,235000.0
1827000.0,1700000.0,1775000.0,127000.0,52000.0
855000.0,839900.0,840000.0,15100.0,15000.0
435000.0,456000.0,455000.0,21000.0,20000.0
556000.0,560000.0,559000.0,4000.0,3000.0
1620000.0,1597000.0,1565000.0,23000.0,55000.0
1650000.0,1725000.0,1670000.0,75000.0,20000.0
14000000.0,14694725.0,12600000.0,694725.0,1400000.0
900000.0,875000.0,796000000.0,25000.0,795100000.0
825000.0,842000.0,827000.0,17000.0,2000.0
799000.0,825000.0,823000.0,26000.0,24000.0
875000.0,825000.0,880000.0,50000.0,5000.0
648900.0,640000.0,630000.0,8900.0,18900.0
488000.0,495000.0,470000.0,7000.0,18000.0
775000.0,857000.0,740000.0,82000.0,35000.0
975000.0,1015000.0,994500.0,40000.0,19500.0
2270000.0,2200000.0,2400000.0,70000.0,130000.0
560000.0,549900.0,565000.0,10100.0,5000.0
2382000.0,2325000.0,2498000.0,57000.0,116000.0
2542000.0,2350000.0,2350000.0,192000.0,192000.0
655000.0,600000.0,625000.0,55000.0,30000.0
3225000.0,3150000.0,3400000.0,75000.0,175000.0
745000.0,725000.0,715000.0,20000.0,30000.0
495000.0,475000.0,495000.0,20000.0,0.0
3900000.0,3897000.0,4000000.0,3000.0,100000.0
495000.0,531000.0,515000.0,36000.0,20000.0
1680000.0,1800000.0,1670000.0,120000.0,10000.0
1100000.0,1117000.0,1100000.0,17000.0,0.0
858000.0,900000.0,859000.0,42000.0,1000.0
960000.0,951000.0,975000.0,9000.0,15000.0
735000.0,730000.0,734000.0,5000.0,1000.0
715000.0,685000.0,680000.0,30000.0,35000.0
4250000.0,4508000.0,4400000.0,258000.0,150000.0
1150000.0,1270000.0,1325000.0,120000.0,175000.0
630000.0,629800.0,629990.0,200.0,10.0
850000.0,830000.0,849750.0,20000.0,250.0
1885065.0,1825000.0,1886000.0,60065.0,935.0
440000.0,430000.0,430000.0,10000.0,10000.0
510000.0,500000.0,470000.0,10000.0,40000.0
1800000.0,1150000.0,1150000.0,650000.0,650000.0
1600000.0,1600000.0,2216300.0,0.0,616300.0
1300000.0,1325000.0,1000000.0,25000.0,300000.0
899900.0,875000.0,899000.0,24900.0,900.0
771420.0,740000.0,733000.0,31420.0,38420.0
765000.0,775000.0,778000.0,10000.0,13000.0
845000.0,850000.0,775000.0,5000.0,70000.0
935000.0,915000.0,935000.0,20000.0,0.0
1265000.0,1275000.0,1250000.0,10000.0,15000.0
885000.0,905000.0,870000.0,20000.0,15000.0
3650000.0,3800000.0,3800000.0,150000.0,150000.0
1900000.0,1743558.0,1735000.0,156442.0,165000.0
390000.0,389000.0,394900.0,1000.0,4900.0
480000.0,485000.0,520000.0,5000.0,40000.0
826640.0,775000.0,801605.0,51640.0,25035.0
1090000.0,1168000.0,1168000.0,78000.0,78000.0
362000.0,340000.0,340000.0,22000.0,22000.0
715000.0,775000.0,720000.0,60000.0,5000.0
1350000.0,1230000.0,950000.0,120000.0,400000.0
510000.0,600000.0,600000.0,90000.0,90000.0
2005000.0,1885000.0,1950000.0,120000.0,55000.0
1870000.0,1900000.0,1950000.0,30000.0,80000.0
790000.0,820000.0,820000.0,30000.0,30000.0
2275000.0,1828000.0,1800000.0,447000.0,475000.0
1050000.0,1230000.0,1125000.0,180000.0,75000.0
359900.0,375000.0,350000.0,15100.0,9900.0
806000.0,885000.0,885000.0,79000.0,79000.0
865000.0,850000.0,890000.0,15000.0,25000.0
1375000.0,1400000.0,1635000.0,25000.0,260000.0
775000.0,760000.0,759000.0,15000.0,16000.0
1225000.0,1273000.0,1310000.0,48000.0,85000.0
1250000.0,1360000.0,1360000.0,110000.0,110000.0
389000.0,380000.0,389000.0,9000.0,0.0
580000.0,535000.0,600000.0,45000.0,20000.0
525000.0,525000.0,505500.0,0.0,19500.0
645000.0,649000.0,625000.0,4000.0,20000.0
838000.0,858840.0,845000.0,20840.0,7000.0
1709750.0,1950000.0,1930000.0,240250.0,220250.0
1000000.0,1090000.0,1175000.0,90000.0,175000.0
899000.0,875000.0,875000.0,24000.0,24000.0
964000.0,1011000.0,960000.0,47000.0,4000.0
3975000.0,4225000.0,3700000.0,250000.0,275000.0
700000.0,725000.0,700000.0,25000.0,0.0
1610000.0,1855000.0,1855000.0,245000.0,245000.0
995000.0,1000000.0,1060000.0,5000.0,65000.0
1478000.0,1570000.0,1350000.0,92000.0,128000.0
445000.0,445000.0,440000.0,0.0,5000.0
570000.0,570000.0,561000.0,0.0,9000.0
350000.0,365000.0,330000.0,15000.0,20000.0
250000.0,285000.0,295000.0,35000.0,45000.0
735000.0,725000.0,730000.0,10000.0,5000.0
1100000.0,1235000.0,1100000.0,135000.0,0.0
1220000.0,1100000.0,1110000.0,120000.0,110000.0
1865000.0,1800000.0,1850000.0,65000.0,15000.0
1199000.0,1125000.0,1200000.0,74000.0,1000.0
2160000.0,1925000.0,1877000.0,235000.0,283000.0
2110350.0,2450134.0,2450134.0,339784.0,339784.0
610000.0,602500.0,608500.0,7500.0,1500.0
1850000.0,2300000.0,2210000.0,450000.0,360000.0
655000.0,685000.0,637000.0,30000.0,18000.0
1015000.0,1000000.0,1020000.0,15000.0,5000.0
685000.0,700000.0,690000.0,15000.0,5000.0
375000.0,375000.0,395000.0,0.0,20000.0
866000.0,852500.0,860000.0,13500.0,6000.0
683000.0,525000.0,700000.0,158000.0,17000.0
820000.0,770000.0,750000.0,50000.0,70000.0
384800.0,396000.0,377000.0,11200.0,7800.0
2420000.0,2627500.0,2330000.0,207500.0,90000.0
785000.0,785000.0,775000.0,0.0,10000.0
1098000.0,1191000.0,1089000.0,93000.0,9000.0
465000.0,470000.0,455000.0,5000.0,10000.0
505000.0,510000.0,467300.0,5000.0,37700.0
2660000.0,2720000.0,2750000.0,60000.0,90000.0
1000000.0,990000.0,969000.0,10000.0,31000.0
810000.0,831000.0,806000.0,21000.0,4000.0
966000.0,925000.0,950000.0,41000.0,16000.0
1507000.0,1310000.0,1349900.0,197000.0,157100.0
665000.0,615000.0,610000.0,50000.0,55000.0
1310000.0,1260000.0,1265000.0,50000.0,45000.0
2140000.0,2100000.0,2050000.0,40000.0,90000.0
449950.0,450000.0,450000.0,50.0,50.0
2000000.0,2650000.0,2325000.0,650000.0,325000.0
575000.0,575000.0,575000.0,0.0,0.0
1400000.0,1424000.0,1240000.0,24000.0,160000.0
1800000.0,1750000.0,1880000.0,50000.0,80000.0
2000000.0,2135000.0,2120000.0,135000.0,120000.0
1870000.0,1743558.0,1915000.0,126442.0,45000.0
987000.0,857000.0,850000.0,130000.0,137000.0
1698000.0,1993500.0,1845000.0,295500.0,147000.0
360000.0,365000.0,370500.0,5000.0,10500.0
998000.0,990000.0,1110000.0,8000.0,112000.0
1200000.0,1100000.0,1120000.0,100000.0,80000.0
1300000.0,1325000.0,1310000.0,25000.0,10000.0
649000.0,645000.0,645000.0,4000.0,4000.0
900000.0,869000.0,875000.0,31000.0,25000.0
235000.0,235000.0,235000.0,0.0,0.0
800000.0,954000.0,799000.0,154000.0,1000.0
4090000.0,4635000.0,3600000.0,545000.0,490000.0
587000.0,595000.0,611000.0,8000.0,24000.0
680000.0,665000.0,715000.0,15000.0,35000.0
905000.0,875000.0,850000.0,30000.0,55000.0
532000.0,515000.0,519900.0,17000.0,12100.0
1530000.0,1550000.0,1600000.0,20000.0,70000.0
1425000.0,1400000.0,1400000.0,25000.0,25000.0
3750000.0,3725000.0,4065244.0,25000.0,315244.0
559900.0,540000.0,560085.0,19900.0,185.0
900000.0,1000000.0,925000.0,100000.0,25000.0
825000.0,755000.0,800000.0,70000.0,25000.0
1200000.0,1225000.0,1180000.0,25000.0,20000.0
1120000.0,1200000.0,1112101.0,80000.0,7899.0
690000.0,612500.0,635000.0,77500.0,55000.0
700000.0,650000.0,775000.0,50000.0,75000.0
835000.0,775000.0,798000.0,60000.0,37000.0
555000.0,600000.0,600000.0,45000.0,45000.0
380000.0,415000.0,399900.0,35000.0,19900.0
970000.0,960000.0,959000.0,10000.0,11000.0
650000.0,676000.0,660000.0,26000.0,10000.0
555000.0,670000.0,670000.0,115000.0,115000.0
2360000.0,2810000.0,2627500.0,450000.0,267500.0
1100000.0,1088000.0,1105000.0,12000.0,5000.0
1769000.0,2050000.0,1970000.0,281000.0,201000.0
325500.0,307000.0,307000.0,18500.0,18500.0
2325000.0,2210000.0,2210000.0,115000.0,115000.0
1845000.0,1800000.0,1800000.0,45000.0,45000.0
419690.0,411989.0,411989.0,7701.0,7701.0
365000.0,340000.0,344000.0,25000.0,21000.0
826250.0,820000.0,830000.0,6250.0,3750.0
1100000.0,1080000.0,1200000.0,20000.0,100000.0
795000.0,785000.0,755000.0,10000.0,40000.0
905000.0,954000.0,685000.0,49000.0,220000.0
620990.0,619990.0,619990.0,1000.0,1000.0
1200000.0,1193000.0,1100000.0,7000.0,100000.0
1685000.0,1625000.0,1680000.0,60000.0,5000.0
1090000.0,1217000.0,1351000.0,127000.0,261000.0
609990.0,629990.0,605000.0,20000.0,4990.0
479990.0,480000.0,479950.0,10.0,40.0
800000.0,870000.0,970000.0,70000.0,170000.0
400000.0,375000.0,375000.0,25000.0,25000.0
1700000.0,1600000.0,1700000.0,100000.0,0.0
880000.0,859000.0,860000.0,21000.0,20000.0
1800000.0,1755000.0,2000000.0,45000.0,200000.0
1450000.0,1350000.0,1350000.0,100000.0,100000.0
350000.0,340000.0,340000.0,10000.0,10000.0
1399000.0,1370000.0,1461000.0,29000.0,62000.0
508900.0,513017.0,495000.0,4117.0,13900.0
1030000.0,1110000.0,1060000.0,80000.0,30000.0
640000.0,600000.0,579000.0,40000.0,61000.0
500890.0,499000.0,514980.0,1890.0,14090.0
528900.0,534000.0,534950.0,5100.0,6050.0
505000.0,521000.0,530000.0,16000.0,25000.0
940000.0,945000.0,920000.0,5000.0,20000.0
325000.0,320000.0,326640.0,5000.0,1640.0
270000.0,245000.0,256750.0,25000.0,13250.0
1005000.0,975000.0,1000000.0,30000.0,5000.0
825000.0,830000.0,815000.0,5000.0,10000.0
740000.0,800000.0,780000.0,60000.0,40000.0
545000.0,555000.0,560000.0,10000.0,15000.0
938888.0,905000.0,899900.0,33888.0,38988.0
667000.0,650000.0,700000.0,17000.0,33000.0
1150000.0,1075000.0,1080000.0,75000.0,70000.0
970000.0,925000.0,925000.0,45000.0,45000.0
609500.0,599000.0,615000.0,10500.0,5500.0
800000.0,815000.0,800000.0,15000.0,0.0
1110000.0,1100000.0,1125000.0,10000.0,15000.0
1935000.0,1750000.0,1950000.0,185000.0,15000.0
1380000.0,1055000.0,1050000.0,325000.0,330000.0
985000.0,950000.0,925000.0,35000.0,60000.0
1390000.0,1375000.0,1250000.0,15000.0,140000.0
930000.0,920000.0,925000.0,10000.0,5000.0
310000.0,310000.0,330000.0,0.0,20000.0
2800000.0,2720000.0,2720000.0,80000.0,80000.0
619900.0,630000.0,616000.0,10100.0,3900.0
2405000.0,2456000.0,2410000.0,51000.0,5000.0
1160000.0,1050000.0,1050000.0,110000.0,110000.0
1230000.0,1150000.0,1160000.0,80000.0,70000.0
3879500.0,4195000.0,4150000.0,315500.0,270500.0
1400000.0,1421222.0,1435000.0,21222.0,35000.0
740000.0,740000.0,765000.0,0.0,25000.0
999000.0,995000.0,1050000.0,4000.0,51000.0
1125000.0,1110000.0,1129000.0,15000.0,4000.0
807500.0,830000.0,760000.0,22500.0,47500.0
1465000.0,1435000.0,1400000.0,30000.0,65000.0
950000.0,998000.0,998000.0,48000.0,48000.0
1130000.0,1275000.0,1178000.0,145000.0,48000.0
1650000.0,1360000.0,1375000.0,290000.0,275000.0
2440000.0,2400000.0,2400000.0,40000.0,40000.0
765000.0,750000.0,735000.0,15000.0,30000.0
315000.0,305000.0,319000.0,10000.0,4000.0
1610000.0,1591000.0,1630000.0,19000.0,20000.0
2755000.0,3025000.0,3200000.0,270000.0,445000.0
1515000.0,1715000.0,1715000.0,200000.0,200000.0
901000.0,925000.0,930000.0,24000.0,29000.0
379000.0,371500.0,385000.0,7500.0,6000.0
1085000.0,1050000.0,1050000.0,35000.0,35000.0
3495000.0,3575000.0,3575000.0,80000.0,80000.0
600000.0,610000.0,625000.0,10000.0,25000.0
567900.0,579000.0,579000.0,11100.0,11100.0
1050000.0,1010000.0,950000.0,40000.0,100000.0
720000.0,742500.0,715000.0,22500.0,5000.0
780000.0,835000.0,890000.0,55000.0,110000.0
1300000.0,1306000.0,1230000.0,6000.0,70000.0
1520000.0,1726000.0,1725000.0,206000.0,205000.0
1155025.0,1020000.0,1085000.0,135025.0,70025.0
469000.0,475000.0,469000.0,6000.0,0.0
635000.0,610000.0,680000.0,25000.0,45000.0
1116000.0,1185000.0,1200000.0,69000.0,84000.0
985000.0,991500.0,1308000.0,6500.0,323000.0
625000.0,585000.0,600000.0,40000.0,25000.0
790000.0,750000.0,780000.0,40000.0,10000.0
735000.0,801000.0,800000.0,66000.0,65000.0
1108000.0,1256000.0,1200000.0,148000.0,92000.0
1425000.0,1751000.0,1350000.0,326000.0,75000.0
707000.0,740000.0,747000.0,33000.0,40000.0
855000.0,720000.0,809000.0,135000.0,46000.0
795000.0,745000.0,775000.0,50000.0,20000.0
405000.0,425000.0,430180.0,20000.0,25180.0
1010000.0,1015000.0,1060000.0,5000.0,50000.0
1600000.0,1560000.0,1618000.0,40000.0,18000.0
1490000.0,1479000.0,1475000.0,11000.0,15000.0
1080000.0,1225000.0,1225000.0,145000.0,145000.0
785000.0,799990.0,765000.0,14990.0,20000.0
1275000.0,1215000.0,1300000.0,60000.0,25000.0
870000.0,880000.0,835000.0,10000.0,35000.0
602000.0,618220.0,600000.0,16220.0,2000.0
825000.0,850000.0,865000.0,25000.0,40000.0
445000.0,435000.0,435000.0,10000.0,10000.0
935000.0,945000.0,965000.0,10000.0,30000.0
1180000.0,1170000.0,1170000.0,10000.0,10000.0
425000.0,425000.0,425000.0,0.0,0.0
777900.0,800000.0,764100.0,22100.0,13800.0
750000.0,805000.0,850000.0,55000.0,100000.0
1100000.0,1050000.0,975000.0,50000.0,125000.0
805000.0,775000.0,789000.0,30000.0,16000.0
1135000.0,1250000.0,1125000.0,115000.0,10000.0
785000.0,790000.0,805000.0,5000.0,20000.0
760000.0,760000.0,760000.0,0.0,0.0
350000.0,339000.0,330000.0,11000.0,20000.0
1080000.0,1080000.0,1080000.0,0.0,0.0
700000.0,740000.0,710000.0,40000.0,10000.0
445000.0,450000.0,459000.0,5000.0,14000.0
1200000.0,1135000.0,1081000.0,65000.0,119000.0
2390000.0,2325000.0,2385000.0,65000.0,5000.0
595000.0,585000.0,488000.0,10000.0,107000.0
1150000.0,1128370.0,1351000.0,21630.0,201000.0
2720000.0,2686500.0,2700000.0,33500.0,20000.0
2325000.0,2260000.0,2205000.0,65000.0,120000.0
1441550.0,1530000.0,1650000.0,88450.0,208450.0
500000.0,505000.0,500000.0,5000.0,0.0
595000.0,620000.0,620000.0,25000.0,25000.0
606820.0,623236.0,623236.0,16416.0,16416.0
820000.0,810000.0,810000.0,10000.0,10000.0
879000.0,900000.0,900000.0,21000.0,21000.0
1210000.0,1500000.0,1398000.0,290000.0,188000.0
760000.0,799000.0,775000.0,39000.0,15000.0
700000.0,699900.0,706000.0,100.0,6000.0
4280000.0,4200000.0,4100000.0,80000.0,180000.0
480000.0,485000.0,504000.0,5000.0,24000.0
579000.0,579500.0,594000.0,500.0,15000.0
2050000.0,1930000.0,1800000.0,120000.0,250000.0
1070000.0,800000.0,800000.0,270000.0,270000.0
617500.0,630000.0,619990.0,12500.0,2490.0
3190000.0,3050000.0,3850000.0,140000.0,660000.0
675000.0,675000.0,672500.0,0.0,2500.0
591000.0,600000.0,579900.0,9000.0,11100.0
992000.0,886000.0,863500.0,106000.0,128500.0
675000.0,595000.0,525000.0,80000.0,150000.0
850000.0,765000.0,825000.0,85000.0,25000.0
1235000.0,1260000.0,1220000.0,25000.0,15000.0
418000.0,430000.0,399900.0,12000.0,18100.0
300000.0,310000.0,310000.0,10000.0,10000.0
1335000.0,1250000.0,1330000.0,85000.0,5000.0
765000.0,778000.0,778000.0,13000.0,13000.0
930000.0,875000.0,830000.0,55000.0,100000.0
675000.0,735000.0,688000.0,60000.0,13000.0
584900.0,580000.0,600000.0,4900.0,15100.0
810000.0,780000.0,785000.0,30000.0,25000.0
1210000.0,1235000.0,1165656.0,25000.0,44344.0
480000.0,521000.0,520000.0,41000.0,40000.0
890000.0,885000.0,875000.0,5000.0,15000.0
1050000.0,1105000.0,1105000.0,55000.0,55000.0
1765000.0,1900000.0,1810000.0,135000.0,45000.0
844777.0,865000.0,840000.0,20223.0,4777.0
1150000.0,1155000.0,1165000.0,5000.0,15000.0
450000.0,489900.0,500000.0,39900.0,50000.0
1340000.0,1315000.0,1317000.0,25000.0,23000.0
480000.0,470000.0,463000.0,10000.0,17000.0
498888.0,499000.0,495000.0,112.0,3888.0
968800.0,1001000.0,980000.0,32200.0,11200.0
1305000.0,1257000.0,1257500.0,48000.0,47500.0
835000.0,800000.0,800000.0,35000.0,35000.0
835000.0,840000.0,825000.0,5000.0,10000.0
1115000.0,1127000.0,1127000.0,12000.0,12000.0
1350000.0,1450000.0,1305000.0,100000.0,45000.0
1146000.0,1100000.0,1100000.0,46000.0,46000.0
1200450.0,1170083.0,1210000.0,30367.0,9550.0
505000.0,504000.0,545000.0,1000.0,40000.0
1262500.0,1210000.0,1250000.0,52500.0,12500.0
670000.0,650000.0,660000.0,20000.0,10000.0
2330000.0,2332400.0,2326000.0,2400.0,4000.0
670000.0,715000.0,700000.0,45000.0,30000.0
2395000.0,2300000.0,2325000.0,95000.0,70000.0
1065000.0,925000.0,1010000.0,140000.0,55000.0
850000.0,870000.0,819000.0,20000.0,31000.0
1125000.0,1200000.0,1199000.0,75000.0,74000.0
1375000.0,1250000.0,1330000.0,125000.0,45000.0
2560000.0,2450000.0,2500000.0,110000.0,60000.0
531000.0,525000.0,515000.0,6000.0,16000.0
750000.0,742693.0,742693.0,7307.0,7307.0
485000.0,480000.0,475000.0,5000.0,10000.0
590000.0,545000.0,580000.0,45000.0,10000.0
800000.0,800000.0,780000.0,0.0,20000.0
925000.0,950000.0,875000.0,25000.0,50000.0
616000.0,640000.0,615000.0,24000.0,1000.0
697000.0,710000.0,705000.0,13000.0,8000.0
2400000.0,2415000.0,2810000.0,15000.0,410000.0
650000.0,775000.0,775000.0,125000.0,125000.0
720000.0,710000.0,699900.0,10000.0,20100.0
435000.0,435000.0,480000.0,0.0,45000.0
500000.0,500000.0,500000.0,0.0,0.0
2375000.0,2410000.0,2620000.0,35000.0,245000.0
1625000.0,1600000.0,1720000.0,25000.0,95000.0
615000.0,510000.0,619000.0,105000.0,4000.0
2462500.0,2620000.0,2525000.0,157500.0,62500.0
690000.0,630650.0,672000.0,59350.0,18000.0
669000.0,670000.0,665000.0,1000.0,4000.0
630000.0,649000.0,650000.0,19000.0,20000.0
1750000.0,1800000.0,1960000.0,50000.0,210000.0
1212000.0,950000.0,929900.0,262000.0,282100.0
495200.0,485000.0,525000.0,10200.0,29800.0
930000.0,1025000.0,1025000.0,95000.0,95000.0
825000.0,830000.0,740000.0,5000.0,85000.0
460000.0,460000.0,470000.0,0.0,10000.0
799000.0,765000.0,800000.0,34000.0,1000.0
630000.0,610000.0,620000.0,20000.0,10000.0
3300000.0,3150000.0,3200000.0,150000.0,100000.0
2690000.0,2600000.0,2505000.0,90000.0,185000.0
1770000.0,1765000.0,1700000.0,5000.0,70000.0
1700000.0,1700000.0,1441000.0,0.0,259000.0
475000.0,480000.0,435000.0,5000.0,40000.0
483000.0,465000.0,465000.0,18000.0,18000.0
1138000.0,1125000.0,1100000.0,13000.0,38000.0
1350000.0,1150000.0,1225000.0,200000.0,125000.0
870000.0,790000.0,790000.0,80000.0,80000.0
550000.0,620000.0,611000.0,70000.0,61000.0
1875000.0,1835550.0,1875000.0,39450.0,0.0
3260000.0,3560000.0,3290000.0,300000.0,30000.0
685000.0,685000.0,685000.0,0.0,0.0
1299000.0,1280000.0,1230000.0,19000.0,69000.0
860000.0,875000.0,875000.0,15000.0,15000.0
2900000.0,3100000.0,3155000.0,200000.0,255000.0
1050000.0,970000.0,981000.0,80000.0,69000.0
4088899.0,4000000.0,3700000.0,88899.0,388899.0
1050000.0,1070000.0,940000.0,20000.0,110000.0
815000.0,750000.0,745000.0,65000.0,70000.0
2200000.0,1926250.0,1958000.0,273750.0,242000.0
2600000.0,2595000.0,2450000.0,5000.0,150000.0
600000.0,590000.0,605000.0,10000.0,5000.0
365000.0,375000.0,405000.0,10000.0,40000.0
610000.0,605000.0,610000.0,5000.0,0.0
917000.0,925000.0,940000.0,8000.0,23000.0
989000.0,980000.0,998000.0,9000.0,9000.0
730000.0,717000.0,720000.0,13000.0,10000.0
705000.0,695000.0,699000.0,10000.0,6000.0
2750000.0,2430000.0,2600000.0,320000.0,150000.0
1370000.0,1325000.0,1339600.0,45000.0,30400.0
647067.0,659990.0,658990.0,12923.0,11923.0
730000.0,765000.0,715000.0,35000.0,15000.0
2155000.0,2149999.0,2100000.0,5001.0,55000.0
465000.0,460000.0,465000.0,5000.0,0.0
750000.0,860000.0,855000.0,110000.0,105000.0
911310.0,930000.0,915000.0,18690.0,3690.0
455000.0,450000.0,450000.0,5000.0,5000.0
545000.0,570000.0,574000.0,25000.0,29000.0
3406875.0,3250000.0,3250000.0,156875.0,156875.0
545000.0,522500.0,525000.0,22500.0,20000.0
1095000.0,1075000.0,1150000.0,20000.0,55000.0
229000.0,232500.0,232500.0,3500.0,3500.0
1795000.0,1745000.0,1850000.0,50000.0,55000.0
1077000.0,900000.0,1008000.0,177000.0,69000.0
229000.0,230000.0,230000.0,1000.0,1000.0
715000.0,745000.0,748690.0,30000.0,33690.0
755000.0,750000.0,715000.0,5000.0,40000.0
3410000.0,3900000.0,3900000.0,490000.0,490000.0
725000.0,708500.0,710000.0,16500.0,15000.0
139000.0,140500.0,107500.0,1500.0,31500.0
585000.0,585000.0,582000.0,0.0,3000.0
475000.0,495000.0,450000.0,20000.0,25000.0
1900000.0,2125000.0,2200000.0,225000.0,300000.0
560000.0,530000.0,565000.0,30000.0,5000.0
312000.0,311000.0,309000.0,1000.0,3000.0
1412000.0,1400000.0,1445500.0,12000.0,33500.0
382000.0,379000.0,363000.0,3000.0,19000.0
425000.0,425000.0,425000.0,0.0,0.0
2575000.0,2620000.0,2599000.0,45000.0,24000.0
2720000.0,2775000.0,2750000.0,55000.0,30000.0
785000.0,804000.0,800000.0,19000.0,15000.0
2675000.0,3310000.0,2400000.0,635000.0,275000.0
1360000.0,1377500.0,1370000.0,17500.0,10000.0
650000.0,650000.0,670000.0,0.0,20000.0
875000.0,901000.0,905000.0,26000.0,30000.0
495121.0,505730.0,505730.0,10609.0,10609.0
1560000.0,1600000.0,1590000.0,40000.0,30000.0
843000.0,839000.0,849900.0,4000.0,6900.0
830000.0,839000.0,840000.0,9000.0,10000.0
781000.0,760000.0,755000.0,21000.0,26000.0
690000.0,674990.0,676000.0,15010.0,14000.0
334500.0,337000.0,335000.0,2500.0,500.0
4100000.0,3800000.0,3800000.0,300000.0,300000.0
790000.0,725000.0,735000.0,65000.0,55000.0
1199000.0,1150000.0,1200000.0,49000.0,1000.0
1016000.0,999999.0,875000.0,16001.0,141000.0
1380000.0,1375000.0,1415000.0,5000.0,35000.0
860000.0,885000.0,880000.0,25000.0,20000.0
535000.0,555000.0,540000.0,20000.0,5000.0
680000.0,720000.0,699888.0,40000.0,19888.0
815000.0,785785.0,765000.0,29215.0,50000.0
890000.0,886000.0,880000.0,4000.0,10000.0
2800000.0,2768000.0,2500000.0,32000.0,300000.0
1010000.0,1040000.0,1020000.0,30000.0,10000.0
610000.0,620000.0,600000.0,10000.0,10000.0
1775000.0,1797000.0,2080000.0,22000.0,305000.0
1290000.0,1225000.0,1300000.0,65000.0,10000.0
560000.0,545000.0,565000.0,15000.0,5000.0
780000.0,750000.0,750000.0,30000.0,30000.0
495000.0,500000.0,475000.0,5000.0,20000.0
2100000.0,2300000.0,2600000.0,200000.0,500000.0
1400000.0,1400000.0,1473200.0,0.0,73200.0
870000.0,799000.0,800000.0,71000.0,70000.0
2500000.0,2385000.0,2500000.0,115000.0,0.0
656000.0,670000.0,661000.0,14000.0,5000.0
1360000.0,1225000.0,1225000.0,135000.0,135000.0
1300000.0,1305000.0,1280000.0,5000.0,20000.0
710000.0,699000.0,705000.0,11000.0,5000.0
1460000.0,1215000.0,1510000.0,245000.0,50000.0
450000.0,617990.0,624460.0,167990.0,174460.0
1500000.0,1500000.0,1500000.0,0.0,0.0
1480000.0,1509000.0,1470000.0,29000.0,10000.0
735000.0,750385.0,725000.0,15385.0,10000.0
675000.0,675000.0,676000.0,0.0,1000.0
3600000.0,4250000.0,3875000.0,650000.0,275000.0
3000000.0,3175000.0,2885000.0,175000.0,115000.0
850000.0,849900.0,825000.0,100.0,25000.0
894000.0,870000.0,880000.0,24000.0,14000.0
1050000.0,1200000.0,1150000.0,150000.0,100000.0
1570000.0,1525000.0,1575000.0,45000.0,5000.0
1825000.0,1975000.0,2140000.0,150000.0,315000.0
685000.0,675000.0,680000.0,10000.0,5000.0
560000.0,560000.0,550000.0,0.0,10000.0
1600000.0,1590000.0,1590000.0,10000.0,10000.0
1327000.0,1360000.0,1395000.0,33000.0,68000.0
795900.0,785000.0,790000.0,10900.0,5900.0
3200000.0,3255000.0,3150000.0,55000.0,50000.0
800000.0,825000.0,825000.0,25000.0,25000.0
2422000.0,2700000.0,2650000.0,278000.0,228000.0
610000.0,625000.0,610000.0,15000.0,0.0
475000.0,490000.0,490000.0,15000.0,15000.0
404500.0,407000.0,405000.0,2500.0,500.0
905000.0,830000.0,820000.0,75000.0,85000.0
3900000.0,4100000.0,3900000.0,200000.0,0.0
697000.0,750000.0,729000.0,53000.0,32000.0
680000.0,682500.0,665000.0,2500.0,15000.0
1988000.0,1998000.0,1891000.0,10000.0,97000.0
1500000.0,1342000.0,1348000.0,158000.0,152000.0
554000.0,540000.0,535000.0,14000.0,19000.0
1025000.0,1100000.0,1000000.0,75000.0,25000.0
567500.0,560000.0,615000.0,7500.0,47500.0
1075000.0,989000.0,1060000.0,86000.0,15000.0
695000.0,670000.0,699000.0,25000.0,4000.0
3515000.0,3500000.0,3790000.0,15000.0,275000.0
1725000.0,1810000.0,1780000.0,85000.0,55000.0
405000.0,415000.0,405000.0,10000.0,0.0
2850000.0,2950000.0,2700000.0,100000.0,150000.0
375000.0,361000.0,382500.0,14000.0,7500.0
1025000.0,995000.0,1030000.0,30000.0,5000.0
1175000.0,1199000.0,1202000.0,24000.0,27000.0
405000.0,407000.0,398000.0,2000.0,7000.0
575000.0,590000.0,590000.0,15000.0,15000.0
1450000.0,1350000.0,1350000.0,100000.0,100000.0
540000.0,525000.0,565000.0,15000.0,25000.0
1315000.0,1300000.0,1325000.0,15000.0,10000.0
2700000.0,2675000.0,2700000.0,25000.0,0.0
880000.0,910000.0,1110000.0,30000.0,230000.0
600000.0,610000.0,595000.0,10000.0,5000.0
465000.0,430000.0,440000.0,35000.0,25000.0
1555000.0,1910000.0,1480000.0,355000.0,75000.0
735000.0,710000.0,700000.0,25000.0,35000.0
520000.0,550000.0,539000.0,30000.0,19000.0
520000.0,500000.0,527630.0,20000.0,7630.0
1490000.0,1500000.0,1550000.0,10000.0,60000.0
699000.0,705000.0,743000.0,6000.0,44000.0
560000.0,510000.0,665000.0,50000.0,105000.0
1025000.0,950000.0,950000.0,75000.0,75000.0
780000.0,730000.0,820000.0,50000.0,40000.0
824000.0,835000.0,870000.0,11000.0,46000.0
1200000.0,1205000.0,1200000.0,5000.0,0.0
1757500.0,1725000.0,1741000.0,32500.0,16500.0
1400000.0,1440000.0,1460000.0,40000.0,60000.0
1225000.0,1275000.0,1240000.0,50000.0,15000.0
990000.0,950000.0,950000.0,40000.0,40000.0
2300000.0,2315000.0,2300000.0,15000.0,0.0
2110000.0,2199000.0,2050000.0,89000.0,60000.0
1150000.0,1180000.0,1160000.0,30000.0,10000.0
949900.0,975000.0,975000.0,25100.0,25100.0
830000.0,790000.0,775000.0,40000.0,55000.0
454268.0,463000.0,430000.0,8732.0,24268.0
630000.0,660000.0,665000.0,30000.0,35000.0
505098.0,497941.0,497941.0,7157.0,7157.0
950000.0,910000.0,910000.0,40000.0,40000.0
445463.0,445000.0,455000.0,463.0,9537.0
589888.0,595000.0,578000.0,5112.0,11888.0
563290.0,599990.0,560000.0,36700.0,3290.0
540000.0,550000.0,525000.0,10000.0,15000.0
1443000.0,1600000.0,1475000.0,157000.0,32000.0
2710000.0,2700000.0,2720000.0,10000.0,10000.0
6675000.0,7000000.0,6995000.0,325000.0,320000.0
4870000.0,5800000.0,5400000.0,930000.0,530000.0
775000.0,755000.0,775000.0,20000.0,0.0
495000.0,495000.0,495000.0,0.0,0.0
2340240.0,2383360.0,2405000.0,43120.0,64760.0
3800000.0,3907000.0,3907000.0,107000.0,107000.0
1226000.0,1325000.0,1188000.0,99000.0,38000.0
534890.0,534823.0,534823.0,67.0,67.0
900000.0,875000.0,889950.0,25000.0,10050.0
638000.0,650000.0,655000.0,12000.0,17000.0
567000.0,555000.0,480000.0,12000.0,87000.0
930000.0,925000.0,925000.0,5000.0,5000.0
1750000.0,1625000.0,1600000.0,125000.0,150000.0
1350000.0,1514000.0,1555000.0,164000.0,205000.0
720000.0,725000.0,750000.0,5000.0,30000.0
910000.0,951000.0,926250.0,41000.0,16250.0
1180000.0,1100000.0,1200000.0,80000.0,20000.0
610000.0,600000.0,602000.0,10000.0,8000.0
965000.0,974000.0,972000.0,9000.0,7000.0
830000.0,932500.0,930000.0,102500.0,100000.0
548000.0,560000.0,570000.0,12000.0,22000.0
700000.0,680000.0,680000.0,20000.0,20000.0
2342000.0,2500000.0,2488888.0,158000.0,146888.0
765000.0,785000.0,796637.0,20000.0,31637.0
1180000.0,1060000.0,1085800.0,120000.0,94200.0
640000.0,573000.0,600000.0,67000.0,40000.0
1663000.0,1915000.0,1915000.0,252000.0,252000.0
1075000.0,1070000.0,1079000.0,5000.0,4000.0
539900.0,539900.0,539900.0,0.0,0.0
858500.0,815000.0,810000.0,43500.0,48500.0
645000.0,641000.0,645000.0,4000.0,0.0
784000.0,830000.0,862000.0,46000.0,78000.0
835000.0,851000.0,849000.0,16000.0,14000.0
554940.0,546000.0,542000.0,8940.0,12940.0
950000.0,960000.0,980000.0,10000.0,30000.0
1150000.0,1150000.0,1150000.0,0.0,0.0
1103000.0,1065000.0,1065000.0,38000.0,38000.0
760000.0,740000.0,758500.0,20000.0,1500.0
1710000.0,1679999.0,1670000.0,30001.0,40000.0
503187.0,505701.0,485000.0,2514.0,18187.0
720000.0,700000.0,685000.0,20000.0,35000.0
1420000.0,1400000.0,1350000.0,20000.0,70000.0
540000.0,540000.0,540000.0,0.0,0.0
714150.0,699000.0,600000.0,15150.0,114150.0
1450000.0,1460000.0,1300000.0,10000.0,150000.0
905000.0,890000.0,882000.0,15000.0,23000.0
895000.0,860000.0,865000.0,35000.0,30000.0
1400000.0,1435000.0,1433520.0,35000.0,33520.0
1250000.0,1170000.0,1150000.0,80000.0,100000.0
1825000.0,1825000.0,1850000.0,0.0,25000.0
907000.0,945700.0,880000.0,38700.0,27000.0
455000.0,450000.0,465000.0,5000.0,10000.0
895000.0,900000.0,910000.0,5000.0,15000.0
1125000.0,1400000.0,1275000.0,275000.0,150000.0
1400000.0,1335000.0,1380000.0,65000.0,20000.0
920000.0,917500.0,920000.0,2500.0,0.0
2155000.0,2240000.0,2100000.0,85000.0,55000.0
630000.0,630000.0,630000.0,0.0,0.0
1430000.0,1510000.0,1387000.0,80000.0,43000.0
600000.0,653000.0,540000.0,53000.0,60000.0
2000000.0,2080000.0,2080000.0,80000.0,80000.0
490000.0,499000.0,499000.0,9000.0,9000.0
580000.0,569000.0,580000.0,11000.0,0.0
660000.0,675000.0,675000.0,15000.0,15000.0
2845000.0,2500000.0,2700000.0,345000.0,145000.0
1575000.0,1240000.0,1358000.0,335000.0,217000.0
516500.0,520000.0,520000.0,3500.0,3500.0
815000.0,825000.0,845000.0,10000.0,30000.0
955000.0,922000.0,950000.0,33000.0,5000.0
1240000.0,1350000.0,1300000.0,110000.0,60000.0
409000.0,400000.0,396000.0,9000.0,13000.0
679900.0,690000.0,675000.0,10100.0,4900.0
855000.0,840000.0,841000.0,15000.0,14000.0
780000.0,760000.0,760000.0,20000.0,20000.0
890000.0,940000.0,940000.0,50000.0,50000.0
755000.0,795000.0,800000.0,40000.0,45000.0
1850000.0,1842000.0,1835000.0,8000.0,15000.0
2350000.0,2385000.0,2370000.0,35000.0,20000.0
2015000.0,2100000.0,2000000.0,85000.0,15000.0
1268000.0,1285000.0,1268000.0,17000.0,0.0
475000.0,485000.0,485000.0,10000.0,10000.0
1190000.0,1295000.0,1170000.0,105000.0,20000.0
440000.0,550000.0,555000.0,110000.0,115000.0
900000.0,915000.0,910000.0,15000.0,10000.0
750000.0,731250.0,710000.0,18750.0,40000.0
868500.0,900000.0,880000.0,31500.0,11500.0
1175000.0,1300000.0,1265000.0,125000.0,90000.0
4017892.0,4150000.0,4200000.0,132108.0,182108.0
2000000.0,1749000.0,1880000.0,251000.0,120000.0
455000.0,450000.0,440000.0,5000.0,15000.0
1200000.0,930000.0,930000.0,270000.0,270000.0
435000.0,427000.0,435000.0,8000.0,0.0
1625000.0,1838000.0,1921000.0,213000.0,296000.0
910000.0,900000.0,875000.0,10000.0,35000.0
1112500.0,950000.0,975000.0,162500.0,137500.0
2000000.0,2050000.0,2020000.0,50000.0,20000.0
1405000.0,1560000.0,1411000.0,155000.0,6000.0
1220000.0,1405000.0,1300000.0,185000.0,80000.0
1200000.0,1280000.0,1425000.0,80000.0,225000.0
1007000.0,1070000.0,1070000.0,63000.0,63000.0
455000.0,450000.0,435000.0,5000.0,20000.0
1650000.0,1760000.0,1660000.0,110000.0,10000.0
475000.0,470000.0,490000.0,5000.0,15000.0
610000.0,595000.0,615000.0,15000.0,5000.0
600000.0,640000.0,540000.0,40000.0,60000.0
470000.0,464000.0,480000.0,6000.0,10000.0
1450000.0,1465000.0,1390000.0,15000.0,60000.0
920000.0,1040000.0,1235800.0,120000.0,315800.0
615000.0,659000.0,659000.0,44000.0,44000.0
1513800.0,1415000.0,1500000.0,98800.0,13800.0
595000.0,595000.0,595000.0,0.0,0.0
875000.0,868500.0,875000.0,6500.0,0.0
785000.0,820000.0,800000.0,35000.0,15000.0
1100000.0,1130000.0,1130000.0,30000.0,30000.0
580000.0,566800.0,566800.0,13200.0,13200.0
2400000.0,2560000.0,2600000.0,160000.0,200000.0
708990.0,754000.0,740000.0,45010.0,31010.0
1275000.0,1220000.0,1350000.0,55000.0,75000.0
335000.0,350000.0,368000.0,15000.0,33000.0
1400000.0,1405000.0,1475000.0,5000.0,75000.0
1660000.0,1580000.0,2050000.0,80000.0,390000.0
780000.0,790000.0,795000.0,10000.0,15000.0
290000.0,377000.0,375000.0,87000.0,85000.0
2875000.0,2970000.0,3000000.0,95000.0,125000.0
865000.0,852500.0,865000.0,12500.0,0.0
1081400.0,1000000.0,1130000.0,81400.0,48600.0
680000.0,739000.0,739000.0,59000.0,59000.0
1840000.0,1740000.0,2078800.0,100000.0,238800.0
1966000.0,1925000.0,2050000.0,41000.0,84000.0
3040000.0,3200000.0,3400000.0,160000.0,360000.0
1450000.0,1460000.0,1412500.0,10000.0,37500.0
512500.0,515000.0,499900.0,2500.0,12600.0
895000.0,810000.0,850000.0,85000.0,45000.0
345000.0,365000.0,355000.0,20000.0,10000.0
995000.0,1150000.0,1310000.0,155000.0,315000.0
989000.0,1000000.0,975000.0,11000.0,14000.0
569900.0,588000.0,655000.0,18100.0,85100.0
850000.0,1037820.0,1037820.0,187820.0,187820.0
820000.0,830000.0,839990.0,10000.0,19990.0
1350000.0,1349990.0,1330000.0,10.0,20000.0
1600000.0,1356000.0,1345000.0,244000.0,255000.0
1325000.0,1340000.0,1275000.0,15000.0,50000.0
725000.0,735000.0,750000.0,10000.0,25000.0
760000.0,758990.0,740000.0,1010.0,20000.0
1630000.0,1710000.0,1700000.0,80000.0,70000.0
650000.0,650000.0,600000.0,0.0,50000.0
1250000.0,1260000.0,1250000.0,10000.0,0.0
685000.0,665000.0,700000.0,20000.0,15000.0
700000.0,699000.0,741000.0,1000.0,41000.0
1480000.0,1198000.0,1275000.0,282000.0,205000.0
2000000.0,2050000.0,2000000.0,50000.0,0.0
530000.0,479900.0,480000.0,50100.0,50000.0
4600000.0,3275000.0,3350000.0,1325000.0,1250000.0
1730000.0,1835350.0,1835350.0,105350.0,105350.0
1455000.0,1364000.0,1365000.0,91000.0,90000.0
1855000.0,1700000.0,1695000.0,155000.0,160000.0
2000000.0,2050000.0,2200000.0,50000.0,200000.0
735000.0,730000.0,730000.0,5000.0,5000.0
655000.0,650000.0,645000.0,5000.0,10000.0
1480000.0,1395000.0,1410000.0,85000.0,70000.0
1750000.0,1775000.0,1780000.0,25000.0,30000.0
905000.0,1050000.0,1050000.0,145000.0,145000.0
2275000.0,2125000.0,1960000.0,150000.0,315000.0
610000.0,575000.0,585000.0,35000.0,25000.0
1757000.0,1820000.0,1840000.0,63000.0,83000.0
878000.0,640000.0,570000.0,238000.0,308000.0
2550000.0,1995000.0,2290000.0,555000.0,260000.0
350000.0,330000.0,325000.0,20000.0,25000.0
635000.0,597000.0,600000.0,38000.0,35000.0
1315000.0,1295000.0,1295000.0,20000.0,20000.0
1100000.0,1125000.0,1100000.0,25000.0,0.0
4825000.0,5800000.0,5900000.0,975000.0,1075000.0
795000.0,770000.0,770000.0,25000.0,25000.0
510000.0,499990.0,500000.0,10010.0,10000.0
5170000.0,5415000.0,5150000.0,245000.0,20000.0
600000.0,600000.0,615000.0,0.0,15000.0
360000.0,339000.0,355000.0,21000.0,5000.0
470000.0,470000.0,470000.0,0.0,0.0
1650000.0,1350000.0,1340000.0,300000.0,310000.0
1025000.0,1100000.0,1157000.0,75000.0,132000.0
899000.0,940000.0,875000.0,41000.0,24000.0
868500.0,925000.0,857200.0,56500.0,11300.0
1100000.0,1100000.0,1140000.0,0.0,40000.0
1015000.0,930000.0,975000.0,85000.0,40000.0
3300000.0,3320000.0,3225000.0,20000.0,75000.0
1331000.0,1333000.0,1300000.0,2000.0,31000.0
550000.0,680000.0,585000.0,130000.0,35000.0
2150000.0,2200000.0,2150000.0,50000.0,0.0
2028000.0,2700000.0,2700000.0,672000.0,672000.0
850000.0,865000.0,855000.0,15000.0,5000.0
885000.0,890000.0,890000.0,5000.0,5000.0
1116000.0,906500.0,946888.0,209500.0,169112.0
1400000.0,1400000.0,1350000.0,0.0,50000.0
770000.0,775000.0,775000.0,5000.0,5000.0
930000.0,880000.0,875000.0,50000.0,55000.0
720000.0,689370.0,685990.0,30630.0,34010.0
1060000.0,1075000.0,1050000.0,15000.0,10000.0
730000.0,695000.0,695000.0,35000.0,35000.0
1920000.0,1870000.0,1830000.0,50000.0,90000.0
430000.0,425000.0,400000.0,5000.0,30000.0
1125000.0,1200000.0,1200000.0,75000.0,75000.0
725000.0,725000.0,730000.0,0.0,5000.0
445000.0,450000.0,452000.0,5000.0,7000.0
572000.0,560000.0,570000.0,12000.0,2000.0
620000.0,615000.0,615000.0,5000.0,5000.0
1829000.0,1790000.0,1839900.0,39000.0,10900.0
520000.0,539000.0,539000.0,19000.0,19000.0
1490000.0,1585000.0,1609000.0,95000.0,119000.0
1625000.0,1475000.0,1550000.0,150000.0,75000.0
1475000.0,1500000.0,1500000.0,25000.0,25000.0
666780.0,639990.0,639990.0,26790.0,26790.0
1500000.0,1470000.0,1400000.0,30000.0,100000.0
1424000.0,1400000.0,1460000.0,24000.0,36000.0
1300000.0,1365000.0,1425000.0,65000.0,125000.0
1025131.0,1025000.0,968000.0,131.0,57131.0
750000.0,780000.0,835000.0,30000.0,85000.0
605000.0,635000.0,605000.0,30000.0,0.0
775000.0,746000.0,783000.0,29000.0,8000.0
1087415.0,1120000.0,1040000.0,32585.0,47415.0
500000.0,508567.0,499900.0,8567.0,100.0
736000.0,735000.0,747500.0,1000.0,11500.0
1650000.0,1626500.0,1500000.0,23500.0,150000.0
489000.0,497000.0,510000.0,8000.0,21000.0
835000.0,830000.0,825000.0,5000.0,10000.0
810000.0,805000.0,820000.0,5000.0,10000.0
535000.0,555000.0,535000.0,20000.0,0.0
622000.0,665000.0,665000.0,43000.0,43000.0
492500.0,489000.0,489999.0,3500.0,2501.0
1700000.0,1749000.0,1739000.0,49000.0,39000.0
6700000.0,6750000.0,6835000.0,50000.0,135000.0
1395000.0,1358000.0,1300000.0,37000.0,95000.0
760000.0,775000.0,800000.0,15000.0,40000.0
1155000.0,1220000.0,1151000.0,65000.0,4000.0
315000.0,295000.0,290500.0,20000.0,24500.0
1350000.0,1299000.0,1350000.0,51000.0,0.0
580000.0,565000.0,586000.0,15000.0,6000.0
1125000.0,1115000.0,1080000.0,10000.0,45000.0
224900.0,200555.0,220000.0,24345.0,4900.0
875000.0,855000.0,864182.0,20000.0,10818.0
758000.0,750000.0,750000.0,8000.0,8000.0
4860000.0,4950000.0,4600000.0,90000.0,260000.0
825000.0,831000.0,831000.0,6000.0,6000.0
1020000.0,1050000.0,1025000.0,30000.0,5000.0
876000.0,900000.0,860000.0,24000.0,16000.0
760000.0,733500.0,790000.0,26500.0,30000.0
520000.0,430000.0,439500.0,90000.0,80500.0
2794000.0,2890000.0,2715000.0,96000.0,79000.0
2800000.0,2875000.0,2950000.0,75000.0,150000.0
913000.0,990000.0,990000.0,77000.0,77000.0
2600000.0,2525000.0,2600000.0,75000.0,0.0
1525000.0,1488000.0,1725000.0,37000.0,200000.0
525000.0,530000.0,520000.0,5000.0,5000.0
703240.0,702918.0,715000.0,322.0,11760.0
780000.0,780000.0,780000.0,0.0,0.0
2390000.0,2360000.0,2335000.0,30000.0,55000.0
853000.0,820000.0,830000.0,33000.0,23000.0
470000.0,430000.0,460000.0,40000.0,10000.0
240000.0,263000.0,250000.0,23000.0,10000.0
880000.0,894000.0,907500.0,14000.0,27500.0
7300000.0,7995000.0,7900000.0,695000.0,600000.0
900000.0,915000.0,1050000.0,15000.0,150000.0
795000.0,770000.0,875000.0,25000.0,80000.0
800000.0,899000.0,899000.0,99000.0,99000.0
1235000.0,1288000.0,1250000.0,53000.0,15000.0
480000.0,489000.0,485000.0,9000.0,5000.0
1800000.0,1999888.0,2128000.0,199888.0,328000.0
589000.0,590000.0,588800.0,1000.0,200.0
840000.0,828000.0,825000.0,12000.0,15000.0
850000.0,885000.0,925000.0,35000.0,75000.0
863000.0,880000.0,878000.0,17000.0,15000.0
1100000.0,1075000.0,1180000.0,25000.0,80000.0
1355000.0,1550168.0,1250000.0,195168.0,105000.0
2250000.0,2200000.0,2200888.0,50000.0,49112.0
3250000.0,3215000.0,3140000.0,35000.0,110000.0
3250000.0,2300000.0,2300000.0,950000.0,950000.0
875000.0,875000.0,880000.0,0.0,5000.0
968000.0,1065000.0,1030000.0,97000.0,62000.0
1050000.0,1081500.0,1160000.0,31500.0,110000.0
590000.0,550000.0,570000.0,40000.0,20000.0
715000.0,775000.0,780000.0,60000.0,65000.0
2150000.0,2100000.0,2149000.0,50000.0,1000.0
755000.0,760000.0,745000.0,5000.0,10000.0
600000.0,625000.0,620000.0,25000.0,20000.0
1698000.0,1714000.0,1630000.0,16000.0,68000.0
565000.0,605000.0,578000.0,40000.0,13000.0
925000.0,915000.0,920000.0,10000.0,5000.0
2750000.0,3050000.0,3270000.0,300000.0,520000.0
930000.0,967500.0,955000.0,37500.0,25000.0
1550000.0,1600000.0,1599000.0,50000.0,49000.0
460000.0,449000.0,449000.0,11000.0,11000.0
319000.0,350000.0,340000.0,31000.0,21000.0
670000.0,655000.0,665000.0,15000.0,5000.0
463000.0,490000.0,490000.0,27000.0,27000.0
510000.0,565000.0,565000.0,55000.0,55000.0
1400000.0,1300000.0,1593000.0,100000.0,193000.0
1375000.0,1383000.0,1400000.0,8000.0,25000.0
810000.0,940000.0,762000.0,130000.0,48000.0
1301088.0,1225000.0,1350000.0,76088.0,48912.0
617000.0,625000.0,620000.0,8000.0,3000.0
1260000.0,1200000.0,1210000.0,60000.0,50000.0
1450000.0,1360000.0,1300000.0,90000.0,150000.0
449000.0,430000.0,452000.0,19000.0,3000.0
4436000.0,4150000.0,4175000.0,286000.0,261000.0
765000.0,749000.0,720000.0,16000.0,45000.0
376000.0,411000.0,411000.0,35000.0,35000.0
1502000.0,1465000.0,1400000.0,37000.0,102000.0
600000.0,595500.0,575000.0,4500.0,25000.0
4950000.0,4350000.0,4350000.0,600000.0,600000.0
373390.0,350000.0,390036.0,23390.0,16646.0
849000.0,830000.0,830000.0,19000.0,19000.0
3075000.0,2350000.0,2400000.0,725000.0,675000.0
449000.0,452000.0,455000.0,3000.0,6000.0
630000.0,605000.0,601990.0,25000.0,28010.0
324000.0,315000.0,310000.0,9000.0,14000.0
1050000.0,1190000.0,1150000.0,140000.0,100000.0
546000.0,560000.0,549990.0,14000.0,3990.0
2135000.0,2030000.0,2000000.0,105000.0,135000.0
1200000.0,1130000.0,1150000.0,70000.0,50000.0
1760000.0,1750000.0,1725000.0,10000.0,35000.0
800000.0,800000.0,805000.0,0.0,5000.0
1755000.0,1750000.0,1775000.0,5000.0,20000.0
1070000.0,1090000.0,1120000.0,20000.0,50000.0
940000.0,900000.0,939000.0,40000.0,1000.0
1425000.0,1728000.0,1700000.0,303000.0,275000.0
3625000.0,3430000.0,3650000.0,195000.0,25000.0
412995.0,405000.0,418000.0,7995.0,5005.0
2230000.0,2320000.0,2350000.0,90000.0,120000.0
279000.0,275000.0,275000.0,4000.0,4000.0
870000.0,850000.0,870000.0,20000.0,0.0
2615000.0,2400000.0,2700000.0,215000.0,85000.0
385000.0,420000.0,420000.0,35000.0,35000.0
480000.0,470000.0,470000.0,10000.0,10000.0
1075000.0,1600000.0,1305000.0,525000.0,230000.0
610000.0,600000.0,605000.0,10000.0,5000.0
675000.0,690000.0,715000.0,15000.0,40000.0
680000.0,685000.0,685000.0,5000.0,5000.0
525000.0,510000.0,499000.0,15000.0,26000.0
430000.0,435000.0,434900.0,5000.0,4900.0
655000.0,620000.0,650000.0,35000.0,5000.0
1230000.0,1199000.0,1180000.0,31000.0,50000.0
595000.0,615000.0,620000.0,20000.0,25000.0
730000.0,720000.0,715000.0,10000.0,15000.0
1240000.0,12700000.0,1455000.0,11460000.0,215000.0
2450000.0,3100000.0,3100000.0,650000.0,650000.0
1950000.0,1990000.0,2045238.36,40000.0,95238.3600000001
659888.0,660000.0,658990.0,112.0,898.0
2680000.0,2621242.0,2918000.0,58758.0,238000.0
1335000.0,1415000.0,1350000.0,80000.0,15000.0
1320000.0,1330000.0,1343000.0,10000.0,23000.0
1590000.0,1500000.0,1760000.0,90000.0,170000.0
400000.0,405000.0,385000.0,5000.0,15000.0
3025000.0,3000000.0,2910000.0,25000.0,115000.0
560000.0,580000.0,570000.0,20000.0,10000.0
715000.0,700000.0,700000.0,15000.0,15000.0
515000.0,510000.0,515000.0,5000.0,0.0
7300000.0,6750000.0,6050000.0,550000.0,1250000.0
600000.0,590000.0,595000.0,10000.0,5000.0
1275000.0,1235000.0,1238100.0,40000.0,36900.0
848000.0,840000.0,810000.0,8000.0,38000.0
1680000.0,1695000.0,1750000.0,15000.0,70000.0
435000.0,415000.0,415000.0,20000.0,20000.0
450000.0,450000.0,440000.0,0.0,10000.0
710000.0,698000.0,698000.0,12000.0,12000.0
2200000.0,2299880.0,2450000.0,99880.0,250000.0
625000.0,635000.0,580480.0,10000.0,44520.0
1234000.0,1210000.0,1195000.0,24000.0,39000.0
1720000.0,1632500.0,1610000.0,87500.0,110000.0
1100000.0,990000.0,995000.0,110000.0,105000.0
1470000.0,1500000.0,1645000.0,30000.0,175000.0
675000.0,700000.0,666000.0,25000.0,9000.0
3810000.0,3650000.0,3500000.0,160000.0,310000.0
985000.0,895000.0,1128000.0,90000.0,143000.0
400000.0,439000.0,445000.0,39000.0,45000.0
562000.0,600000.0,600000.0,38000.0,38000.0
1340000.0,1375000.0,1440000.0,35000.0,100000.0
2940000.0,3650000.0,3650000.0,710000.0,710000.0
1838325.0,1925000.0,1855000.0,86675.0,16675.0
2250000.0,2255000.0,2255000.0,5000.0,5000.0
1690000.0,1650000.0,1650000.0,40000.0,40000.0
530000.0,480000.0,480000.0,50000.0,50000.0
775000.0,775000.0,772500.0,0.0,2500.0
765000.0,760000.0,765000.0,5000.0,0.0
690000.0,685000.0,695500.0,5000.0,5500.0
684000.0,685000.0,679000.0,1000.0,5000.0
540000.0,585000.0,554000.0,45000.0,14000.0
955000.0,995000.0,989000.0,40000.0,34000.0
480000.0,490000.0,477500.0,10000.0,2500.0
1150000.0,1055000.0,1020000.0,95000.0,130000.0
705000.0,760000.0,785000.0,55000.0,80000.0
3365000.0,3450000.0,3490000.0,85000.0,125000.0
2950000.0,2860000.0,2972500.0,90000.0,22500.0
865000.0,850000.0,860000.0,15000.0,5000.0
4000000.0,4450000.0,4450000.0,450000.0,450000.0
420000.0,415000.0,417500.0,5000.0,2500.0
575000.0,589000.0,589000.0,14000.0,14000.0
275000.0,325000.0,325000.0,50000.0,50000.0
1110000.0,990000.0,1150000.0,120000.0,40000.0
275000.0,330000.0,340900.0,55000.0,65900.0
2518000.0,2600000.0,2600000.0,82000.0,82000.0
3050000.0,3200000.0,3060000.0,150000.0,10000.0
4150000.0,4500000.0,4500000.0,350000.0,350000.0
760000.0,720000.0,720000.0,40000.0,40000.0
1980000.0,1920000.0,1955000.0,60000.0,25000.0
930000.0,960000.0,900000.0,30000.0,30000.0
650000.0,641949.0,650000.0,8051.0,0.0
440000.0,457000.0,400000.0,17000.0,40000.0
510000.0,485000.0,465000.0,25000.0,45000.0
1700000.0,1715000.0,1715000.0,15000.0,15000.0
950000.0,940000.0,950000.0,10000.0,0.0
1685000.0,1720000.0,1670000.0,35000.0,15000.0
935550.0,925000.0,895000.0,10550.0,40550.0
855000.0,850000.0,780000.0,5000.0,75000.0
1572000.0,1600000.0,1602600.0,28000.0,30600.0
380000.0,380000.0,380000.0,0.0,0.0
1595000.0,1500000.0,1550000.0,95000.0,45000.0
879000.0,899000.0,895000.0,20000.0,16000.0
370000.0,370000.0,385000.0,0.0,15000.0
2422824.0,2300000.0,2300000.0,122824.0,122824.0
810870.0,800000.0,800000.0,10870.0,10870.0
707000.0,670000.0,710000.0,37000.0,3000.0
2100000.0,2030000.0,2030000.0,70000.0,70000.0
1450000.0,1320000.0,1400000.0,130000.0,50000.0
975000.0,955000.0,940000.0,20000.0,35000.0
700000.0,695000.0,680000.0,5000.0,20000.0
690000.0,735000.0,735000.0,45000.0,45000.0
730000.0,700000.0,700000.0,30000.0,30000.0
829000.0,829000.0,829000.0,0.0,0.0
372000.0,381234.0,350000.0,9234.0,22000.0
875000.0,892500.0,860000.0,17500.0,15000.0
1455000.0,1538000.0,1475000.0,83000.0,20000.0
1100000.0,1160000.0,1151000.0,60000.0,51000.0
1149000.0,1149000.0,1112500.0,0.0,36500.0
945000.0,964000.0,945000.0,19000.0,0.0
515000.0,526500.0,500000.0,11500.0,15000.0
10000000.0,9750000.0,9400000.0,250000.0,600000.0
870000.0,900000.0,876000.0,30000.0,6000.0
1025000.0,825000.0,1075000.0,200000.0,50000.0
1250000.0,1100000.0,1060000.0,150000.0,190000.0
2400000.0,2740000.0,2740000.0,340000.0,340000.0
1670000.0,1620000.0,1650000.0,50000.0,20000.0
650000.0,620000.0,636000.0,30000.0,14000.0
540000.0,532000.0,525000.0,8000.0,15000.0
1400000.0,1410000.0,1393000.0,10000.0,7000.0
2010000.0,2190000.0,2333888.0,180000.0,323888.0
395000.0,535000.0,543000.0,140000.0,148000.0
1120000.0,1135000.0,1133000.0,15000.0,13000.0
1245000.0,1350000.0,1265000.0,105000.0,20000.0
1330000.0,1365000.0,1385000.0,35000.0,55000.0
3150000.0,3380000.0,3310000.0,230000.0,160000.0
1210000.0,1040000.0,1280000.0,170000.0,70000.0
520000.0,530000.0,548240.0,10000.0,28240.0
575000.0,600000.0,572200.0,25000.0,2800.0
1320000.0,1235000.0,1333000.0,85000.0,13000.0
849000.0,855000.0,850000.0,6000.0,1000.0
724990.0,715000.0,735000.0,9990.0,10010.0
475000.0,500000.0,500000.0,25000.0,25000.0
2375000.0,2300000.0,2300000.0,75000.0,75000.0
850000.0,865000.0,865000.0,15000.0,15000.0
1400000.0,1460000.0,1685000.0,60000.0,285000.0
1220000.0,1350000.0,1295000.0,130000.0,75000.0
719000.0,715000.0,700000.0,4000.0,19000.0
989990.0,989990.0,999990.0,0.0,10000.0
740000.0,768888.0,740000.0,28888.0,0.0
1200000.0,1200000.0,1233000.0,0.0,33000.0
5188000.0,5200000.0,5100000.0,12000.0,88000.0
1150000.0,1040000.0,1130000.0,110000.0,20000.0
275000.0,279900.0,275000.0,4900.0,0.0
5250000.0,5600000.0,4700000.0,350000.0,550000.0
1175000.0,1115000.0,1115000.0,60000.0,60000.0
1170000.0,1222000.0,1165000.0,52000.0,5000.0
2525000.0,2595000.0,2450000.0,70000.0,75000.0
635000.0,652000.0,652000.0,17000.0,17000.0
4600000.0,4350000.0,4350000.0,250000.0,250000.0
905000.0,920000.0,924358.0,15000.0,19358.0
1205000.0,1225000.0,1230000.0,20000.0,25000.0
975000.0,955000.0,975000.0,20000.0,0.0
1155000.0,1134000.0,1050000.0,21000.0,105000.0
721330.0,715000.0,705000.0,6330.0,16330.0
500000.0,535000.0,551000.0,35000.0,51000.0
820000.0,843000.0,835000.0,23000.0,15000.0
834000.0,830000.0,835000.0,4000.0,1000.0
620000.0,620000.0,805647.0,0.0,185647.0
2400000.0,2400000.0,2550000.0,0.0,150000.0
1045000.0,1030000.0,1090000.0,15000.0,45000.0
340000.0,322000.0,305000.0,18000.0,35000.0
1500000.0,1460000.0,1450500.0,40000.0,49500.0
1631100.0,1762500.0,1590000.0,131400.0,41100.0
1400000.0,1700000.0,1700000.0,300000.0,300000.0
1995000.0,2800100.0,2800100.0,805100.0,805100.0
1070000.0,1210000.0,1150000.0,140000.0,80000.0
950000.0,964000.0,925000.0,14000.0,25000.0
1225000.0,1200000.0,1285000.0,25000.0,60000.0
700000.0,725000.0,730000.0,25000.0,30000.0
466000.0,460000.0,466000.0,6000.0,0.0
1250000.0,1262500.0,1300000.0,12500.0,50000.0
3900000.0,4300000.0,4300000.0,400000.0,400000.0
1125000.0,940000.0,975000.0,185000.0,150000.0
535400.0,540000.0,563000.0,4600.0,27600.0
940000.0,980000.0,1020000.0,40000.0,80000.0
1625000.0,1600000.0,1520000.0,25000.0,105000.0
600000.0,590000.0,580000.0,10000.0,20000.0
1938000.0,2175000.0,2010000.0,237000.0,72000.0
2575000.0,2638000.0,2699000.0,63000.0,124000.0
1405000.0,1810000.0,1810000.0,405000.0,405000.0
479000.0,480000.0,495000.0,1000.0,16000.0
1125000.0,1100000.0,1065000.0,25000.0,60000.0
835000.0,760000.0,800000.0,75000.0,35000.0
790000.0,825000.0,880000.0,35000.0,90000.0
645000.0,625000.0,615000.0,20000.0,30000.0
1405000.0,1625000.0,1465623.0,220000.0,60623.0
636000.0,645000.0,645000.0,9000.0,9000.0
760000.0,733000.0,818000.0,27000.0,58000.0
355000.0,340000.0,340000.0,15000.0,15000.0
710000.0,715000.0,705000.0,5000.0,5000.0
565000.0,580000.0,585000.0,15000.0,20000.0
765000.0,800000.0,779000.0,35000.0,14000.0
219000.0,220000.0,220000.0,1000.0,1000.0
615999.0,599900.0,625000.0,16099.0,9001.0
1255000.0,1170000.0,1365000.0,85000.0,110000.0
889000.0,885000.0,825000.0,4000.0,64000.0
726000.0,720000.0,740000.0,6000.0,14000.0
775000.0,785000.0,775000.0,10000.0,0.0
845000.0,880000.0,880000.0,35000.0,35000.0
1275000.0,1400000.0,1435000.0,125000.0,160000.0
780000.0,750000.0,798000.0,30000.0,18000.0
1099000.0,1050000.0,1075000.0,49000.0,24000.0
499900.0,575000.0,575000.0,75100.0,75100.0
1378000.0,1355000.0,1425000.0,23000.0,47000.0
930000.0,1000000.0,995000.0,70000.0,65000.0
1250000.0,1535000.0,1350000.0,285000.0,100000.0
1125000.0,1149000.0,1117000.0,24000.0,8000.0
335000.0,335000.0,340000.0,0.0,5000.0
608000.0,589000.0,472000.0,19000.0,136000.0
565000.0,540000.0,594830.0,25000.0,29830.0
635000.0,648000.0,618000.0,13000.0,17000.0
4200000.0,4385000.0,4000000.0,185000.0,200000.0
825000.0,825000.0,815000.0,0.0,10000.0
1000000.0,980000.0,999009.0,20000.0,991.0
800000.0,900000.0,757500.0,100000.0,42500.0
625000.0,683000.0,625000.0,58000.0,0.0
1250000.0,1300000.0,1251000.0,50000.0,1000.0
1265000.0,1340000.0,1411288.0,75000.0,146288.0
905000.0,900000.0,900000.0,5000.0,5000.0
810000.0,850000.0,775000.0,40000.0,35000.0
2200000.0,2420110.0,2420110.0,220110.0,220110.0
2767000.0,2900000.0,2825000.0,133000.0,58000.0
1430000.0,1350000.0,1390000.0,80000.0,40000.0
1200000.0,1175000.0,1230000.0,25000.0,30000.0
590000.0,580000.0,580000.0,10000.0,10000.0
730000.0,770000.0,755000.0,40000.0,25000.0
2090000.0,2065000.0,2065000.0,25000.0,25000.0
1488000.0,1405000.0,1462000.0,83000.0,26000.0
1750000.0,1575000.0,1619000.0,175000.0,131000.0
490000.0,500000.0,475000.0,10000.0,15000.0
550000.0,535000.0,560000.0,15000.0,10000.0
1585000.0,1518750.0,1545000.0,66250.0,40000.0
469000.0,480000.0,460000.0,11000.0,9000.0
445550.0,445000.0,455000.0,550.0,9450.0
645000.0,680000.0,666000.0,35000.0,21000.0
570000.0,614000.0,597000.0,44000.0,27000.0
360000.0,330000.0,315000.0,30000.0,45000.0
630000.0,640000.0,655000.0,10000.0,25000.0
1050000.0,991000.0,975000.0,59000.0,75000.0
949000.0,925000.0,940000.0,24000.0,9000.0
1360000.0,1400000.0,1455000.0,40000.0,95000.0
550000.0,480000.0,365000.0,70000.0,185000.0
665000.0,695000.0,695000.0,30000.0,30000.0
1720000.0,1730000.0,1800000.0,10000.0,80000.0
410000.0,388000.0,388000.0,22000.0,22000.0
469000.0,470000.0,470000.0,1000.0,1000.0
445000.0,435000.0,460000.0,10000.0,15000.0
411000.0,350000.0,350000.0,61000.0,61000.0
560000.0,550000.0,550000.0,10000.0,10000.0
1875000.0,1825000.0,1825000.0,50000.0,50000.0
685000.0,672500.0,689000.0,12500.0,4000.0
1575000.0,1625000.0,1450000.0,50000.0,125000.0
788000.0,800000.0,815000.0,12000.0,27000.0
655000.0,645000.0,647000.0,10000.0,8000.0
815000.0,785000.0,780000.0,30000.0,35000.0
1370000.0,1380000.0,1536777.0,10000.0,166777.0
1795000.0,1820000.0,1750000.0,25000.0,45000.0
1357506.0,1405000.0,1350000.0,47494.0,7506.0
850000.0,882000.0,840000.0,32000.0,10000.0
2960000.0,3100000.0,3100000.0,140000.0,140000.0
1425000.0,1400000.0,1380000.0,25000.0,45000.0
850000.0,860000.0,850000.0,10000.0,0.0
720000.0,785000.0,810000.0,65000.0,90000.0
675000.0,620000.0,660000.0,55000.0,15000.0
2670000.0,2651000.0,2620000.0,19000.0,50000.0
875000.0,850000.0,895000.0,25000.0,20000.0
799999.0,800000.0,800000.0,1.0,1.0
630000.0,645000.0,630000.0,15000.0,0.0
11500000.0,11586250.0,11586250.0,86250.0,86250.0
1750000.0,1860000.0,1820000.0,110000.0,70000.0
870000.0,865000.0,870000.0,5000.0,0.0
911000.0,925000.0,915000.0,14000.0,4000.0
4750000.0,4717500.0,4900000.0,32500.0,150000.0
1159000.0,1150000.0,1150000.0,9000.0,9000.0
1175000.0,1150000.0,1150000.0,25000.0,25000.0
488000.0,490000.0,460000.0,2000.0,28000.0
1410000.0,1301000.0,1325000.0,109000.0,85000.0
1065000.0,1010000.0,1080000.0,55000.0,15000.0
7550000.0,7500000.0,7730000.0,50000.0,180000.0
880000.0,770000.0,772000.0,110000.0,108000.0
715000.0,728000.0,729000.0,13000.0,14000.0
2925000.0,3195000.0,3076000.0,270000.0,151000.0
780000.0,715000.0,780000.0,65000.0,0.0
955000.0,1100000.0,1030000.0,145000.0,75000.0
725000.0,712000.0,755000.0,13000.0,30000.0
1300000.0,1260000.0,1280000.0,40000.0,20000.0
749000.0,750000.0,750000.0,1000.0,1000.0
395000.0,385000.0,409750.0,10000.0,14750.0
404000.0,440000.0,395000.0,36000.0,9000.0
985000.0,1020000.0,989000.0,35000.0,4000.0
434990.0,427000.0,437650.0,7990.0,2660.0
749000.0,725000.0,720000.0,24000.0,29000.0
470000.0,460000.0,462000.0,10000.0,8000.0
4995000.0,4800000.0,4995000.0,195000.0,0.0
1240000.0,1285000.0,1415000.0,45000.0,175000.0
765000.0,845000.0,755000.0,80000.0,10000.0
550000.0,550000.0,545000.0,0.0,5000.0
485000.0,477000.0,477000.0,8000.0,8000.0
1025000.0,1000000.0,1000000.0,25000.0,25000.0
1500000.0,1200000.0,1525000.0,300000.0,25000.0
560000.0,565000.0,565000.0,5000.0,5000.0
361000.0,315000.0,325000.0,46000.0,36000.0
550000.0,569000.0,550000.0,19000.0,0.0
750000.0,725000.0,745000.0,25000.0,5000.0
1600000.0,1530000.0,1615000.0,70000.0,15000.0
850000.0,1127000.0,870000.0,277000.0,20000.0
1040000.0,1000000.0,925000.0,40000.0,115000.0
895000.0,925000.0,875000.0,30000.0,20000.0
547990.0,553656.0,535000.0,5666.0,12990.0
900000.0,870000.0,875000.0,30000.0,25000.0
2450000.0,2455000.0,2332400.0,5000.0,117600.0
1225000.0,1235000.0,1197500.0,10000.0,27500.0
695000.0,695000.0,695000.0,0.0,0.0
1630000.0,1818000.0,1651000.0,188000.0,21000.0
645000.0,639900.0,639000.0,5100.0,6000.0
1565000.0,1760000.0,1760000.0,195000.0,195000.0
645000.0,620000.0,650000.0,25000.0,5000.0
1550000.0,1585000.0,1550000.0,35000.0,0.0
530000.0,570000.0,554000.0,40000.0,24000.0
5650000.0,5850000.0,5800000.0,200000.0,150000.0
3250000.0,2925000.0,3100000.0,325000.0,150000.0
1200000.0,1225000.0,1250000.0,25000.0,50000.0
445000.0,435000.0,451500.0,10000.0,6500.0
860000.0,849000.0,856000.0,11000.0,4000.0
645692.0,660000.0,650000.0,14308.0,4308.0
530000.0,565000.0,565000.0,35000.0,35000.0
4125000.0,4400000.0,4150000.0,275000.0,25000.0
437000.0,442000.0,442000.0,5000.0,5000.0
1048000.0,956000.0,1050000.0,92000.0,2000.0
650000.0,635000.0,625000.0,15000.0,25000.0
1199000.0,1225000.0,1200000.0,26000.0,1000.0
640000.0,600000.0,600000.0,40000.0,40000.0
680000.0,680000.0,675000.0,0.0,5000.0
1750000.0,2125000.0,1830000.0,375000.0,80000.0
520000.0,535000.0,543000.0,15000.0,23000.0
1150000.0,1075000.0,1105000.0,75000.0,45000.0
1200000.0,1180000.0,1200000.0,20000.0,0.0
729000.0,710000.0,711000.0,19000.0,18000.0
1900000.0,1850000.0,1910000.0,50000.0,10000.0
1500000.0,1530000.0,1525000.0,30000.0,25000.0
600000.0,573000.0,580000.0,27000.0,20000.0
999000.0,1005000.0,998000.0,6000.0,1000.0
910000.0,929000.0,915000.0,19000.0,5000.0
315000.0,329900.0,330000.0,14900.0,15000.0
750000.0,858000.0,859000.0,108000.0,109000.0
2005000.0,1995000.0,2126000.0,10000.0,121000.0
1050000.0,998000.0,975000.0,52000.0,75000.0
950000.0,1100000.0,995000.0,150000.0,45000.0
640000.0,690000.0,689000.0,50000.0,49000.0
425000.0,419990.0,430000.0,5010.0,5000.0
332000.0,345000.0,350000.0,13000.0,18000.0
2420000.0,2500000.0,2960000.0,80000.0,540000.0
1050000.0,1295000.0,1338000.0,245000.0,288000.0
475000.0,450000.0,464000.0,25000.0,11000.0
1738813.0,1750000.0,2527000.0,11187.0,788187.0
3215000.0,3160000.0,3380000.0,55000.0,165000.0
603500.0,625000.0,635000.0,21500.0,31500.0
800000.0,816000.0,779000.0,16000.0,21000.0
2055000.0,1675000.0,1675000.0,380000.0,380000.0
594000.0,599000.0,596000.0,5000.0,2000.0
1125000.0,1168000.0,1125000.0,43000.0,0.0
1875000.0,2020625.0,2275000.0,145625.0,400000.0
950000.0,1230000.0,1230000.0,280000.0,280000.0
650000.0,695000.0,665000.0,45000.0,15000.0
1365000.0,1320000.0,1335000.0,45000.0,30000.0
1075000.0,1138888.0,1200000.0,63888.0,125000.0
700000.0,635000.0,630000.0,65000.0,70000.0
1875000.0,1956000.0,2025000.0,81000.0,150000.0
869000.0,892805.0,892805.0,23805.0,23805.0
2700000.0,2890000.0,2753000.0,190000.0,53000.0
1150000.0,1150000.0,1130000.0,0.0,20000.0
975000.0,945000.0,965000.0,30000.0,10000.0
675000.0,709000.0,720000.0,34000.0,45000.0
765000.0,746500.0,728000.0,18500.0,37000.0
500000.0,529000.0,555000.0,29000.0,55000.0
715000.0,715490.0,700000.0,490.0,15000.0
3075000.0,2910000.0,3064563.0,165000.0,10437.0
510000.0,500000.0,500000.0,10000.0,10000.0
759000.0,750000.0,700000.0,9000.0,59000.0
625000.0,640000.0,635000.0,15000.0,10000.0
649000.0,655000.0,670000.0,6000.0,21000.0
2300000.0,2485000.0,2492500.0,185000.0,192500.0
865000.0,859000.0,875000.0,6000.0,10000.0
1279000.0,1225000.0,1265000.0,54000.0,14000.0
500000.0,537000.0,537000.0,37000.0,37000.0
860000.0,859990.0,858000.0,10.0,2000.0
799000.0,780000.0,799990.0,19000.0,990.0
1085000.0,1142680.0,1090000.0,57680.0,5000.0
545500.0,550000.0,555000.0,4500.0,9500.0
1330000.0,1350000.0,1300000.0,20000.0,30000.0
1960000.0,1975000.0,1945000.0,15000.0,15000.0
265000.0,278000.0,275000.0,13000.0,10000.0
753550.0,875000.0,830000.0,121450.0,76450.0
790000.0,805999.0,810000.0,15999.0,20000.0
1570000.0,1780000.0,1599000.0,210000.0,29000.0
422000.0,380000.0,348000.0,42000.0,74000.0
524000.0,529000.0,548240.0,5000.0,24240.0
811000.0,775000.0,890000.0,36000.0,79000.0
715000.0,752000.0,725000.0,37000.0,10000.0
855000.0,799000.0,790000.0,56000.0,65000.0
1140000.0,1139000.0,1140000.0,1000.0,0.0
1080000.0,1120000.0,1114000.0,40000.0,34000.0
630000.0,630000.0,635000.0,0.0,5000.0
1230000.0,1415000.0,1415000.0,185000.0,185000.0
2330000.0,2250000.0,2325000.0,80000.0,5000.0
292000.0,250000.0,265000.0,42000.0,27000.0
699000.0,700000.0,690000.0,1000.0,9000.0
735000.0,700000.0,667189.0,35000.0,67811.0
750000.0,807000.0,710000.0,57000.0,40000.0
755000.0,760000.0,750000.0,5000.0,5000.0
1290000.0,1325000.0,1351000.0,35000.0,61000.0
1285000.0,1309000.0,1259000.0,24000.0,26000.0
1530750.0,1545000.0,1599000.0,14250.0,68250.0
1620000.0,1600000.0,1620000.0,20000.0,0.0
875000.0,855000.0,855000.0,20000.0,20000.0
424000.0,420000.0,420000.0,4000.0,4000.0
770000.0,740000.0,818000.0,30000.0,48000.0
535000.0,535000.0,550000.0,0.0,15000.0
1629000.0,1600000.0,1600667.0,29000.0,28333.0
781489.0,824068.0,775000.0,42579.0,6489.0
1090000.0,1080000.0,1030000.0,10000.0,60000.0
2050000.0,1985000.0,2420000.0,65000.0,370000.0
1730000.0,1699000.0,1670000.0,31000.0,60000.0
777000.0,829000.0,830000.0,52000.0,53000.0
1267500.0,1257500.0,1210000.0,10000.0,57500.0
765000.0,750000.0,775000.0,15000.0,10000.0
510000.0,520000.0,520000.0,10000.0,10000.0
1400000.0,1300000.0,1280000.0,100000.0,120000.0
499999.0,410000.0,475000.0,89999.0,24999.0
675000.0,674000.0,666500.0,1000.0,8500.0
1265996.0,1260000.0,1256300.0,5996.0,9696.0
859000.0,845000.0,850000.0,14000.0,9000.0
540000.0,618000.0,620000.0,78000.0,80000.0
629000.0,665000.0,600000.0,36000.0,29000.0
900000.0,875000.0,910000.0,25000.0,10000.0
975000.0,1050000.0,1050000.0,75000.0,75000.0
550000.0,570000.0,570000.0,20000.0,20000.0
1820000.0,1925000.0,1960000.0,105000.0,140000.0
499000.0,485000.0,485000.0,14000.0,14000.0
400000.0,390000.0,373000.0,10000.0,27000.0
815000.0,800000.0,875000.0,15000.0,60000.0
930000.0,950000.0,879000.0,20000.0,51000.0
2000000.0,1978000.0,1980000.0,22000.0,20000.0
3450000.0,3900000.0,3425000.0,450000.0,25000.0
1250000.0,1200000.0,1215000.0,50000.0,35000.0
895000.0,960000.0,951000.0,65000.0,56000.0
1615000.0,1575000.0,1605000.0,40000.0,10000.0
1032360.0,1075000.0,1176500.0,42640.0,144140.0
1235000.0,1225000.0,1225000.0,10000.0,10000.0
7700000.0,7650000.0,8965000.0,50000.0,1265000.0
820000.0,829000.0,840000.0,9000.0,20000.0
555000.0,599000.0,575000.0,44000.0,20000.0
548576.0,550206.0,550206.0,1630.0,1630.0
600000.0,589990.0,600000.0,10010.0,0.0
915000.0,887888.0,910000.0,27112.0,5000.0
1046350.0,1040000.0,985000.0,6350.0,61350.0
825000.0,795000.0,794000.0,30000.0,31000.0
655000.0,650000.0,655000.0,5000.0,0.0
900000.0,935000.0,875000.0,35000.0,25000.0
830000.0,906000.0,840000.0,76000.0,10000.0
1610000.0,1500000.0,1603000.0,110000.0,7000.0
120000.0,160000.0,160000.0,40000.0,40000.0
592000.0,600000.0,600000.0,8000.0,8000.0
48720000.0,5800000.0,5400000.0,42920000.0,43320000.0
1325000.0,1400000.0,1452000.0,75000.0,127000.0
799000.0,775000.0,925000.0,24000.0,126000.0
612000.0,615000.0,616000.0,3000.0,4000.0
648500.0,640000.0,630000.0,8500.0,18500.0
419880.0,441490.0,409990.0,21610.0,9890.0
915000.0,890000.0,850000.0,25000.0,65000.0
710000.0,730000.0,761000.0,20000.0,51000.0
1100000.0,1135000.0,1110000.0,35000.0,10000.0
1045000.0,1085000.0,1035000.0,40000.0,10000.0
375000.0,365000.0,365000.0,10000.0,10000.0
1182500.0,1200000.0,1200000.0,17500.0,17500.0
1560000.0,1600000.0,1625000.0,40000.0,65000.0
1595000.0,1585000.0,1568000.0,10000.0,27000.0
380000.0,540000.0,595000.0,160000.0,215000.0
699990.0,711190.0,711190.0,11200.0,11200.0
1200000.0,1300000.0,1340000.0,100000.0,140000.0
1525000.0,1600000.0,1600000.0,75000.0,75000.0
1100000.0,1150000.0,1160000.0,50000.0,60000.0
910000.0,895000.0,895000.0,15000.0,15000.0
620000.0,627000.0,620000.0,7000.0,0.0
403000.0,489000.0,485000.0,86000.0,82000.0
776000.0,758500.0,775000.0,17500.0,1000.0
610000.0,607000.0,610000.0,3000.0,0.0
1064000.0,1000000.0,1052000.0,64000.0,12000.0
1425000.0,1350000.0,1255900.0,75000.0,169100.0
855000.0,808000.0,805000.0,47000.0,50000.0
780000.0,797000.0,810000.0,17000.0,30000.0
1160000.0,1215000.0,1152500.0,55000.0,7500.0
1895000.0,1873000.0,1895000.0,22000.0,0.0
590000.0,587000.0,600000.0,3000.0,10000.0
1030000.0,1050000.0,1080000.0,20000.0,50000.0
855000.0,851888.0,860000.0,3112.0,5000.0
524000.0,524900.0,529000.0,900.0,5000.0
600000.0,615000.0,620000.0,15000.0,20000.0
899000.0,860000.0,849000.0,39000.0,50000.0
4998000.0,5380625.0,5380625.0,382625.0,382625.0
530000.0,525000.0,550000.0,5000.0,20000.0
490000.0,485000.0,500000.0,5000.0,10000.0
640000.0,645000.0,667000.0,5000.0,27000.0
485000.0,530000.0,527000.0,45000.0,42000.0
525000.0,500000.0,505000.0,25000.0,20000.0
660000.0,655000.0,630000.0,5000.0,30000.0
825000.0,903888.0,855000.0,78888.0,30000.0
369000.0,370000.0,385000.0,1000.0,16000.0
400000.0,390000.0,400000.0,10000.0,0.0
699000.0,700000.0,700000.0,1000.0,1000.0
518000.0,470000.0,513000.0,48000.0,5000.0
615000.0,730000.0,730000.0,115000.0,115000.0
506000.0,505535.0,565000.0,465.0,59000.0
980000.0,1145000.0,1275000.0,165000.0,295000.0
866000.0,890000.0,890000.0,24000.0,24000.0
810000.0,821430.0,840000.0,11430.0,30000.0
1740000.0,2050000.0,1900000.0,310000.0,160000.0
1390000.0,1460000.0,1450000.0,70000.0,60000.0
475000.0,498000.0,469999.0,23000.0,5001.0
515000.0,510000.0,505000.0,5000.0,10000.0
445000.0,450000.0,445000.0,5000.0,0.0
3113888.0,3175000.0,3195000.0,61112.0,81112.0
465000.0,460000.0,500000.0,5000.0,35000.0
595000.0,584000.0,590000.0,11000.0,5000.0
2440000.0,2340000.0,2450000.0,100000.0,10000.0
380000.0,370000.0,370000.0,10000.0,10000.0
1960000.0,2013000.0,2050000.0,53000.0,90000.0
565000.0,485000.0,465000.0,80000.0,100000.0
1070000.0,125000.0,1200000.0,945000.0,130000.0
795000.0,800000.0,788000.0,5000.0,7000.0
1180000.0,1150000.0,1100000.0,30000.0,80000.0
620000.0,585000.0,605000.0,35000.0,15000.0
727000.0,750000.0,700000.0,23000.0,27000.0
500000.0,533864.0,519000.0,33864.0,19000.0
350000.0,355000.0,355000.0,5000.0,5000.0
1540000.0,1590000.0,1625000.0,50000.0,85000.0
500000.0,475000.0,525000.0,25000.0,25000.0
430000.0,437500.0,450000.0,7500.0,20000.0
545000.0,567300.0,565000.0,22300.0,20000.0
1445000.0,1475000.0,1435000.0,30000.0,10000.0
842000.0,770000.0,770000.0,72000.0,72000.0
300000.0,284900.0,297000.0,15100.0,3000.0
545000.0,522000.0,525000.0,23000.0,20000.0
400000.0,370000.0,405000.0,30000.0,5000.0
4000000.0,4380000.0,4000000.0,380000.0,0.0
670000.0,800000.0,800000.0,130000.0,130000.0
804365.0,772000.0,772000.0,32365.0,32365.0
3600000.0,4050000.0,3550000.0,450000.0,50000.0
3800000.0,4500000.0,3965000.0,700000.0,165000.0
960000.0,945000.0,949900.0,15000.0,10100.0
739457.0,725000.0,720000.0,14457.0,19457.0
670000.0,660000.0,675000.0,10000.0,5000.0
3125000.0,3255000.0,3100000.0,130000.0,25000.0
385000.0,375000.0,375000.0,10000.0,10000.0
325000.0,290000.0,290000.0,35000.0,35000.0
480000.0,489000.0,485000.0,9000.0,5000.0
810000.0,800000.0,825000.0,10000.0,15000.0
700000.0,690000.0,660000.0,10000.0,40000.0
3250000.0,3450000.0,3275000.0,200000.0,25000.0
1950000.0,2500000.0,2030000.0,550000.0,80000.0
610000.0,640000.0,620000.0,30000.0,10000.0
500000.0,599000.0,599000.0,99000.0,99000.0
372000.0,363000.0,365000.0,9000.0,7000.0
1175000.0,1220000.0,1225000.0,45000.0,50000.0
642000.0,585000.0,635000.0,57000.0,7000.0
2462000.0,2390000.0,2385000.0,72000.0,77000.0
1441650.0,1505000.0,1650000.0,63350.0,208350.0
1875000.0,2575000.0,2100000.0,700000.0,225000.0
1495000.0,1400000.0,1520000.0,95000.0,25000.0
479990.0,493490.0,493490.0,13500.0,13500.0
4059000.0,4500000.0,4600000.0,441000.0,541000.0
490000.0,475000.0,475000.0,15000.0,15000.0
775000.0,710000.0,660000.0,65000.0,115000.0
1365000.0,1420000.0,1400000.0,55000.0,35000.0
665000.0,670000.0,630000.0,5000.0,35000.0
7200000.0,7300000.0,7551000.0,100000.0,351000.0
1065000.0,1100000.0,1070000.0,35000.0,5000.0
980000.0,1110000.0,1100000.0,130000.0,120000.0
455000.0,464900.0,459900.0,9900.0,4900.0
755000.0,685000.0,760000.0,70000.0,5000.0
2375000.0,2485000.0,2495000.0,110000.0,120000.0
510000.0,520000.0,520000.0,10000.0,10000.0
700000.0,875000.0,815000.0,175000.0,115000.0
900000.0,879000.0,880000.0,21000.0,20000.0
395000.0,455000.0,455000.0,60000.0,60000.0
1107400.0,1225000.0,1100000.0,117600.0,7400.0
3685000.0,3699999.0,3880000.0,14999.0,195000.0
710000.0,720000.0,750000.0,10000.0,40000.0
782450.0,805000.0,784000.0,22550.0,1550.0
2275500.0,2100000.0,2199999.0,175500.0,75501.0
822000.0,822540.0,780000.0,540.0,42000.0
525000.0,575000.0,575000.0,50000.0,50000.0
975000.0,965000.0,969000.0,10000.0,6000.0
2300000.0,2360000.0,2335000.0,60000.0,35000.0
2410000.0,2325000.0,2500000.0,85000.0,90000.0
1800000.0,1700000.0,1430000.0,100000.0,370000.0
1480000.0,1455000.0,1420000.0,25000.0,60000.0
860000.0,877000.0,875000.0,17000.0,15000.0
575000.0,605000.0,585000.0,30000.0,10000.0
819000.0,830000.0,830000.0,11000.0,11000.0
685000.0,640000.0,642500.0,45000.0,42500.0
600000.0,600000.0,600000.0,0.0,0.0
1338888.0,1399000.0,1395000.0,60112.0,56112.0
380000.0,389000.0,380000.0,9000.0,0.0
1475000.0,1650000.0,1675000.0,175000.0,200000.0
1685000.0,1745000.0,1695000.0,60000.0,10000.0
519000.0,525000.0,530000.0,6000.0,11000.0
4750000.0,4625000.0,4620000.0,125000.0,130000.0
450000.0,475000.0,470000.0,25000.0,20000.0
748000.0,800000.0,775000.0,52000.0,27000.0
765000.0,760000.0,760000.0,5000.0,5000.0
970000.0,920000.0,1000500.0,50000.0,30500.0
1370000.0,1280000.0,1278888.0,90000.0,91112.0
806000.0,799900.0,815000.0,6100.0,9000.0
470000.0,465000.0,470000.0,5000.0,0.0
1260000.0,1320000.0,1360000.0,60000.0,100000.0
559000.0,585000.0,560000.0,26000.0,1000.0
410000.0,415000.0,415000.0,5000.0,5000.0
715000.0,699000.0,695000.0,16000.0,20000.0
632000.0,615000.0,640000.0,17000.0,8000.0
670000.0,652500.0,669000.0,17500.0,1000.0
375000.0,390000.0,360000.0,15000.0,15000.0
835000.0,855000.0,845000.0,20000.0,10000.0
955000.0,1050000.0,1050000.0,95000.0,95000.0
586000.0,565000.0,560000.0,21000.0,26000.0
740000.0,725000.0,759000.0,15000.0,19000.0
495000.0,530000.0,530000.0,35000.0,35000.0
896000.0,825000.0,940000.0,71000.0,44000.0
493300.0,490000.0,490000.0,3300.0,3300.0
1565000.0,1390000.0,1502000.0,175000.0,63000.0
547000.0,485000.0,545000.0,62000.0,2000.0
925000.0,950000.0,952500.0,25000.0,27500.0
540000.0,540000.0,550000.0,0.0,10000.0
680000.0,680000.0,680000.0,0.0,0.0
845000.0,900000.0,899000.0,55000.0,54000.0
1030000.0,1043000.0,1082162.0,13000.0,52162.0
357000.0,360000.0,444900.0,3000.0,87900.0
980000.0,940000.0,975000.0,40000.0,5000.0
409000.0,482545.0,420000.0,73545.0,11000.0
600000.0,571000.0,605000.0,29000.0,5000.0
1480000.0,1530000.0,1488000.0,50000.0,8000.0
960000.0,925000.0,1020000.0,35000.0,60000.0
510000.0,500000.0,510000.0,10000.0,0.0
330000.0,335000.0,325000.0,5000.0,5000.0
375000.0,370500.0,390000.0,4500.0,15000.0
1556000.0,1645000.0,1645000.0,89000.0,89000.0
424990.0,425990.0,427490.0,1000.0,2500.0
310000.0,275000.0,284800.0,35000.0,25200.0
865000.0,870000.0,840000.0,5000.0,25000.0
369000.0,360000.0,379000.0,9000.0,10000.0
1450000.0,1600000.0,1600000.0,150000.0,150000.0
325000.0,337918.0,325000.0,12918.0,0.0
310000.0,280000.0,285000.0,30000.0,25000.0
855000.0,900000.0,905000.0,45000.0,50000.0
544000.0,515000.0,520000.0,29000.0,24000.0
412500.0,415000.0,311000.0,2500.0,101500.0
825000.0,780000.0,803000.0,45000.0,22000.0
685000.0,730000.0,750000.0,45000.0,65000.0
3450000.0,3430000.0,3162500.0,20000.0,287500.0
340000.0,361000.0,385000.0,21000.0,45000.0
1275000.0,1250000.0,1255000.0,25000.0,20000.0
1325000.0,1311000.0,1319000.0,14000.0,6000.0
1185000.0,1275000.0,1210000.0,90000.0,25000.0
349999.0,300000.0,346500.0,49999.0,3499.0
475000.0,495000.0,495000.0,20000.0,20000.0
465000.0,530000.0,500000.0,65000.0,35000.0
2825000.0,2933333.0,2880000.0,108333.0,55000.0
935000.0,956000.0,950000.0,21000.0,15000.0
495000.0,485000.0,490000.0,10000.0,5000.0
560000.0,575000.0,550000.0,15000.0,10000.0
551000.0,549990.0,490000.0,1010.0,61000.0
680000.0,705000.0,710000.0,25000.0,30000.0
569000.0,570000.0,570000.0,1000.0,1000.0
935000.0,925000.0,965000.0,10000.0,30000.0
1068000.0,1125000.0,1125000.0,57000.0,57000.0
1190000.0,1215000.0,1080000.0,25000.0,110000.0
674700.0,715000.0,750000.0,40300.0,75300.0
375000.0,363000.0,379900.0,12000.0,4900.0
1520000.0,1400000.0,1450000.0,120000.0,70000.0
675000.0,650000.0,645000.0,25000.0,30000.0
2049800.0,2075000.0,1942000.0,25200.0,107800.0
765000.0,755000.0,730000.0,10000.0,35000.0
950000.0,970000.0,999000.0,20000.0,49000.0
369900.0,371000.0,364700.0,1100.0,5200.0
1600000.0,1650000.0,1630000.0,50000.0,30000.0
698900.0,699000.0,719990.0,100.0,21090.0
680000.0,681000.0,655000.0,1000.0,25000.0
750000.0,770000.0,780000.0,20000.0,30000.0
1998000.0,1925000.0,1992531.1,73000.0,5468.899999999907
880000.0,850000.0,890000.0,30000.0,10000.0
535000.0,525000.0,550000.0,10000.0,15000.0
815000.0,818000.0,820000.0,3000.0,5000.0
1450000.0,1498000.0,1406100.0,48000.0,43900.0
680000.0,675000.0,746000.0,5000.0,66000.0
2040888.0,1850000.0,1950000.0,190888.0,90888.0
995000.0,1005000.0,980000.0,10000.0,15000.0
399000.0,436000.0,400000.0,37000.0,1000.0
425000.0,440600.0,435000.0,15600.0,10000.0
927000.0,958000.0,939000.0,31000.0,12000.0
625000.0,560000.0,560000.0,65000.0,65000.0
789000.0,789000.0,795000.0,0.0,6000.0
1850000.0,2070000.0,1920000.0,220000.0,70000.0
1070000.0,925000.0,1155000.0,145000.0,85000.0
409000.0,399950.0,385000.0,9050.0,24000.0
1775000.0,1795000.0,1900000.0,20000.0,125000.0
900000.0,950000.0,910000.0,50000.0,10000.0
857000.0,904000.0,855000.0,47000.0,2000.0
980000.0,1015000.0,918000.0,35000.0,62000.0
2575000.0,2555000.0,2530000.0,20000.0,45000.0
1400000.0,1448000.0,1475000.0,48000.0,75000.0
1500000.0,1500000.0,1559000.0,0.0,59000.0
350000.0,350000.0,350000.0,0.0,0.0
4850000.0,4800000.0,4800000.0,50000.0,50000.0
1070000.0,1050000.0,1085800.0,20000.0,15800.0
1350000.0,1725000.0,1420000.0,375000.0,70000.0
1900000.0,1920000.0,1875000.0,20000.0,25000.0
850000.0,810000.0,810000.0,40000.0,40000.0
417000.0,430000.0,399000.0,13000.0,18000.0
2200000.0,2240000.0,2000000.0,40000.0,200000.0
858000.0,860000.0,875000.0,2000.0,17000.0
2925000.0,2700000.0,2850000.0,225000.0,75000.0
2225000.0,2425000.0,2325000.0,200000.0,100000.0
1580000.0,1640000.0,1590000.0,60000.0,10000.0
770000.0,775000.0,780000.0,5000.0,10000.0
550000.0,565000.0,559000.0,15000.0,9000.0
485990.0,502251.0,502758.0,16261.0,16768.0
1895000.0,1965000.0,1800000.0,70000.0,95000.0
720000.0,690000.0,680000.0,30000.0,40000.0
390000.0,415000.0,406000.0,25000.0,16000.0
625000.0,656000.0,639000.0,31000.0,14000.0
2600000.0,2733000.0,2625000.0,133000.0,25000.0
1615000.0,1305000.0,1200000.0,310000.0,415000.0
1175000.0,1175000.0,1165000.0,0.0,10000.0
685000.0,773500.0,749000.0,88500.0,64000.0
305000.0,317500.0,317500.0,12500.0,12500.0
1800000.0,1910000.0,1870000.0,110000.0,70000.0
1400000.0,1200000.0,1250000.0,200000.0,150000.0
420000.0,425000.0,410000.0,5000.0,10000.0
805000.0,799000.0,770000.0,6000.0,35000.0
990000.0,1065000.0,975000.0,75000.0,15000.0
1350000.0,1450000.0,1395000.0,100000.0,45000.0
1365000.0,1289000.0,1289000.0,76000.0,76000.0
489000.0,474575.0,490000.0,14425.0,1000.0
1664400.0,1662000.0,1640000.0,2400.0,24400.0
399950.0,408000.0,380000.0,8050.0,19950.0
310000.0,299900.0,303900.0,10100.0,6100.0
446000.0,456000.0,455000.0,10000.0,9000.0
720000.0,690000.0,685000.0,30000.0,35000.0
1576000.0,1378000.0,1398888.0,198000.0,177112.0
935000.0,940000.0,925000.0,5000.0,10000.0
539894.0,550000.0,540990.0,10106.0,1096.0
455000.0,439000.0,445622.0,16000.0,9378.0
531990.0,530000.0,531109.0,1990.0,881.0
1270000.0,1297000.0,1200000.0,27000.0,70000.0
295000.0,280000.0,307000.0,15000.0,12000.0
1395000.0,1390000.0,1430000.0,5000.0,35000.0
711000.0,720000.0,745000.0,9000.0,34000.0
2000000.0,2189000.0,2100000.0,189000.0,100000.0
3000000.0,2486500.0,2780000.0,513500.0,220000.0
1298000.0,1300000.0,1245000.0,2000.0,53000.0
602000.0,615000.0,617000.0,13000.0,15000.0
1445000.0,1421040.0,1421040.0,23960.0,23960.0
1095000.0,1025000.0,1089000.0,70000.0,6000.0
1220000.0,1125000.0,1090000.0,95000.0,130000.0
1405000.0,1305000.0,1200000.0,100000.0,205000.0
690000.0,655000.0,675000.0,35000.0,15000.0
229900.0,243000.0,235000.0,13100.0,5100.0
2618000.0,2800000.0,2950000.0,182000.0,332000.0
545990.0,548000.0,550000.0,2010.0,4010.0
1597000.0,1599000.0,1535000.0,2000.0,62000.0
1137500.0,1200000.0,1215000.0,62500.0,77500.0
780000.0,780000.0,780000.0,0.0,0.0
490000.0,505000.0,507000.0,15000.0,17000.0
1462450.0,1475000.0,1445000.0,12550.0,17450.0
1295000.0,1288000.0,1350000.0,7000.0,55000.0
1620000.0,1575000.0,1625000.0,45000.0,5000.0
655000.0,625000.0,605000.0,30000.0,50000.0
317600.0,305000.0,295000.0,12600.0,22600.0
460000.0,445000.0,460000.0,15000.0,0.0
948000.0,960000.0,960000.0,12000.0,12000.0
2050000.0,1800000.0,2100000.0,250000.0,50000.0
500000.0,525000.0,430000.0,25000.0,70000.0
731135.0,752925.0,748690.0,21790.0,17555.0
535000.0,550000.0,545000.0,15000.0,10000.0
705000.0,685000.0,692800.0,20000.0,12200.0
1675000.0,1750000.0,1750000.0,75000.0,75000.0
1235000.0,1230000.0,1250000.0,5000.0,15000.0
5300000.0,5800000.0,6000000.0,500000.0,700000.0
1510000.0,1440000.0,1465000.0,70000.0,45000.0
1069999.0,1080000.0,1080000.0,10001.0,10001.0
860000.0,972000.0,972000.0,112000.0,112000.0
300000.0,299000.0,305000.0,1000.0,5000.0
1085000.0,1220000.0,1230000.0,135000.0,145000.0
940000.0,928888.0,917000.0,11112.0,23000.0
500000.0,547000.0,520000.0,47000.0,20000.0
800000.0,780114.0,800000.0,19886.0,0.0
7253200.0,7850000.0,7850000.0,596800.0,596800.0
2200000.0,2000000.0,2207000.0,200000.0,7000.0
1225000.0,1245000.0,1249000.0,20000.0,24000.0
900000.0,900000.0,889000.0,0.0,11000.0
4935000.0,4150000.0,4150000.0,785000.0,785000.0
70000.0,659000.0,659000.0,589000.0,589000.0
390000.0,409000.0,395000.0,19000.0,5000.0
1650000.0,1725000.0,1640000.0,75000.0,10000.0
6500000.0,7025000.0,6750000.0,525000.0,250000.0
1600000.0,1575000.0,1575000.0,25000.0,25000.0
1075000.0,1085000.0,1100000.0,10000.0,25000.0
957000.0,950000.0,955000.0,7000.0,2000.0
515000.0,490000.0,490000.0,25000.0,25000.0
475000.0,530000.0,480000.0,55000.0,5000.0
600000.0,635000.0,619000.0,35000.0,19000.0
690000.0,650000.0,662500.0,40000.0,27500.0
690000.0,635000.0,679000.0,55000.0,11000.0
850000.0,775000.0,750000.0,75000.0,100000.0
680000.0,648900.0,675000.0,31100.0,5000.0
699999.0,700000.0,690000.0,1.0,9999.0
505000.0,515000.0,500000.0,10000.0,5000.0
1100000.0,1124000.0,1025000.0,24000.0,75000.0
1920000.0,1850000.0,1875000.0,70000.0,45000.0
849900.0,870000.0,865000.0,20100.0,15100.0
625000.0,683000.0,620880.0,58000.0,4120.0
1800000.0,1850000.0,1850000.0,50000.0,50000.0
2200000.0,2200888.0,2240000.0,888.0,40000.0
1415000.0,1355000.0,1400000.0,60000.0,15000.0
1950651.0,1970000.0,1882000.0,19349.0,68651.0
1938888.0,1955000.0,1710000.0,16112.0,228888.0
460000.0,440000.0,460000.0,20000.0,0.0
1100000.0,1167000.0,1150000.0,67000.0,50000.0
915000.0,942900.0,942900.0,27900.0,27900.0
940000.0,937500.0,918000.0,2500.0,22000.0
2000000.0,2325000.0,2010000.0,325000.0,10000.0
870000.0,870000.0,890000.0,0.0,20000.0
500000.0,499000.0,495000.0,1000.0,5000.0
910000.0,865000.0,865000.0,45000.0,45000.0
1790000.0,1475000.0,1630000.0,315000.0,160000.0
1099000.0,1370000.0,1365000.0,271000.0,266000.0
830000.0,875000.0,880000.0,45000.0,50000.0
825000.0,837000.0,840000.0,12000.0,15000.0
920000.0,922000.0,900000.0,2000.0,20000.0
1128000.0,1160000.0,1160000.0,32000.0,32000.0
385000.0,390000.0,399500.0,5000.0,14500.0
1200000.0,1126000.0,1150000.0,74000.0,50000.0
7480000.0,6937350.0,6937350.0,542650.0,542650.0
1299000.0,1368000.0,1150000.0,69000.0,149000.0
900000.0,950000.0,950000.0,50000.0,50000.0
640000.0,615000.0,650000.0,25000.0,10000.0
228000.0,250000.0,245000.0,22000.0,17000.0
740000.0,788000.0,790000.0,48000.0,50000.0
515000.0,499900.0,499900.0,15100.0,15100.0
970000.0,955000.0,955000.0,15000.0,15000.0
1355000.0,1250000.0,1350000.0,105000.0,5000.0
1175155.0,1200000.0,1200000.0,24845.0,24845.0
651000.0,635000.0,639888.0,16000.0,11112.0
1120000.0,1150000.0,1100000.0,30000.0,20000.0
1650000.0,1685000.0,1830000.0,35000.0,180000.0
1500000.0,1555000.0,1525000.0,55000.0,25000.0
765000.0,763000.0,790000.0,2000.0,25000.0
1125000.0,990000.0,1099999.0,135000.0,25001.0
1565000.0,1485000.0,1525000.0,80000.0,40000.0
834000.0,850000.0,820000.0,16000.0,14000.0
465000.0,464000.0,460000.0,1000.0,5000.0
1141000.0,1120000.0,1139000.0,21000.0,2000.0
1600000.0,2025000.0,1825000.0,425000.0,225000.0
620000.0,615000.0,588000.0,5000.0,32000.0
550000.0,590000.0,590000.0,40000.0,40000.0
3800000.0,3803117.0,3975000.0,3117.0,175000.0
425000.0,435000.0,435000.0,10000.0,10000.0
355000.0,345000.0,355000.0,10000.0,0.0
1749900.0,1650000.0,1675000.0,99900.0,74900.0
860000.0,857000.0,845000.0,3000.0,15000.0
1325000.0,1375000.0,1295000.0,50000.0,30000.0
860000.0,899000.0,925000.0,39000.0,65000.0
1580000.0,1600000.0,1685000.0,20000.0,105000.0
1400000.0,1420000.0,1340000.0,20000.0,60000.0
1175000.0,1137500.0,1185000.0,37500.0,10000.0
385000.0,395000.0,380000.0,10000.0,5000.0
1530000.0,1510000.0,1549000.0,20000.0,19000.0
1525000.0,1530000.0,1488000.0,5000.0,37000.0
2183000.0,2055000.0,2419000.0,128000.0,236000.0
439000.0,400000.0,400000.0,39000.0,39000.0
1088000.0,1149000.0,1025000.0,61000.0,63000.0
4965000.0,4903765.0,4965000.0,61235.0,0.0
1300000.0,1337000.0,1337000.0,37000.0,37000.0
720000.0,711000.0,755000.0,9000.0,35000.0
859500.0,785000.0,850000.0,74500.0,9500.0
3334475.0,4200000.0,4120000.0,865525.0,785525.0
1075000.0,1050000.0,1100000.0,25000.0,25000.0
740000.0,755000.0,755000.0,15000.0,15000.0
2004000.0,2100000.0,2100000.0,96000.0,96000.0
2750000.0,2850000.0,2850000.0,100000.0,100000.0
2650000.0,2695000.0,2700000.0,45000.0,50000.0
1625000.0,1658337.0,1500000.0,33337.0,125000.0
1625000.0,1830000.0,1842000.0,205000.0,217000.0
790000.0,830000.0,740000.0,40000.0,50000.0
1515000.0,1535000.0,1475000.0,20000.0,40000.0
708000.0,705000.0,690000.0,3000.0,18000.0
350000.0,355000.0,378900.0,5000.0,28900.0
420000.0,427500.0,415000.0,7500.0,5000.0
635990.0,645000.0,629990.0,9010.0,6000.0
615000.0,579000.0,585000.0,36000.0,30000.0
2950000.0,3750000.0,3400000.0,800000.0,450000.0
782400.0,799000.0,770000.0,16600.0,12400.0
825000.0,1030000.0,790000.0,205000.0,35000.0
840000.0,835000.0,840000.0,5000.0,0.0
525000.0,532000.0,520000.0,7000.0,5000.0
1340000.0,1375000.0,1430000.0,35000.0,90000.0
460000.0,470000.0,455000.0,10000.0,5000.0
945000.0,922500.0,1030000.0,22500.0,85000.0
2051282.0,1822000.0,1800000.0,229282.0,251282.0
574900.0,571500.0,610000.0,3400.0,35100.0
465000.0,479000.0,479000.0,14000.0,14000.0
760000.0,745000.0,755000.0,15000.0,5000.0
1050000.0,1100000.0,1036000.0,50000.0,14000.0
1132142.0,1100000.0,1100000.0,32142.0,32142.0
670000.0,680000.0,655000.0,10000.0,15000.0
2250000.0,2225000.0,2250000.0,25000.0,0.0
1415000.0,1423000.0,1492000.0,8000.0,77000.0
560000.0,575000.0,570000.0,15000.0,10000.0
1100000.0,1180000.0,1105000.0,80000.0,5000.0
240000.0,255000.0,240000.0,15000.0,0.0
1825000.0,1744000.0,1845000.0,81000.0,20000.0
1630000.0,1599000.0,1600000.0,31000.0,30000.0
445000.0,545000.0,515000.0,100000.0,70000.0
3200000.0,3000000.0,3175000.0,200000.0,25000.0
510000.0,512000.0,520000.0,2000.0,10000.0
500000.0,480000.0,505000.0,20000.0,5000.0
1025000.0,1029000.0,1030000.0,4000.0,5000.0
720000.0,740000.0,765000.0,20000.0,45000.0
570000.0,605000.0,570000.0,35000.0,0.0
360000.0,385000.0,375000.0,25000.0,15000.0
2838888.0,2975000.0,2750000.0,136112.0,88888.0
2830000.0,2950000.0,2950000.0,120000.0,120000.0
810000.0,774999.0,775000.0,35001.0,35000.0
639000.0,620000.0,632000.0,19000.0,7000.0
465000.0,500000.0,515000.0,35000.0,50000.0
870000.0,905000.0,960000.0,35000.0,90000.0
1295000.0,1253000.0,1200000.0,42000.0,95000.0
1120000.0,1119990.0,1119990.0,10.0,10.0
180000.0,290000.0,300000.0,110000.0,120000.0
1300000.0,1300000.0,1250000.0,0.0,50000.0
1515000.0,1517609.0,1530000.0,2609.0,15000.0
1110000.0,1050000.0,1050000.0,60000.0,60000.0
772500.0,785000.0,770000.0,12500.0,2500.0
1999995.0,1800000.0,1900000.0,199995.0,99995.0
1771500.0,1910000.0,1900000.0,138500.0,128500.0
1110000.0,1075000.0,1075000.0,35000.0,35000.0
1320000.0,1395000.0,1350000.0,75000.0,30000.0
970000.0,970000.0,975000.0,0.0,5000.0
615000.0,615000.0,624460.0,0.0,9460.0
2290000.0,2360000.0,2402500.0,70000.0,112500.0
4685000.0,4750000.0,4750000.0,65000.0,65000.0
795000.0,760000.0,760000.0,35000.0,35000.0
680000.0,650000.0,679000.0,30000.0,1000.0
1200000.0,1200000.0,1215000.0,0.0,15000.0
915000.0,949000.0,935000.0,34000.0,20000.0
1437000.0,1360000.0,1400000.0,77000.0,37000.0
530000.0,519990.0,520000.0,10010.0,10000.0
504490.0,505701.0,502260.0,1211.0,2230.0
1750000.0,1950000.0,2060000.0,200000.0,310000.0
1650000.0,1675000.0,1700000.0,25000.0,50000.0
750000.0,740000.0,745000.0,10000.0,5000.0
490000.0,489000.0,489000.0,1000.0,1000.0
617490.0,615000.0,619000.0,2490.0,1510.0
1100000.0,1119000.0,1035000.0,19000.0,65000.0
1580000.0,1550000.0,1608750.0,30000.0,28750.0
291500.0,275000.0,300200.0,16500.0,8700.0
1360000.0,1300000.0,1280000.0,60000.0,80000.0
441000.0,480000.0,470000.0,39000.0,29000.0
864000.0,922000.0,900000.0,58000.0,36000.0
582500.0,571500.0,569900.0,11000.0,12600.0
4000000.0,4300000.0,4005000.0,300000.0,5000.0
185000.0,170000.0,213500.0,15000.0,28500.0
2100000.0,2350000.0,2275000.0,250000.0,175000.0
950000.0,1060000.0,1060000.0,110000.0,110000.0
700000.0,727000.0,725000.0,27000.0,25000.0
249999.0,260000.0,257500.0,10001.0,7501.0
800000.0,821000.0,780000.0,21000.0,20000.0
565000.0,520000.0,527000.0,45000.0,38000.0
450000.0,479000.0,480000.0,29000.0,30000.0
799000.0,780975.0,775000.0,18025.0,24000.0
2100000.0,2625000.0,2625000.0,525000.0,525000.0
355000.0,346500.0,318000.0,8500.0,37000.0
702000.0,670000.0,731000.0,32000.0,29000.0
649990.0,650990.0,650990.0,1000.0,1000.0
857000.0,830000.0,840000.0,27000.0,17000.0
665230.0,650990.0,650990.0,14240.0,14240.0
610000.0,625000.0,630000.0,15000.0,20000.0
738039.0,801165.0,801165.0,63126.0,63126.0
880000.0,800000.0,800000.0,80000.0,80000.0
760000.0,765000.0,760000.0,5000.0,0.0
1550000.0,1515000.0,1578000.0,35000.0,28000.0
2340000.0,2400000.0,2450000.0,60000.0,110000.0
435000.0,425000.0,415000.0,10000.0,20000.0
450000.0,450000.0,450000.0,0.0,0.0
745000.0,750000.0,750000.0,5000.0,5000.0
1255000.0,1275000.0,1250000.0,20000.0,5000.0
280000.0,285000.0,297500.0,5000.0,17500.0
1140000.0,1148000.0,1148000.0,8000.0,8000.0
311000.0,299000.0,270000.0,12000.0,41000.0
1230000.0,1305000.0,1245000.0,75000.0,15000.0
715000.0,693990.0,667000.0,21010.0,48000.0
1828000.0,1790000.0,1850000.0,38000.0,22000.0
1150000.0,1145000.0,1150000.0,5000.0,0.0
998000.0,950000.0,939000.0,48000.0,59000.0
399000.0,405000.0,409000.0,6000.0,10000.0
1094000.0,1030000.0,1040000.0,64000.0,54000.0
1140000.0,1140000.0,1160000.0,0.0,20000.0
540000.0,560000.0,560000.0,20000.0,20000.0
695990.0,736330.0,739000.0,40340.0,43010.0
1915000.0,1937500.0,1920000.0,22500.0,5000.0
370000.0,390000.0,412000.0,20000.0,42000.0
1042000.0,1050000.0,1050000.0,8000.0,8000.0
861000.0,820000.0,839000.0,41000.0,22000.0
474479.0,475000.0,474770.0,521.0,291.0
810000.0,799999.0,815000.0,10001.0,5000.0
950000.0,935000.0,939000.0,15000.0,11000.0
1655000.0,1700000.0,1720000.0,45000.0,65000.0
750000.0,750000.0,740000.0,0.0,10000.0
1879000.0,1800000.0,1790000.0,79000.0,89000.0
1400000.0,1350000.0,1560000.0,50000.0,160000.0
1285000.0,1626333.0,1580000.0,341333.0,295000.0
925000.0,905000.0,905000.0,20000.0,20000.0
1363750.0,1870000.0,1625000.0,506250.0,261250.0
1800000.0,1800000.0,1850000.0,0.0,50000.0
935000.0,941000.0,938000.0,6000.0,3000.0
947500.0,935000.0,950000.0,12500.0,2500.0
517090.0,500000.0,500000.0,17090.0,17090.0
1265000.0,1250000.0,1265000.0,15000.0,0.0
1585000.0,1625000.0,1620000.0,40000.0,35000.0
1200000.0,1125000.0,1150000.0,75000.0,50000.0
540000.0,565000.0,565000.0,25000.0,25000.0
612000.0,615000.0,615000.0,3000.0,3000.0
1800000.0,2050000.0,2100000.0,250000.0,300000.0
925000.0,925000.0,936805.0,0.0,11805.0
645000.0,635500.0,600000.0,9500.0,45000.0
1050000.0,1128800.0,1150000.0,78800.0,100000.0
745000.0,729000.0,700000.0,16000.0,45000.0
1125000.0,1150000.0,1100000.0,25000.0,25000.0
885000.0,885000.0,910000.0,0.0,25000.0
850000.0,865000.0,875000.0,15000.0,25000.0
760000.0,700000.0,710000.0,60000.0,50000.0
880000.0,860000.0,860000.0,20000.0,20000.0
1425000.0,1395000.0,1300000.0,30000.0,125000.0
1315000.0,1250000.0,1200000.0,65000.0,115000.0
676300.0,660000.0,670000.0,16300.0,6300.0
1500000.0,1730000.0,1625000.0,230000.0,125000.0
1025000.0,1050000.0,1050000.0,25000.0,25000.0
980000.0,940000.0,965000.0,40000.0,15000.0
675000.0,685000.0,730000.0,10000.0,55000.0
4925000.0,4875000.0,4575000.0,50000.0,350000.0
1404000.0,1175000.0,1425000.0,229000.0,21000.0
710000.0,740000.0,710500.0,30000.0,500.0
1825000.0,1848000.0,1800000.0,23000.0,25000.0
819000.0,820000.0,865000.0,1000.0,46000.0
449000.0,410000.0,385000.0,39000.0,64000.0
915000.0,892000.0,895000.0,23000.0,20000.0
5000000.0,5300000.0,5300000.0,300000.0,300000.0
790000.0,797000.0,820000.0,7000.0,30000.0
1075000.0,1200000.0,1031815.0,125000.0,43185.0
311000.0,320000.0,339000.0,9000.0,28000.0
1850000.0,1610000.0,1900000.0,240000.0,50000.0
365000.0,365000.0,350000.0,0.0,15000.0
1225000.0,1249000.0,1225000.0,24000.0,0.0
432607.0,435000.0,436983.0,2393.0,4376.0
633000.0,652000.0,645990.0,19000.0,12990.0
875000.0,899000.0,845000.0,24000.0,30000.0
650000.0,675000.0,705000.0,25000.0,55000.0
1865000.0,1875000.0,1875000.0,10000.0,10000.0
753000.0,750000.0,750000.0,3000.0,3000.0
508946.0,512990.0,514000.0,4044.0,5054.0
2735000.0,2760105.0,2635000.0,25105.0,100000.0
1313000.0,1300000.0,1340000.0,13000.0,27000.0
1074990.0,1075000.0,1000000.0,10.0,74990.0
1687500.0,1800000.0,1780000.0,112500.0,92500.0
900000.0,925000.0,925000.0,25000.0,25000.0
285000.0,280000.0,284900.0,5000.0,100.0
958000.0,928000.0,958000.0,30000.0,0.0
989000.0,998000.0,1005000.0,9000.0,16000.0
685000.0,660000.0,670000.0,25000.0,15000.0
683500.0,680990.0,695000.0,2510.0,11500.0
255000.0,269900.0,280000.0,14900.0,25000.0
1200000.0,1350000.0,1250000.0,150000.0,50000.0
1260000.0,1225000.0,1225000.0,35000.0,35000.0
520000.0,620000.0,620000.0,100000.0,100000.0
1155000.0,1067000.0,1150000.0,88000.0,5000.0
370000.0,435000.0,440000.0,65000.0,70000.0
1306000.0,1444000.0,1400000.0,138000.0,94000.0
1399990.0,1290000.0,1385000.0,109990.0,14990.0
390000.0,430000.0,381000.0,40000.0,9000.0
519000.0,505000.0,520000.0,14000.0,1000.0
1300000.0,1150000.0,1321575.0,150000.0,21575.0
2299000.0,2279000.0,2279000.0,20000.0,20000.0
709559.0,671990.0,695000.0,37569.0,14559.0
3500000.0,3800000.0,3800000.0,300000.0,300000.0
365000.0,350000.0,360000.0,15000.0,5000.0
775000.0,770000.0,720000.0,5000.0,55000.0
2300000.0,2580000.0,2665000.0,280000.0,365000.0
925000.0,950000.0,970000.0,25000.0,45000.0
640000.0,650000.0,690000.0,10000.0,50000.0
1355000.0,1350000.0,1300000.0,5000.0,55000.0
686000.0,735000.0,615000.0,49000.0,71000.0
588000.0,600000.0,600000.0,12000.0,12000.0
710000.0,792000.0,800000.0,82000.0,90000.0
2585000.0,2640295.0,2555000.0,55295.0,30000.0
2050000.0,2050000.0,2020000.0,0.0,30000.0
530000.0,525000.0,529000.0,5000.0,1000.0
600000.0,595000.0,625000.0,5000.0,25000.0
375000.0,395000.0,382000.0,20000.0,7000.0
507000.0,499900.0,499000.0,7100.0,8000.0
2400000.0,2380000.0,2510000.0,20000.0,110000.0
690000.0,710000.0,700000.0,20000.0,10000.0
3000000.0,3080000.0,3025000.0,80000.0,25000.0
720000.0,699000.0,699888.0,21000.0,20112.0
425000.0,380000.0,405000.0,45000.0,20000.0
1225000.0,1195000.0,1180000.0,30000.0,45000.0
1499000.0,1635888.0,1635888.0,136888.0,136888.0
630000.0,670000.0,602000.0,40000.0,28000.0
610000.0,595000.0,575000.0,15000.0,35000.0
930000.0,929000.0,900000.0,1000.0,30000.0
2170000.0,1750000.0,1805000.0,420000.0,365000.0
1485000.0,1350000.0,1450000.0,135000.0,35000.0
1800000.0,1810000.0,1810000.0,10000.0,10000.0
660000.0,680900.0,676000.0,20900.0,16000.0
395000.0,360000.0,350000.0,35000.0,45000.0
2200000.0,2200000.0,2114000.0,0.0,86000.0
420000.0,426511.0,426511.0,6511.0,6511.0
1375000.0,1445000.0,1475000.0,70000.0,100000.0
390000.0,380000.0,360000.0,10000.0,30000.0
3050000.0,3060000.0,3265000.0,10000.0,215000.0
465000.0,465000.0,443000.0,0.0,22000.0
730000.0,700000.0,740000.0,30000.0,10000.0
765000.0,755000.0,795000.0,10000.0,30000.0
603400.0,610000.0,610000.0,6600.0,6600.0
470000.0,420000.0,420000.0,50000.0,50000.0
2350000.0,2500000.0,2600000.0,150000.0,250000.0
5810000.0,5094375.0,5995000.0,715625.0,185000.0
1415000.0,1225000.0,1585000.0,190000.0,170000.0
467333.0,475000.0,472000.0,7667.0,4667.0
9500000.0,8750000.0,8750000.0,750000.0,750000.0
550000.0,650000.0,650000.0,100000.0,100000.0
870000.0,915000.0,935000.0,45000.0,65000.0
509000.0,490000.0,506500.0,19000.0,2500.0
8650000.0,7976500.0,8550000.0,673500.0,100000.0
1715000.0,1715000.0,1800000.0,0.0,85000.0
735000.0,750000.0,739900.0,15000.0,4900.0
710000.0,700000.0,740000.0,10000.0,30000.0
820000.0,815000.0,780000.0,5000.0,40000.0
494000.0,499000.0,495000.0,5000.0,1000.0
650000.0,625000.0,625000.0,25000.0,25000.0
693000.0,825000.0,850000.0,132000.0,157000.0
1575000.0,1575000.0,1515000.0,0.0,60000.0
699950.0,705000.0,725000.0,5050.0,25050.0
835000.0,850000.0,840000.0,15000.0,5000.0
329000.0,310000.0,270000.0,19000.0,59000.0
330000.0,330000.0,320000.0,0.0,10000.0
850000.0,925000.0,912000.0,75000.0,62000.0
1848000.0,1891500.0,1969000.0,43500.0,121000.0
367500.0,370000.0,385000.0,2500.0,17500.0
835000.0,885000.0,840000.0,50000.0,5000.0
1485000.0,1525000.0,1585000.0,40000.0,100000.0
690000.0,680000.0,684000.0,10000.0,6000.0
1090000.0,1100000.0,1140000.0,10000.0,50000.0
1190000.0,1180000.0,1189000.0,10000.0,1000.0
1400000.0,1495000.0,1550000.0,95000.0,150000.0
400000.0,377000.0,405000.0,23000.0,5000.0
353000.0,340000.0,340000.0,13000.0,13000.0
876500.0,900000.0,880000.0,23500.0,3500.0
3675000.0,3400000.0,3520000.0,275000.0,155000.0
1495000.0,1510000.0,1510000.0,15000.0,15000.0
825000.0,815000.0,810990.0,10000.0,14010.0
800000.0,820000.0,806000.0,20000.0,6000.0
2100000.0,1785000.0,1835000.0,315000.0,265000.0
408000.0,405000.0,410000.0,3000.0,2000.0
2000000.0,2200000.0,2125000.0,200000.0,125000.0
1000000.0,1117000.0,1200000.0,117000.0,200000.0
663000.0,658000.0,642500.0,5000.0,20500.0
1600000.0,1630000.0,1700000.0,30000.0,100000.0
2000000.0,1800000.0,2300000.0,200000.0,300000.0
2467000.0,2565000.0,2580000.0,98000.0,113000.0
1700000.0,1715000.0,1695000.0,15000.0,5000.0
2550000.0,2577900.0,2400000.0,27900.0,150000.0
3915000.0,4250000.0,4250000.0,335000.0,335000.0
831000.0,840000.0,871000.0,9000.0,40000.0
2750000.0,2769000.0,2600000.0,19000.0,150000.0
1800000.0,1750000.0,1800000.0,50000.0,0.0
680000.0,675000.0,680000.0,5000.0,0.0
925000.0,942500.0,910000.0,17500.0,15000.0
960000.0,1015000.0,965000.0,55000.0,5000.0
500000.0,490000.0,500000.0,10000.0,0.0
850000.0,878000.0,819900.0,28000.0,30100.0
737500.0,800000.0,750000.0,62500.0,12500.0
756000.0,749000.0,749000.0,7000.0,7000.0
715000.0,715000.0,715000.0,0.0,0.0
485000.0,480000.0,490000.0,5000.0,5000.0
1200000.0,1275000.0,1200000.0,75000.0,0.0
570000.0,565000.0,574000.0,5000.0,4000.0
2800000.0,2823500.0,2730000.0,23500.0,70000.0
465000.0,475000.0,499000.0,10000.0,34000.0
4100000.0,4500000.0,3900000.0,400000.0,200000.0
1663000.0,1900000.0,1750000.0,237000.0,87000.0
699900.0,699900.0,688000.0,0.0,11900.0
530000.0,555000.0,555000.0,25000.0,25000.0
1995000.0,1927000.0,1950000.0,68000.0,45000.0
509900.0,510000.0,509000.0,100.0,900.0
7164000.0,6175000.0,6175000.0,989000.0,989000.0
749000.0,725000.0,754000.0,24000.0,5000.0
749000.0,749000.0,749000.0,0.0,0.0
1200000.0,1200000.0,1200000.0,0.0,0.0
1520000.0,1425000.0,1510000.0,95000.0,10000.0
585000.0,575000.0,580000.0,10000.0,5000.0
2450000.0,2501000.0,2415000.0,51000.0,35000.0
810000.0,815000.0,795000.0,5000.0,15000.0
1400000.0,1440000.0,1400000.0,40000.0,0.0
890000.0,900000.0,900000.0,10000.0,10000.0
1018000.0,1110000.0,1095000.0,92000.0,77000.0
1000000.0,900000.0,1080000.0,100000.0,80000.0
1062500.0,1050000.0,1095000.0,12500.0,32500.0
945000.0,940000.0,1000000.0,5000.0,55000.0
440000.0,470000.0,445000.0,30000.0,5000.0
2345000.0,2395000.0,2300000.0,50000.0,45000.0
575000.0,575000.0,540000.0,0.0,35000.0
2010000.0,2470000.0,2400000.0,460000.0,390000.0
780000.0,829000.0,685000.0,49000.0,95000.0
725000.0,707000.0,730000.0,18000.0,5000.0
575000.0,580000.0,580000.0,5000.0,5000.0
1130000.0,1238100.0,1238100.0,108100.0,108100.0
1727500.0,1725000.0,1676000.0,2500.0,51500.0
539000.0,550000.0,530000.0,11000.0,9000.0
610000.0,620000.0,620000.0,10000.0,10000.0
1150000.0,1150000.0,1150000.0,0.0,0.0
1988000.0,1990000.0,2040000.0,2000.0,52000.0
1855000.0,1960165.0,1850000.0,105165.0,5000.0
2870000.0,2850000.0,2850000.0,20000.0,20000.0
978000.0,988000.0,998000.0,10000.0,20000.0
258500.0,255000.0,255000.0,3500.0,3500.0
657990.0,669780.0,660000.0,11790.0,2010.0
345000.0,349000.0,345000.0,4000.0,0.0
876000.0,836000.0,860000.0,40000.0,16000.0
549000.0,549000.0,576000.0,0.0,27000.0
849000.0,850000.0,750000.0,1000.0,99000.0
745000.0,749900.0,754000.0,4900.0,9000.0
385000.0,380000.0,380000.0,5000.0,5000.0
645500.0,641500.0,500000.0,4000.0,145500.0
1275000.0,1206000.0,1035000.0,69000.0,240000.0
1342000.0,1337000.0,1326900.0,5000.0,15100.0
1380000.0,1440000.0,1450000.0,60000.0,70000.0
400000.0,540000.0,595000.0,140000.0,195000.0
325000.0,332500.0,315000.0,7500.0,10000.0
1100000.0,1030000.0,1200000.0,70000.0,100000.0
533000.0,525000.0,535000.0,8000.0,2000.0
910000.0,930000.0,925000.0,20000.0,15000.0
1584000.0,1600000.0,1600000.0,16000.0,16000.0
772500.0,785000.0,765000.0,12500.0,7500.0
279000.0,279000.0,279000.0,0.0,0.0
1600000.0,1760000.0,1710000.0,160000.0,110000.0
656000.0,655000.0,675000.0,1000.0,19000.0
380000.0,395000.0,373800.0,15000.0,6200.0
590000.0,580000.0,580000.0,10000.0,10000.0
10950000.0,10400000.0,10400000.0,550000.0,550000.0
869500.0,878000.0,865000.0,8500.0,4500.0
325000.0,319000.0,320000.0,6000.0,5000.0
1450000.0,1590000.0,1600000.0,140000.0,150000.0
689000.0,689000.0,689900.0,0.0,900.0
494190.0,505701.0,499990.0,11511.0,5800.0
2963000.0,2850000.0,2800000.0,113000.0,163000.0
1565000.0,1765000.0,2317000.0,200000.0,752000.0
2350000.0,2270000.0,2270000.0,80000.0,80000.0
644000.0,680000.0,650000.0,36000.0,6000.0
2200000.0,2200000.0,2250000.0,0.0,50000.0
225000.0,185000.0,195000.0,40000.0,30000.0
725000.0,725000.0,735000.0,0.0,10000.0
1700000.0,1755000.0,1755000.0,55000.0,55000.0
1975000.0,1950000.0,1750000.0,25000.0,225000.0
1520000.0,1765000.0,1662500.0,245000.0,142500.0
533000.0,500000.0,524000.0,33000.0,9000.0
675000.0,690000.0,782500.0,15000.0,107500.0
370000.0,418950.0,436000.0,48950.0,66000.0
575000.0,475000.0,475000.0,100000.0,100000.0
4600000.0,4575000.0,4675000.0,25000.0,75000.0
320000.0,336000.0,336000.0,16000.0,16000.0
850000.0,875000.0,875000.0,25000.0,25000.0
700000.0,702000.0,735000.0,2000.0,35000.0
2000000.0,2385000.0,2385000.0,385000.0,385000.0
620000.0,785000.0,785000.0,165000.0,165000.0
1015000.0,1000000.0,1010000.0,15000.0,5000.0
630000.0,667000.0,660000.0,37000.0,30000.0
800000.0,780000.0,725000.0,20000.0,75000.0
1399000.0,1375000.0,1350000.0,24000.0,49000.0
1050000.0,1000000.0,1025000.0,50000.0,25000.0
965000.0,974000.0,967500.0,9000.0,2500.0
1310000.0,1175000.0,1150000.0,135000.0,160000.0
4484000.0,4600000.0,4550000.0,116000.0,66000.0
684990.0,695000.0,650000.0,10010.0,34990.0
1685000.0,1675000.0,1750000.0,10000.0,65000.0
8000000.0,8700000.0,8900000.0,700000.0,900000.0
925000.0,850000.0,750000.0,75000.0,175000.0
910000.0,900000.0,900000.0,10000.0,10000.0
3000000.0,3550000.0,3475000.0,550000.0,475000.0
1020000.0,1060000.0,1110000.0,40000.0,90000.0
1380000.0,1360000.0,1350000.0,20000.0,30000.0
1095000.0,1100000.0,1040000.0,5000.0,55000.0
513000.0,500000.0,490000.0,13000.0,23000.0
600000.0,580000.0,600000.0,20000.0,0.0
545000.0,535000.0,532900.0,10000.0,12100.0
1150000.0,1125000.0,1150000.0,25000.0,0.0
935000.0,925000.0,956000.0,10000.0,21000.0
645000.0,646490.0,635000.0,1490.0,10000.0
1476500.0,1688000.0,1525000.0,211500.0,48500.0
1250000.0,1305000.0,1300000.0,55000.0,50000.0
1025000.0,980000.0,1045000.0,45000.0,20000.0
449000.0,443000.0,450000.0,6000.0,1000.0
2100000.0,2111000.0,2050000.0,11000.0,50000.0
2700000.0,3200000.0,2900000.0,500000.0,200000.0
6725000.0,6750000.0,6850000.0,25000.0,125000.0
720000.0,675000.0,735000.0,45000.0,15000.0
1300000.0,1320000.0,1502500.0,20000.0,202500.0
2215000.0,2500000.0,2380000.0,285000.0,165000.0
3416000.0,3575000.0,3575000.0,159000.0,159000.0
630000.0,620000.0,639990.0,10000.0,9990.0
355000.0,350000.0,320000.0,5000.0,35000.0
668000.0,700000.0,700000.0,32000.0,32000.0
670000.0,675000.0,690000.0,5000.0,20000.0
790000.0,750000.0,750000.0,40000.0,40000.0
560000.0,540000.0,538000.0,20000.0,22000.0
500000.0,500000.0,515000.0,0.0,15000.0
500000.0,429000.0,410000.0,71000.0,90000.0
479000.0,479000.0,479000.0,0.0,0.0
700000.0,720000.0,730000.0,20000.0,30000.0
550000.0,550000.0,510000.0,0.0,40000.0
1600000.0,1784500.0,1600000.0,184500.0,0.0
300000.0,299000.0,300000.0,1000.0,0.0
1200000.0,1365000.0,1365000.0,165000.0,165000.0
840000.0,880000.0,875000.0,40000.0,35000.0
2600000.0,4060000.0,3600000.0,1460000.0,1000000.0
1415000.0,1540000.0,1435000.0,125000.0,20000.0
1040000.0,1100000.0,1080000.0,60000.0,40000.0
6700000.0,6430000.0,6430000.0,270000.0,270000.0
2610000.0,2610000.0,3250000.0,0.0,640000.0
785000.0,780000.0,785000.0,5000.0,0.0
1550000.0,1510000.0,1565000.0,40000.0,15000.0
728000.0,725000.0,725000.0,3000.0,3000.0
2512000.0,2375000.0,2270000.0,137000.0,242000.0
834000.0,862000.0,820000.0,28000.0,14000.0
1215000.0,1330000.0,1330000.0,115000.0,115000.0
837000.0,859000.0,842000.0,22000.0,5000.0
655000.0,685000.0,643900.0,30000.0,11100.0
635000.0,610000.0,615000.0,25000.0,20000.0
400000.0,435000.0,469000.0,35000.0,69000.0
1224000.0,1200000.0,1155000.0,24000.0,69000.0
1152000.0,1165000.0,1160000.0,13000.0,8000.0
310000.0,327000.0,305000.0,17000.0,5000.0
529000.0,540000.0,535000.0,11000.0,6000.0
535000.0,560000.0,570000.0,25000.0,35000.0
440000.0,435000.0,440000.0,5000.0,0.0
5000000.0,5000000.0,4825000.0,0.0,175000.0
1750000.0,1700000.0,1700000.0,50000.0,50000.0
350550.0,350000.0,345000.0,550.0,5550.0
780000.0,768825.0,770000.0,11175.0,10000.0
835000.0,865000.0,870000.0,30000.0,35000.0
1520000.0,1530000.0,1510000.0,10000.0,10000.0
1801174.0,1775000.0,1700000.0,26174.0,101174.0
750000.0,685000.0,699000.0,65000.0,51000.0
575000.0,590000.0,580000.0,15000.0,5000.0
490000.0,525000.0,500000.0,35000.0,10000.0
683000.0,690090.0,676000.0,7090.0,7000.0
1025000.0,999000.0,999000.0,26000.0,26000.0
702000.0,670000.0,761000.0,32000.0,59000.0
1060000.0,850000.0,850000.0,210000.0,210000.0
940000.0,976000.0,960000.0,36000.0,20000.0
1640000.0,1649000.0,1660000.0,9000.0,20000.0
819990.0,830000.0,825000.0,10010.0,5010.0
2250000.0,2395000.0,2395000.0,145000.0,145000.0
885000.0,922500.0,930000.0,37500.0,45000.0
1597000.0,1670000.0,1575000.0,73000.0,22000.0
760000.0,780000.0,780000.0,20000.0,20000.0
595000.0,575000.0,580000.0,20000.0,15000.0
755000.0,765000.0,751000.0,10000.0,4000.0
565000.0,569900.0,579000.0,4900.0,14000.0
425000.0,455000.0,495000.0,30000.0,70000.0
4800000.0,4900000.0,4900000.0,100000.0,100000.0
900000.0,935000.0,875000.0,35000.0,25000.0
1249999.0,1295000.0,1295000.0,45001.0,45001.0
1425000.0,1350000.0,1400000.0,75000.0,25000.0
1300000.0,1155000.0,1199000.0,145000.0,101000.0
1213000.0,1250000.0,1425000.0,37000.0,212000.0
2299950.0,2918000.0,2425000.0,618050.0,125050.0
415000.0,400000.0,400000.0,15000.0,15000.0
835000.0,856157.0,870000.0,21157.0,35000.0
680000.0,720000.0,705000.0,40000.0,25000.0
563000.0,450000.0,450000.0,113000.0,113000.0
1885000.0,1800000.0,1850000.0,85000.0,35000.0
850000.0,860000.0,813000.0,10000.0,37000.0
745000.0,735000.0,735000.0,10000.0,10000.0
1625000.0,1450000.0,1770000.0,175000.0,145000.0
5700000.0,5500000.0,5500000.0,200000.0,200000.0
970000.0,905000.0,935000.0,65000.0,35000.0
610000.0,580000.0,635000.0,30000.0,25000.0
725000.0,685000.0,655000.0,40000.0,70000.0
1800000.0,1795000.0,1685000.0,5000.0,115000.0
85000.0,79500.0,75116.0,5500.0,9884.0
1825000.0,1870000.0,1875000.0,45000.0,50000.0
2150000.0,2120000.0,2095000.0,30000.0,55000.0
640000.0,650000.0,643500.0,10000.0,3500.0
905000.0,949000.0,980000.0,44000.0,75000.0
795000.0,799000.0,799000.0,4000.0,4000.0
377000.0,379500.0,378900.0,2500.0,1900.0
660000.0,500000.0,658000.0,160000.0,2000.0
1010000.0,1287600.0,1300000.0,277600.0,290000.0
622000.0,590000.0,590000.0,32000.0,32000.0
859000.0,863000.0,865000.0,4000.0,6000.0
565000.0,565000.0,559000.0,0.0,6000.0
1700000.0,1800000.0,1750000.0,100000.0,50000.0
1699000.0,1699000.0,1650000.0,0.0,49000.0
550000.0,486000.0,535000.0,64000.0,15000.0
532000.0,529000.0,540000.0,3000.0,8000.0
1420000.0,1350000.0,1459000.0,70000.0,39000.0
3580000.0,3820000.0,3600000.0,240000.0,20000.0
1649900.0,1625000.0,1724000.0,24900.0,74100.0
1150000.0,1269000.0,1269000.0,119000.0,119000.0
20000000.0,20000000.0,20000000.0,0.0,0.0
470000.0,490000.0,490000.0,20000.0,20000.0
1810000.0,1875000.0,2100000.0,65000.0,290000.0
575000.0,580000.0,575000.0,5000.0,0.0
875000.0,885000.0,878000.0,10000.0,3000.0
635000.0,625000.0,630000.0,10000.0,5000.0
9850000.0,11300000.0,12050000.0,1450000.0,2200000.0
817000.0,825000.0,837000.0,8000.0,20000.0
620000.0,650000.0,672000.0,30000.0,52000.0
1185000.0,1050000.0,1220000.0,135000.0,35000.0
780000.0,746500.0,795000.0,33500.0,15000.0
330000.0,322000.0,350000.0,8000.0,20000.0
1775000.0,1782000.0,1950000.0,7000.0,175000.0
232000.0,200000.0,248000.0,32000.0,16000.0
750000.0,760000.0,820000.0,10000.0,70000.0
620000.0,635000.0,630000.0,15000.0,10000.0
2100000.0,2071875.0,2305000.0,28125.0,205000.0
650000.0,682500.0,645000.0,32500.0,5000.0
609000.0,600000.0,579000.0,9000.0,30000.0
520000.0,510000.0,510000.0,10000.0,10000.0
859990.0,872000.0,872000.0,12010.0,12010.0
425000.0,402000.0,365000.0,23000.0,60000.0
2100000.0,1750000.0,1800000.0,350000.0,300000.0
535000.0,513000.0,513000.0,22000.0,22000.0
880000.0,914000.0,1300000.0,34000.0,420000.0
496000.0,512000.0,485000.0,16000.0,11000.0
510000.0,500000.0,515000.0,10000.0,5000.0
1000000.0,1100000.0,1060000.0,100000.0,60000.0
550000.0,590000.0,570000.0,40000.0,20000.0
4430000.0,4350000.0,4300000.0,80000.0,130000.0
601741.0,615000.0,594000.0,13259.0,7741.0
900000.0,892000.0,890000.0,8000.0,10000.0
724000.0,735000.0,715000.0,11000.0,9000.0
1097000.0,1110000.0,1100000.0,13000.0,3000.0
1750000.0,1700000.0,1699000.0,50000.0,51000.0
4317375.0,4508000.0,4508000.0,190625.0,190625.0
925000.0,898000.0,882500.0,27000.0,42500.0
1630000.0,1750000.0,1921442.88,120000.0,291442.8799999999
7900000.0,8100000.0,7850000.0,200000.0,50000.0
759000.0,770000.0,795000.0,11000.0,36000.0
4700000.0,5975000.0,5550000.0,1275000.0,850000.0
1600000.0,1650000.0,1646477.0,50000.0,46477.0
2050000.0,2000000.0,1950000.0,50000.0,100000.0
664665.0,715000.0,715000.0,50335.0,50335.0
865000.0,820000.0,870000.0,45000.0,5000.0
1175000.0,1325000.0,1200000.0,150000.0,25000.0
1300000.0,1300000.0,1300000.0,0.0,0.0
1495000.0,1500000.0,1575000.0,5000.0,80000.0
2660000.0,2650000.0,2600000.0,10000.0,60000.0
720000.0,725000.0,730000.0,5000.0,10000.0
988000.0,975000.0,998000.0,13000.0,10000.0
725000.0,710000.0,710000.0,15000.0,15000.0
681000.0,675000.0,675000.0,6000.0,6000.0
691000.0,707000.0,715000.0,16000.0,24000.0
1000000.0,1070000.0,1100000.0,70000.0,100000.0
350000.0,416000.0,370000.0,66000.0,20000.0
780000.0,735000.0,735000.0,45000.0,45000.0
382000.0,405000.0,415000.0,23000.0,33000.0
1350000.0,1335000.0,1275000.0,15000.0,75000.0
560000.0,570000.0,548000.0,10000.0,12000.0
558800.0,567300.0,575000.0,8500.0,16200.0
1159000.0,1212500.0,1225000.0,53500.0,66000.0
1770000.0,2000000.0,1880000.0,230000.0,110000.0
458582.0,499000.0,495000.0,40418.0,36418.0
550000.0,549990.0,565000.0,10.0,15000.0
575000.0,550000.0,571917.0,25000.0,3083.0
1375000.0,1600000.0,1500333.0,225000.0,125333.0
785000.0,799900.0,850000.0,14900.0,65000.0
670000.0,685000.0,665000.0,15000.0,5000.0
799000.0,700000.0,800000.0,99000.0,1000.0
645000.0,575000.0,690000.0,70000.0,45000.0
465000.0,460000.0,465000.0,5000.0,0.0
1950000.0,2080000.0,1870000.0,130000.0,80000.0
970000.0,940000.0,971111.0,30000.0,1111.0
435000.0,465000.0,459900.0,30000.0,24900.0
750000.0,765000.0,780000.0,15000.0,30000.0
673000.0,657000.0,655000.0,16000.0,18000.0
1310000.0,1315000.0,1315000.0,5000.0,5000.0
640000.0,615000.0,637000.0,25000.0,3000.0
807000.0,885000.0,887500.0,78000.0,80500.0
215000.0,205000.0,209000.0,10000.0,6000.0
1355000.0,1370000.0,1249000.0,15000.0,106000.0
630000.0,650000.0,639000.0,20000.0,9000.0
1485000.0,1820000.0,1599000.0,335000.0,114000.0
1738000.0,1754825.0,1760000.0,16825.0,22000.0
875000.0,890000.0,924000.0,15000.0,49000.0
1130000.0,1175000.0,1175000.0,45000.0,45000.0
1350000.0,1370000.0,1370000.0,20000.0,20000.0
550000.0,740000.0,750000.0,190000.0,200000.0
461000.0,475415.0,450000.0,14415.0,11000.0
520000.0,529000.0,529000.0,9000.0,9000.0
545000.0,514000.0,529000.0,31000.0,16000.0
2910000.0,2970000.0,3015000.0,60000.0,105000.0
1215000.0,1425000.0,1325000.0,210000.0,110000.0
450000.0,463000.0,437000.0,13000.0,13000.0
480000.0,472500.0,472500.0,7500.0,7500.0
2300000.0,2800000.0,2800000.0,500000.0,500000.0
525000.0,528000.0,510000.0,3000.0,15000.0
652500.0,645000.0,669000.0,7500.0,16500.0
327000.0,300000.0,319950.0,27000.0,7050.0
1630000.0,1795000.0,1844500.0,165000.0,214500.0
1150000.0,1130000.0,1130000.0,20000.0,20000.0
635000.0,620000.0,620000.0,15000.0,15000.0
770000.0,699000.0,715000.0,71000.0,55000.0
432000.0,400000.0,310000.0,32000.0,122000.0
740000.0,770000.0,755000.0,30000.0,15000.0
420000.0,424000.0,425000.0,4000.0,5000.0
1340000.0,1393000.0,1316830.0,53000.0,23170.0
1575000.0,1580000.0,1500000.0,5000.0,75000.0
2825000.0,2850000.0,2750000.0,25000.0,75000.0
740000.0,675000.0,630000.0,65000.0,110000.0
975000.0,990000.0,1025000.0,15000.0,50000.0
557000.0,545000.0,545000.0,12000.0,12000.0
1543500.0,1700000.0,1570000.0,156500.0,26500.0
793000.0,832888.0,761167.0,39888.0,31833.0
1300000.0,1330000.0,1330000.0,30000.0,30000.0
395000.0,375000.0,512000.0,20000.0,117000.0
1680000.0,1890000.0,1650000.0,210000.0,30000.0
485000.0,523000.0,516000.0,38000.0,31000.0
2550500.0,2480000.0,2400000.0,70500.0,150500.0
1220000.0,1300000.0,1359750.0,80000.0,139750.0
660000.0,695000.0,685000.0,35000.0,25000.0
220000.0,220000.0,215000.0,0.0,5000.0
1850000.0,1750000.0,2001000.0,100000.0,151000.0
815000.0,825000.0,815000.0,10000.0,0.0
1200000.0,1325000.0,1185000.0,125000.0,15000.0
685000.0,670000.0,743000.0,15000.0,58000.0
558000.0,555479.0,534000.0,2521.0,24000.0
860000.0,980000.0,975000.0,120000.0,115000.0
595000.0,603000.0,595000.0,8000.0,0.0
1655088.0,1692500.0,1710000.0,37412.0,54912.0
2730000.0,2850000.0,2745000.0,120000.0,15000.0
929000.0,936000.0,929000.0,7000.0,0.0
2450000.0,2350000.0,2425000.0,100000.0,25000.0
980000.0,950000.0,995000.0,30000.0,15000.0
695000.0,700000.0,710000.0,5000.0,15000.0
850000.0,1447000.0,1447000.0,597000.0,597000.0
1200000.0,1215000.0,1215000.0,15000.0,15000.0
315000.0,300000.0,310000.0,15000.0,5000.0
650000.0,650000.0,660000.0,0.0,10000.0
695000.0,679000.0,680000.0,16000.0,15000.0
1975000.0,1950000.0,2055000.0,25000.0,80000.0
605800.0,580000.0,625000.0,25800.0,19200.0
2025000.0,1965000.0,1925000.0,60000.0,100000.0
1850000.0,1830000.0,1840000.0,20000.0,10000.0
590000.0,635000.0,608000.0,45000.0,18000.0
465000.0,550000.0,508000.0,85000.0,43000.0
870000.0,875000.0,875000.0,5000.0,5000.0
627590.0,615000.0,619990.0,12590.0,7600.0
613055.0,629990.0,605000.0,16935.0,8055.0
1250000.0,1300000.0,1350000.0,50000.0,100000.0
865000.0,915000.0,914000.0,50000.0,49000.0
629000.0,605000.0,605000.0,24000.0,24000.0
745000.0,650000.0,650000.0,95000.0,95000.0
2753932.0,3270000.0,3265000.0,516068.0,511068.0
480000.0,474000.0,485000.0,6000.0,5000.0
989000.0,1065000.0,1065000.0,76000.0,76000.0
1250000.0,1350000.0,1368800.0,100000.0,118800.0
1395000.0,1525000.0,2120000.0,130000.0,725000.0
650000.0,700000.0,620000.0,50000.0,30000.0
1300000.0,1480000.0,1425000.0,180000.0,125000.0
1080000.0,1250000.0,1098000.0,170000.0,18000.0
367000.0,399900.0,399000.0,32900.0,32000.0
899000.0,890000.0,920000.0,9000.0,21000.0
855000.0,870000.0,875000.0,15000.0,20000.0
1364000.0,1342500.0,1400000.0,21500.0,36000.0
560000.0,565000.0,550000.0,5000.0,10000.0
395000.0,385000.0,380000.0,10000.0,15000.0
2335000.0,2400000.0,2335000.0,65000.0,0.0
594900.0,605000.0,565000.0,10100.0,29900.0
534900.0,520000.0,541000.0,14900.0,6100.0
850000.0,922500.0,835000.0,72500.0,15000.0
1574000.0,1560000.0,1560000.0,14000.0,14000.0
980000.0,1100000.0,1100000.0,120000.0,120000.0
755000.0,840000.0,725000.0,85000.0,30000.0
515010.0,527990.0,527990.0,12980.0,12980.0
637000.0,639000.0,640000.0,2000.0,3000.0
560000.0,630000.0,635000.0,70000.0,75000.0
715000.0,705000.0,725000.0,10000.0,10000.0
1750000.0,1842000.0,1800000.0,92000.0,50000.0
4650000.0,5465000.0,5550000.0,815000.0,900000.0
1880000.0,1955000.0,1900000.0,75000.0,20000.0
995500.0,985000.0,985000.0,10500.0,10500.0
465000.0,440000.0,449000.0,25000.0,16000.0
1525000.0,1475000.0,1450000.0,50000.0,75000.0
1185000.0,1169000.0,1190000.0,16000.0,5000.0
1220000.0,1230000.0,1251000.0,10000.0,31000.0
2541000.0,3200000.0,2606000.0,659000.0,65000.0
1965000.0,1855000.0,1925000.0,110000.0,40000.0
895000.0,1009026.0,1009026.0,114026.0,114026.0
2550000.0,2485000.0,2530000.0,65000.0,20000.0
650000.0,680000.0,650000.0,30000.0,0.0
969000.0,952500.0,964000.0,16500.0,5000.0
709990.0,720000.0,725000.0,10010.0,15010.0
234990.0,235000.0,230000.0,10.0,4990.0
12000000.0,11500000.0,12250000.0,500000.0,250000.0
1905000.0,1775000.0,1750000.0,130000.0,155000.0
520000.0,550990.0,540000.0,30990.0,20000.0
875000.0,850000.0,850000.0,25000.0,25000.0
1645000.0,1625000.0,1649000.0,20000.0,4000.0
722000.0,725000.0,721000.0,3000.0,1000.0
1235000.0,1225000.0,1259900.0,10000.0,24900.0
960000.0,960000.0,935000.0,0.0,25000.0
1050000.0,1005000.0,985000.0,45000.0,65000.0
2050000.0,2100000.0,2060000.0,50000.0,10000.0
735000.0,685000.0,685000.0,50000.0,50000.0
574000.0,579000.0,570000.0,5000.0,4000.0
1500000.0,1450000.0,1510000.0,50000.0,10000.0
410000.0,409750.0,415000.0,250.0,5000.0
590000.0,585000.0,580000.0,5000.0,10000.0
235000.0,254000.0,245000.0,19000.0,10000.0
5850000.0,5515000.0,6495000.0,335000.0,645000.0
590000.0,450000.0,450000.0,140000.0,140000.0
1225000.0,1235000.0,1210000.0,10000.0,15000.0
825000.0,925000.0,915000.0,100000.0,90000.0
730000.0,740000.0,660000.0,10000.0,70000.0
829999.0,830000.0,830000.0,1.0,1.0
1521250.0,1645000.0,1645000.0,123750.0,123750.0
905000.0,950000.0,1050000.0,45000.0,145000.0
46000.0,462000.0,460000.0,416000.0,414000.0
1850000.0,1910000.0,2837000.0,60000.0,987000.0
715000.0,659000.0,659000.0,56000.0,56000.0
2500000.0,2550000.0,2300000.0,50000.0,200000.0
593777.0,460000.0,510000.0,133777.0,83777.0
350000.0,380000.0,370000.0,30000.0,20000.0
800000.0,820000.0,800000.0,20000.0,0.0
465000.0,445000.0,445000.0,20000.0,20000.0
860000.0,869000.0,880000.0,9000.0,20000.0
1480000.0,1520000.0,1720000.0,40000.0,240000.0
1350000.0,1315000.0,1398888.0,35000.0,48888.0
3050000.0,3248000.0,2885000.0,198000.0,165000.0
635000.0,700000.0,672500.0,65000.0,37500.0
119500.0,105000.0,105000.0,14500.0,14500.0
1290000.0,1499000.0,1500000.0,209000.0,210000.0
1399000.0,1436000.0,1250000.0,37000.0,149000.0
1650000.0,1705000.0,1725000.0,55000.0,75000.0
640000.0,620000.0,639900.0,20000.0,100.0
735000.0,670000.0,715000.0,65000.0,20000.0
790000.0,835000.0,800000.0,45000.0,10000.0
2350000.0,2325000.0,2340000.0,25000.0,10000.0
985000.0,980000.0,997300.0,5000.0,12300.0
665999.0,730000.0,700000.0,64001.0,34001.0
715000.0,710000.0,760000.0,5000.0,45000.0
1160000.0,1100000.0,1150000.0,60000.0,10000.0
400000.0,392000.0,445000.0,8000.0,45000.0
597500.0,590000.0,650000.0,7500.0,52500.0
5225000.0,5200000.0,5150000.0,25000.0,75000.0
695000.0,770000.0,730000.0,75000.0,35000.0
515000.0,530000.0,534000.0,15000.0,19000.0
675000.0,699999.0,690000.0,24999.0,15000.0
1530000.0,1545000.0,1545000.0,15000.0,15000.0
425000.0,420000.0,416000.0,5000.0,9000.0
2080000.0,1990000.0,2150000.0,90000.0,70000.0
2200000.0,2200000.0,2200000.0,0.0,0.0
2215000.0,2225000.0,2250000.0,10000.0,35000.0
6315000.0,6495000.0,6150000.0,180000.0,165000.0
1160000.0,1215000.0,1225000.0,55000.0,65000.0
329000.0,343000.0,343000.0,14000.0,14000.0
3775000.0,3850000.0,3850000.0,75000.0,75000.0
420000.0,400000.0,445000.0,20000.0,25000.0
1105000.0,1130000.0,1100000.0,25000.0,5000.0
849000.0,830000.0,830000.0,19000.0,19000.0
647000.0,660000.0,649900.0,13000.0,2900.0
2933000.0,2900000.0,2900000.0,33000.0,33000.0
680000.0,675000.0,685000.0,5000.0,5000.0
975000.0,1050000.0,998900.0,75000.0,23900.0
670000.0,695000.0,695000.0,25000.0,25000.0
970000.0,1130000.0,970000.0,160000.0,0.0
510000.0,420000.0,420000.0,90000.0,90000.0
829000.0,850000.0,860000.0,21000.0,31000.0
4200000.0,4400000.0,4175000.0,200000.0,25000.0
3425000.0,3400000.0,3500000.0,25000.0,75000.0
660000.0,610000.0,635000.0,50000.0,25000.0
915000.0,920000.0,930000.0,5000.0,15000.0
432000.0,445000.0,405000.0,13000.0,27000.0
427500.0,429000.0,425700.0,1500.0,1800.0
605000.0,472000.0,572500.0,133000.0,32500.0
1040000.0,1027000.0,1027000.0,13000.0,13000.0
1340000.0,1355000.0,1375000.0,15000.0,35000.0
888000.0,950000.0,950000.0,62000.0,62000.0
745000.0,760000.0,750000.0,15000.0,5000.0
1200000.0,1250000.0,1265000.0,50000.0,65000.0
345000.0,340000.0,315000.0,5000.0,30000.0
709000.0,702000.0,703000.0,7000.0,6000.0
653000.0,630000.0,635000.0,23000.0,18000.0
615000.0,619000.0,615000.0,4000.0,0.0
950000.0,984900.0,985000.0,34900.0,35000.0
890000.0,780000.0,850000.0,110000.0,40000.0
794000.0,775000.0,755000.0,19000.0,39000.0
605000.0,600000.0,600000.0,5000.0,5000.0
1040000.0,1020000.0,1075000.0,20000.0,35000.0
166000.0,147000.0,170000.0,19000.0,4000.0
599000.0,609995.0,595000.0,10995.0,4000.0
600000.0,610000.0,590000.0,10000.0,10000.0
497950.0,370000.0,511000.0,127950.0,13050.0
685000.0,710800.0,710800.0,25800.0,25800.0
1050000.0,900000.0,1000000.0,150000.0,50000.0
630000.0,687000.0,620000.0,57000.0,10000.0
581000.0,605000.0,585000.0,24000.0,4000.0
390000.0,540000.0,595000.0,150000.0,205000.0
2425000.0,2360000.0,2385000.0,65000.0,40000.0
1965000.0,1950000.0,2275000.0,15000.0,310000.0
1825000.0,1823000.0,1825000.0,2000.0,0.0
537000.0,530000.0,520000.0,7000.0,17000.0
1225000.0,1400000.0,1364750.0,175000.0,139750.0
730000.0,734500.0,730000.0,4500.0,0.0
650000.0,660000.0,690000.0,10000.0,40000.0
800000.0,805000.0,815000.0,5000.0,15000.0
3144150.0,3499000.0,3470000.0,354850.0,325850.0
2165000.0,2225000.0,2200000.0,60000.0,35000.0
655000.0,689000.0,735000.0,34000.0,80000.0
577500.0,585000.0,585000.0,7500.0,7500.0
603900.0,460000.0,635000.0,143900.0,31100.0
419000.0,400000.0,419000.0,19000.0,0.0
930000.0,1000000.0,965000.0,70000.0,35000.0
529000.0,495250.0,524900.0,33750.0,4100.0
1375000.0,1479998.0,1465000.0,104998.0,90000.0
525000.0,540000.0,535000.0,15000.0,10000.0
1600000.0,1640000.0,1543000.0,40000.0,57000.0
2350000.0,2300000.0,2350000.0,50000.0,0.0
925000.0,935000.0,917000.0,10000.0,8000.0
405000.0,375000.0,351750.0,30000.0,53250.0
715000.0,760000.0,757000.0,45000.0,42000.0
649900.0,645000.0,650000.0,4900.0,100.0
1350000.0,1500000.0,1375000.0,150000.0,25000.0
820000.0,800000.0,825000.0,20000.0,5000.0
1900000.0,1999000.0,2137250.0,99000.0,237250.0
2090000.0,2175000.0,2088000.0,85000.0,2000.0
850000.0,875000.0,900000.0,25000.0,50000.0
1200000.0,1275000.0,1226000.0,75000.0,26000.0
785000.0,809000.0,835000.0,24000.0,50000.0
739000.0,745000.0,745000.0,6000.0,6000.0
518492.0,561370.0,514980.0,42878.0,3512.0
728625.0,765000.0,765000.0,36375.0,36375.0
948000.0,933900.0,925000.0,14100.0,23000.0
829000.0,805000.0,810000.0,24000.0,19000.0
1300000.0,1250000.0,1250000.0,50000.0,50000.0
1700000.0,1650000.0,1670000.0,50000.0,30000.0
1245000.0,1225000.0,1255000.0,20000.0,10000.0
1750000.0,1675000.0,1775000.0,75000.0,25000.0
699000.0,699000.0,699000.0,0.0,0.0
595000.0,625000.0,610000.0,30000.0,15000.0
975000.0,875000.0,954775.0,100000.0,20225.0
365000.0,340000.0,360000.0,25000.0,5000.0
1579000.0,1709000.0,1567500.0,130000.0,11500.0
735000.0,660000.0,775000.0,75000.0,40000.0
1888000.0,2200000.0,1965000.0,312000.0,77000.0
325000.0,293000.0,330000.0,32000.0,5000.0
425000.0,385000.0,403000.0,40000.0,22000.0
950000.0,960000.0,989000.0,10000.0,39000.0
855000.0,849000.0,856000.0,6000.0,1000.0
1270000.0,1325000.0,1289000.0,55000.0,19000.0
815000.0,805000.0,815000.0,10000.0,0.0
1175000.0,1200000.0,1230000.0,25000.0,55000.0
1225000.0,1200000.0,1250000.0,25000.0,25000.0
650000.0,685000.0,699500.0,35000.0,49500.0
810000.0,830000.0,831600.0,20000.0,21600.0
530000.0,530000.0,555000.0,0.0,25000.0
689900.0,715000.0,689900.0,25100.0,0.0
879900.0,850000.0,875000.0,29900.0,4900.0
654000.0,720000.0,715000.0,66000.0,61000.0
818000.0,905000.0,935000.0,87000.0,117000.0
1545000.0,1590000.0,1625000.0,45000.0,80000.0
2150000.0,2320000.0,2150000.0,170000.0,0.0
1200000.0,1250000.0,1250000.0,50000.0,50000.0
441000.0,460000.0,450000.0,19000.0,9000.0
1808888.0,1800000.0,1902621.0,8888.0,93733.0
875000.0,884999.0,900000.0,9999.0,25000.0
3175000.0,3925000.0,3925000.0,750000.0,750000.0
1100000.0,980000.0,1030000.0,120000.0,70000.0
655000.0,697000.0,690000.0,42000.0,35000.0
663000.0,656500.0,660000.0,6500.0,3000.0
1250000.0,1220000.0,1230000.0,30000.0,20000.0
180000.0,310000.0,315000.0,130000.0,135000.0
595000.0,573000.0,636000.0,22000.0,41000.0
698000.0,685000.0,715000.0,13000.0,17000.0
1880000.0,1855000.0,1710000.0,25000.0,170000.0
1470000.0,1275000.0,1211000.0,195000.0,259000.0
660991.0,680000.0,680000.0,19009.0,19009.0
980000.0,999990.0,1020000.0,19990.0,40000.0
630000.0,640000.0,640000.0,10000.0,10000.0
785000.0,895000.0,845000.0,110000.0,60000.0
618500.0,625000.0,627000.0,6500.0,8500.0
795000.0,750000.0,740000.0,45000.0,55000.0
1105500.0,1166000.0,1125000.0,60500.0,19500.0
720000.0,730000.0,749000.0,10000.0,29000.0
1199900.0,1188888.0,1155000.0,11012.0,44900.0
920000.0,900000.0,865000.0,20000.0,55000.0
1705000.0,1700000.0,1775000.0,5000.0,70000.0
220000.0,284000.0,280000.0,64000.0,60000.0
1280000.0,1299000.0,1350000.0,19000.0,70000.0
655000.0,665000.0,700000.0,10000.0,45000.0
739000.0,815000.0,815000.0,76000.0,76000.0
1285000.0,1225000.0,1310000.0,60000.0,25000.0
789000.0,850000.0,850000.0,61000.0,61000.0
950000.0,950000.0,905000.0,0.0,45000.0
2625000.0,2695000.0,2910000.0,70000.0,285000.0
4185000.0,3900000.0,3950000.0,285000.0,235000.0
1150000.0,1230000.0,1250000.0,80000.0,100000.0
1130000.0,1171087.0,1185665.0,41087.0,55665.0
449000.0,450000.0,450000.0,1000.0,1000.0
1428000.0,1405000.0,1355000.0,23000.0,73000.0
930000.0,925000.0,951000.0,5000.0,21000.0
525000.0,520000.0,520000.0,5000.0,5000.0
2750000.0,2800000.0,2825000.0,50000.0,75000.0
649900.0,665000.0,645000.0,15100.0,4900.0
1000000.0,1100000.0,980000.0,100000.0,20000.0
2980000.0,2998000.0,3000000.0,18000.0,20000.0
762324.0,761742.0,761742.0,582.0,582.0
2200000.0,2402500.0,2335000.0,202500.0,135000.0
700000.0,650000.0,650000.0,50000.0,50000.0
955000.0,1050000.0,989000.0,95000.0,34000.0
365000.0,335000.0,345000.0,30000.0,20000.0
807500.0,815000.0,875000.0,7500.0,67500.0
960000.0,999000.0,975000.0,39000.0,15000.0
1115000.0,960000.0,1105000.0,155000.0,10000.0
1950000.0,2170000.0,2250000.0,220000.0,300000.0
1429000.0,1390000.0,1490000.0,39000.0,61000.0
8400000.0,7850000.0,7850000.0,550000.0,550000.0
1475000.0,1560000.0,1435000.0,85000.0,40000.0
874900.0,840000.0,875000.0,34900.0,100.0
960000.0,995000.0,1000000.0,35000.0,40000.0
425000.0,425000.0,420000.0,0.0,5000.0
1100000.0,1026000.0,1000000.0,74000.0,100000.0
1060000.0,970000.0,970000.0,90000.0,90000.0
1420000.0,1399990.0,1250000.0,20010.0,170000.0
520000.0,535900.0,535000.0,15900.0,15000.0
649900.0,675000.0,635000.0,25100.0,14900.0
963000.0,950000.0,950000.0,13000.0,13000.0
385000.0,385000.0,412000.0,0.0,27000.0
950000.0,910000.0,945000.0,40000.0,5000.0
5750000.0,5475000.0,5475000.0,275000.0,275000.0
1825000.0,1862000.0,1750000.0,37000.0,75000.0
1050000.0,1067000.0,1050000.0,17000.0,0.0
1690000.0,1535000.0,1495000.0,155000.0,195000.0
625000.0,670000.0,650000.0,45000.0,25000.0
4450000.0,4750000.0,4650000.0,300000.0,200000.0
420000.0,415000.0,410000.0,5000.0,10000.0
1365000.0,1450000.0,1325000.0,85000.0,40000.0
619000.0,625000.0,573000.0,6000.0,46000.0
1315000.0,1378000.0,1337000.0,63000.0,22000.0
605000.0,609000.0,610000.0,4000.0,5000.0
415000.0,455000.0,460000.0,40000.0,45000.0
500000.0,480000.0,505000.0,20000.0,5000.0
520000.0,485000.0,490000.0,35000.0,30000.0
2075000.0,1950000.0,2150000.0,125000.0,75000.0
615000.0,605000.0,640000.0,10000.0,25000.0
980000.0,1125000.0,1060000.0,145000.0,80000.0
133000.0,85000.0,79500.0,48000.0,53500.0
530000.0,575000.0,540000.0,45000.0,10000.0
650000.0,675000.0,630000.0,25000.0,20000.0
1850000.0,1750000.0,1750000.0,100000.0,100000.0
65000.0,70000.0,82000.0,5000.0,17000.0
2350000.0,2200000.0,2225000.0,150000.0,125000.0
875000.0,895000.0,850000.0,20000.0,25000.0
775000.0,780000.0,750000.0,5000.0,25000.0
280000.0,271800.0,255000.0,8200.0,25000.0
35000.0,65000.0,82000.0,30000.0,47000.0
240000.0,279000.0,275000.0,39000.0,35000.0
870000.0,875000.0,879000.0,5000.0,9000.0
4880000.0,4750000.0,4875000.0,130000.0,5000.0
225000.0,210000.0,230000.0,15000.0,5000.0
1396000.0,1456000.0,1360000.0,60000.0,36000.0
1600000.0,1550000.0,1525000.0,50000.0,75000.0
829990.0,825000.0,835000.0,4990.0,5010.0
885000.0,920000.0,889950.0,35000.0,4950.0
592500.0,664000.0,630000.0,71500.0,37500.0
1108700.0,1200000.0,1100000.0,91300.0,8700.0
1580000.0,1645000.0,1645000.0,65000.0,65000.0
259000.0,259000.0,245000.0,0.0,14000.0
595000.0,585000.0,605000.0,10000.0,10000.0
525000.0,515000.0,540000.0,10000.0,15000.0
1575000.0,1575000.0,1550000.0,0.0,25000.0
1220000.0,1240000.0,1280000.0,20000.0,60000.0
925000.0,930000.0,950000.0,5000.0,25000.0
730000.0,742000.0,772000.0,12000.0,42000.0
425000.0,375000.0,375000.0,50000.0,50000.0
905000.0,920000.0,919000.0,15000.0,14000.0
775000.0,832000.0,775000.0,57000.0,0.0
1180000.0,1150000.0,1200000.0,30000.0,20000.0
200000.0,274000.0,274000.0,74000.0,74000.0
560000.0,580000.0,645000.0,20000.0,85000.0
645000.0,625000.0,636000.0,20000.0,9000.0
950000.0,955000.0,925000.0,5000.0,25000.0
560000.0,549000.0,553000.0,11000.0,7000.0
290000.0,297000.0,275000.0,7000.0,15000.0
1820000.0,1820000.0,1800000.0,0.0,20000.0
1140000.0,1100000.0,1069000.0,40000.0,71000.0
2100000.0,2246000.0,2295000.0,146000.0,195000.0
1400000.0,1300000.0,1300000.0,100000.0,100000.0
470000.0,445000.0,439500.0,25000.0,30500.0
1250000.0,1240000.0,1355000.0,10000.0,105000.0
1450000.0,1650000.0,1.75,200000.0,1449998.25
830000.0,835000.0,835000.0,5000.0,5000.0
1800000.0,1950000.0,1820000.0,150000.0,20000.0
650000.0,682000.0,650000.0,32000.0,0.0
1750000.0,1690000.0,1715000.0,60000.0,35000.0
462000.0,470000.0,462000.0,8000.0,0.0
710000.0,777000.0,770000.0,67000.0,60000.0
875000.0,889000.0,888000.0,14000.0,13000.0
270000.0,319000.0,320000.0,49000.0,50000.0
325000.0,350000.0,350000.0,25000.0,25000.0
1500000.0,1500000.0,1486834.0,0.0,13166.0
560000.0,555000.0,529000.0,5000.0,31000.0
1100000.0,1042000.0,1060000.0,58000.0,40000.0
865000.0,845000.0,815000.0,20000.0,50000.0
1350000.0,1400000.0,1400000.0,50000.0,50000.0
675000.0,699000.0,680000.0,24000.0,5000.0
650000.0,650990.0,680000.0,990.0,30000.0
445000.0,431290.0,425000.0,13710.0,20000.0
450000.0,470000.0,460000.0,20000.0,10000.0
4450000.0,4000000.0,3600000.0,450000.0,850000.0
370000.0,395000.0,385000.0,25000.0,15000.0
1630000.0,1680000.0,1749000.0,50000.0,119000.0
1390000.0,1400000.0,1350000.0,10000.0,40000.0
1360000.0,1495000.0,1500000.0,135000.0,140000.0
990000.0,1050000.0,1050000.0,60000.0,60000.0
415000.0,385000.0,405000.0,30000.0,10000.0
640000.0,665000.0,664321.0,25000.0,24321.0
1450000.0,1580000.0,1460000.0,130000.0,10000.0
489690.0,485000.0,485000.0,4690.0,4690.0
473000.0,450000.0,480000.0,23000.0,7000.0
454000.0,499000.0,505000.0,45000.0,51000.0
600000.0,592500.0,585000.0,7500.0,15000.0
410000.0,320000.0,362000.0,90000.0,48000.0
1004000.0,1000000.0,975000.0,4000.0,29000.0
350000.0,359000.0,355000.0,9000.0,5000.0
1275000.0,1212000.0,1325000.0,63000.0,50000.0
262900.0,270000.0,262200.0,7100.0,700.0
480000.0,490000.0,483000.0,10000.0,3000.0
839000.0,830000.0,861000.0,9000.0,22000.0
675000.0,675000.0,690000.0,0.0,15000.0
530000.0,505500.0,565000.0,24500.0,35000.0
720000.0,715000.0,715000.0,5000.0,5000.0
919000.0,915000.0,915000.0,4000.0,4000.0
3350000.0,3495000.0,3500000.0,145000.0,150000.0
535000.0,520000.0,520000.0,15000.0,15000.0
676000.0,685000.0,685000.0,9000.0,9000.0
530000.0,540000.0,508000.0,10000.0,22000.0
693000.0,807000.0,787000.0,114000.0,94000.0
300000.0,303900.0,280000.0,3900.0,20000.0
796800.0,788000.0,788000.0,8800.0,8800.0
355000.0,365000.0,370000.0,10000.0,15000.0
370000.0,415000.0,370000.0,45000.0,0.0
700000.0,765000.0,685000.0,65000.0,15000.0
3600000.0,3650000.0,3650000.0,50000.0,50000.0
825000.0,850000.0,800000.0,25000.0,25000.0
689990.0,730000.0,675000.0,40010.0,14990.0
520000.0,490000.0,530000.0,30000.0,10000.0
1650000.0,1690000.0,1655000.0,40000.0,5000.0
450000.0,468000.0,450000.0,18000.0,0.0
849000.0,860000.0,865000.0,11000.0,16000.0
1125000.0,1150000.0,1250000.0,25000.0,125000.0
780000.0,769000.0,781000.0,11000.0,1000.0
679000.0,585000.0,686000.0,94000.0,7000.0
590000.0,566800.0,550000.0,23200.0,40000.0
2250000.0,2175000.0,2310000.0,75000.0,60000.0
499000.0,510000.0,510000.0,11000.0,11000.0
650000.0,658000.0,600000.0,8000.0,50000.0
580000.0,700000.0,595000.0,120000.0,15000.0
790000.0,800000.0,818000.0,10000.0,28000.0
1738000.0,2020000.0,2020000.0,282000.0,282000.0
1270000.0,1299000.0,1250000.0,29000.0,20000.0
349500.0,326800.0,326800.0,22700.0,22700.0
1032500.0,1000000.0,1030000.0,32500.0,2500.0
584500.0,584153.0,585000.0,347.0,500.0
800000.0,805000.0,785000.0,5000.0,15000.0
515000.0,510000.0,520000.0,5000.0,5000.0
622500.0,620000.0,616000.0,2500.0,6500.0
469990.0,480000.0,469000.0,10010.0,990.0
669055.0,689000.0,679000.0,19945.0,9945.0
1000000.0,1005000.0,990000.0,5000.0,10000.0
490000.0,480540.0,480540.0,9460.0,9460.0
560000.0,590000.0,600000.0,30000.0,40000.0
2350000.0,2375000.0,2360000.0,25000.0,10000.0
707000.0,718000.0,718000.0,11000.0,11000.0
375000.0,398000.0,415000.0,23000.0,40000.0
305000.0,285000.0,281523.0,20000.0,23477.0
820000.0,850000.0,851000.0,30000.0,31000.0
900000.0,925000.0,900000.0,25000.0,0.0
390000.0,375000.0,405000.0,15000.0,15000.0
1025000.0,1099000.0,1111000.0,74000.0,86000.0
1100000.0,1075000.0,1100000.0,25000.0,0.0
1650000.0,1562570.0,1758000.0,87430.0,108000.0
480000.0,520000.0,490000.0,40000.0,10000.0
645000.0,635000.0,655000.0,10000.0,10000.0
1900000.0,2837000.0,1958000.0,937000.0,58000.0
4195000.0,4095000.0,4500000.0,100000.0,305000.0
251500.0,170000.0,185000.0,81500.0,66500.0
680000.0,679000.0,669000.0,1000.0,11000.0
562000.0,549990.0,549990.0,12010.0,12010.0
4575000.0,4900000.0,5250000.0,325000.0,675000.0
1070000.0,1144990.0,1145000.0,74990.0,75000.0
520000.0,525000.0,535000.0,5000.0,15000.0
1862500.0,1845000.0,1956000.0,17500.0,93500.0
545000.0,575000.0,535000.0,30000.0,10000.0
375000.0,375000.0,375000.0,0.0,0.0
350000.0,365000.0,390000.0,15000.0,40000.0
482990.0,479500.0,479990.0,3490.0,3000.0
475000.0,490000.0,495000.0,15000.0,20000.0
885000.0,885000.0,890000.0,0.0,5000.0
465000.0,480000.0,400000.0,15000.0,65000.0
849950.0,880000.0,784000.0,30050.0,65950.0
615000.0,625000.0,604000.0,10000.0,11000.0
435000.0,415000.0,430000.0,20000.0,5000.0
905000.0,920000.0,936000.0,15000.0,31000.0
557000.0,520000.0,500000.0,37000.0,57000.0
900000.0,995000.0,1055000.0,95000.0,155000.0
190000.0,230000.0,230000.0,40000.0,40000.0
1230000.0,1200000.0,1200000.0,30000.0,30000.0
1095000.0,981000.0,1030000.0,114000.0,65000.0
1601000.0,1725000.0,1960000.0,124000.0,359000.0
615000.0,580000.0,595890.0,35000.0,19110.0
455000.0,450000.0,460000.0,5000.0,5000.0
1050000.0,1082500.0,1099000.0,32500.0,49000.0
1125000.0,1067000.0,1150000.0,58000.0,25000.0
999990.0,960000.0,1070000.0,39990.0,70010.0
625000.0,615000.0,645000.0,10000.0,20000.0
1650000.0,1700000.0,1650000.0,50000.0,0.0
825000.0,825000.0,883000.0,0.0,58000.0
370000.0,380000.0,384490.0,10000.0,14490.0
1125000.0,1075000.0,1150000.0,50000.0,25000.0
1059000.0,1080000.0,1030000.0,21000.0,29000.0
2325000.0,2300000.0,2350000.0,25000.0,25000.0
549900.0,549900.0,560000.0,0.0,10100.0
2100000.0,2149000.0,2149000.0,49000.0,49000.0
1250000.0,1100000.0,900000.0,150000.0,350000.0
1500000.0,1589000.0,1950000.0,89000.0,450000.0
590000.0,635000.0,640000.0,45000.0,50000.0
375000.0,396250.0,396250.0,21250.0,21250.0
435000.0,444900.0,410000.0,9900.0,25000.0
192500.0,150000.0,165000.0,42500.0,27500.0
387500.0,429122.0,394990.0,41622.0,7490.0
1885000.0,1828000.0,1750000.0,57000.0,135000.0
460000.0,440000.0,440000.0,20000.0,20000.0
934900.0,930000.0,925000.0,4900.0,9900.0
735000.0,750000.0,765000.0,15000.0,30000.0
3980000.0,4110000.0,4000000.0,130000.0,20000.0
1395000.0,1375000.0,1400000.0,20000.0,5000.0
1225000.0,1120000.0,1190000.0,105000.0,35000.0
795000.0,785000.0,770000.0,10000.0,25000.0
410000.0,412990.0,407000.0,2990.0,3000.0
393990.0,389990.0,389990.0,4000.0,4000.0
334000.0,333600.0,334000.0,400.0,0.0
655000.0,660000.0,664990.0,5000.0,9990.0
389000.0,395000.0,384900.0,6000.0,4100.0
702000.0,720000.0,715000.0,18000.0,13000.0
1550000.0,1425000.0,1445000.0,125000.0,105000.0
750000.0,800000.0,780000.0,50000.0,30000.0
625000.0,595000.0,620000.0,30000.0,5000.0
675500.0,665000.0,665000.0,10500.0,10500.0
495000.0,490000.0,490000.0,5000.0,5000.0
875000.0,850000.0,850000.0,25000.0,25000.0
509990.0,532174.0,531061.0,22184.0,21071.0
700000.0,725000.0,725000.0,25000.0,25000.0
1400000.0,1300000.0,1275000.0,100000.0,125000.0
745000.0,740000.0,710000.0,5000.0,35000.0
425000.0,410000.0,425000.0,15000.0,0.0
2700000.0,2895000.0,2790000.0,195000.0,90000.0
780000.0,866461.0,785000.0,86461.0,5000.0
2390000.0,2400000.0,2399000.0,10000.0,9000.0
200000.0,249900.0,255000.0,49900.0,55000.0
1963000.0,2069000.0,2069000.0,106000.0,106000.0
803900.0,855000.0,865000.0,51100.0,61100.0
714000.0,675000.0,700000.0,39000.0,14000.0
1220000.0,1165000.0,1149000.0,55000.0,71000.0
1075000.0,741600.0,940000.0,333400.0,135000.0
1100000.0,1269619.0,1180000.0,169619.0,80000.0
507000.0,505000.0,505000.0,2000.0,2000.0
630000.0,600000.0,620000.0,30000.0,10000.0
850000.0,895000.0,925000.0,45000.0,75000.0
1065000.0,950000.0,1045000.0,115000.0,20000.0
485000.0,495000.0,495000.0,10000.0,10000.0
765000.0,775000.0,800000.0,10000.0,35000.0
1005000.0,995000.0,999000.0,10000.0,6000.0
2400000.0,2350000.0,2300000.0,50000.0,100000.0
300000.0,299990.0,315000.0,10.0,15000.0
270000.0,297500.0,297500.0,27500.0,27500.0
910000.0,950000.0,895000.0,40000.0,15000.0
430000.0,427500.0,415000.0,2500.0,15000.0
1700000.0,1850000.0,1850000.0,150000.0,150000.0
358000.0,380000.0,363000.0,22000.0,5000.0
385000.0,368000.0,385000.0,17000.0,0.0
1625250.0,1590000.0,1725000.0,35250.0,99750.0
405000.0,399000.0,405000.0,6000.0,0.0
352000.0,387000.0,387000.0,35000.0,35000.0
2200000.0,2220000.0,2128000.0,20000.0,72000.0
1895000.0,1949000.0,2100000.0,54000.0,205000.0
784125.0,765000.0,765000.0,19125.0,19125.0
520000.0,535000.0,520000.0,15000.0,0.0
765000.0,763000.0,769000.0,2000.0,4000.0
1140000.0,1095000.0,1340000.0,45000.0,200000.0
700000.0,680000.0,700000.0,20000.0,0.0
750000.0,750000.0,750000.0,0.0,0.0
2399000.0,2425000.0,2500000.0,26000.0,101000.0
455000.0,460000.0,464900.0,5000.0,9900.0
445000.0,514000.0,532000.0,69000.0,87000.0
1499500.0,1400000.0,1400000.0,99500.0,99500.0
1185000.0,1200000.0,1200000.0,15000.0,15000.0
823000.0,850000.0,885000.0,27000.0,62000.0
564490.0,564990.0,564990.0,500.0,500.0
1850000.0,1875000.0,1850000.0,25000.0,0.0
635000.0,635000.0,685000.0,0.0,50000.0
640000.0,635000.0,665000.0,5000.0,25000.0
965000.0,940000.0,930000.0,25000.0,35000.0
1200000.0,1225000.0,1150000.0,25000.0,50000.0
650000.0,740000.0,721000.0,90000.0,71000.0
1660000.0,1780000.0,1805000.0,120000.0,145000.0
530000.0,540000.0,527500.0,10000.0,2500.0
1537500.0,1800000.0,1800000.0,262500.0,262500.0
1130000.0,1350070.0,1125000.0,220070.0,5000.0
600000.0,615000.0,615000.0,15000.0,15000.0
960000.0,915000.0,871000.0,45000.0,89000.0
640000.0,640000.0,640000.0,0.0,0.0
765000.0,765000.0,765000.0,0.0,0.0
2397000.0,2600000.0,2380310.0,203000.0,16690.0
1060000.0,1095000.0,1100000.0,35000.0,40000.0
1275000.0,1375000.0,1375000.0,100000.0,100000.0
2290000.0,2495000.0,2590000.0,205000.0,300000.0
1295000.0,1275000.0,1290425.0,20000.0,4575.0
460000.0,470000.0,475000.0,10000.0,15000.0
1120000.0,1125000.0,1140000.0,5000.0,20000.0
710000.0,690000.0,705000.0,20000.0,5000.0
3900000.0,3930000.0,4350000.0,30000.0,450000.0
415000.0,429000.0,410000.0,14000.0,5000.0
710000.0,780000.0,755000.0,70000.0,45000.0
1835000.0,1885000.0,1900000.0,50000.0,65000.0
2650000.0,2502500.0,2589000.0,147500.0,61000.0
702000.0,685000.0,695000.0,17000.0,7000.0
800000.0,800000.0,796000.0,0.0,4000.0
537000.0,520000.0,552000.0,17000.0,15000.0
725000.0,730000.0,747000.0,5000.0,22000.0
1100000.0,1100000.0,1100000.0,0.0,0.0
540000.0,615000.0,390000.0,75000.0,150000.0
400000.0,405000.0,409500.0,5000.0,9500.0
1175000.0,1200000.0,1156000.0,25000.0,19000.0
705000.0,755000.0,740000.0,50000.0,35000.0
185000.0,179000.0,170000.0,6000.0,15000.0
612500.0,630000.0,630000.0,17500.0,17500.0
2885000.0,3050000.0,3000000.0,165000.0,115000.0
412000.0,402000.0,419990.0,10000.0,7990.0
820000.0,730000.0,901000.0,90000.0,81000.0
424000.0,370000.0,421000.0,54000.0,3000.0
1225000.0,1250000.0,1275000.0,25000.0,50000.0
729995.0,712000.0,712000.0,17995.0,17995.0
2325000.0,2307000.0,2307000.0,18000.0,18000.0
783000.0,770000.0,730000.0,13000.0,53000.0
1740000.0,1830000.0,1725000.0,90000.0,15000.0
1725000.0,1800000.0,1750000.0,75000.0,25000.0
865000.0,848000.0,875000.0,17000.0,10000.0
1060000.0,1035000.0,1030000.0,25000.0,30000.0
1045000.0,1029500.0,1121000.0,15500.0,76000.0
550000.0,530000.0,540000.0,20000.0,10000.0
744000.0,850000.0,835000.0,106000.0,91000.0
239900.0,239000.0,240000.0,900.0,100.0
3475000.0,3575000.0,3435000.0,100000.0,40000.0
820000.0,788000.0,799900.0,32000.0,20100.0
4315000.0,4560000.0,4560000.0,245000.0,245000.0
1075000.0,995000.0,1095000.0,80000.0,20000.0
920000.0,975000.0,965000.0,55000.0,45000.0
575000.0,599000.0,604000.0,24000.0,29000.0
1700000.0,1695000.0,1740000.0,5000.0,40000.0
754000.0,858000.0,680000.0,104000.0,74000.0
499950.0,510000.0,505000.0,10050.0,5050.0
529900.0,506500.0,525000.0,23400.0,4900.0
740000.0,683000.0,683000.0,57000.0,57000.0
1060000.0,1035000.0,1150000.0,25000.0,90000.0
850000.0,850000.0,855000.0,0.0,5000.0
1100000.0,1090000.0,1090000.0,10000.0,10000.0
459000.0,458000.0,454000.0,1000.0,5000.0
2300000.0,2395000.0,2395000.0,95000.0,95000.0
980000.0,988000.0,965000.0,8000.0,15000.0
1600000.0,1775000.0,1740000.0,175000.0,140000.0
579990.0,579990.0,579990.0,0.0,0.0
2240000.0,2315000.0,2320000.0,75000.0,80000.0
1045000.0,1049900.0,1000000.0,4900.0,45000.0
1325000.0,1350000.0,1345000.0,25000.0,20000.0
399500.0,390000.0,410000.0,9500.0,10500.0
1100000.0,1055000.0,995000.0,45000.0,105000.0
1250000.0,1130000.0,1100000.0,120000.0,150000.0
585000.0,560000.0,574000.0,25000.0,11000.0
400000.0,475000.0,496000.0,75000.0,96000.0
689000.0,689990.0,680000.0,990.0,9000.0
750000.0,750000.0,755000.0,0.0,5000.0
850000.0,855000.0,880000.0,5000.0,30000.0
1850000.0,1750000.0,1805000.0,100000.0,45000.0
850000.0,900000.0,900000.0,50000.0,50000.0
840000.0,849750.0,826000.0,9750.0,14000.0
9700000.0,9500000.0,9452000.0,200000.0,248000.0
382000.0,405000.0,425000.0,23000.0,43000.0
265000.0,265000.0,275000.0,0.0,10000.0
525000.0,540000.0,532000.0,15000.0,7000.0
1038000.0,1040000.0,1090000.0,2000.0,52000.0
1960000.0,1750000.0,1875000.0,210000.0,85000.0
445000.0,435000.0,450000.0,10000.0,5000.0
3308888.0,3100000.0,3340000.0,208888.0,31112.0
900000.0,1200000.0,1100000.0,300000.0,200000.0
1860000.0,1920000.0,1890000.0,60000.0,30000.0
1150000.0,1370000.0,1130000.0,220000.0,20000.0
310000.0,293000.0,293000.0,17000.0,17000.0
437000.0,427000.0,450000.0,10000.0,13000.0
1175000.0,1050000.0,1170000.0,125000.0,5000.0
675000.0,760000.0,760000.0,85000.0,85000.0
580000.0,609000.0,431500.0,29000.0,148500.0
1000000.0,1065000.0,1065000.0,65000.0,65000.0
2450000.0,2525000.0,2300000.0,75000.0,150000.0
723527.0,700000.0,700000.0,23527.0,23527.0
510000.0,515000.0,510000.0,5000.0,0.0
7000000.0,13000000.0,14850000.0,6000000.0,7850000.0
400000.0,380000.0,420000.0,20000.0,20000.0
415000.0,424990.0,435000.0,9990.0,20000.0
550000.0,535000.0,540000.0,15000.0,10000.0
1090000.0,1050000.0,1070000.0,40000.0,20000.0
798000.0,775000.0,750000.0,23000.0,48000.0
715000.0,750000.0,740000.0,35000.0,25000.0
970000.0,1215000.0,1080000.0,245000.0,110000.0
2575000.0,2550000.0,2589000.0,25000.0,14000.0
1440000.0,1475000.0,1492000.0,35000.0,52000.0
810000.0,760000.0,855000.0,50000.0,45000.0
535000.0,556500.0,545000.0,21500.0,10000.0
520000.0,500000.0,514900.0,20000.0,5100.0
1325000.0,1300000.0,1299500.0,25000.0,25500.0
1065000.0,1080000.0,1080000.0,15000.0,15000.0
495000.0,525000.0,550000.0,30000.0,55000.0
1625000.0,1575000.0,1750000.0,50000.0,125000.0
290000.0,333000.0,261000.0,43000.0,29000.0
330000.0,325900.0,325900.0,4100.0,4100.0
550000.0,547385.0,530000.0,2615.0,20000.0
500999.0,490000.0,533000.0,10999.0,32001.0
905000.0,900000.0,925000.0,5000.0,20000.0
1256000.0,1265000.0,1270000.0,9000.0,14000.0
490000.0,500000.0,499900.0,10000.0,9900.0
750000.0,750000.0,750000.0,0.0,0.0
859000.0,865000.0,888000.0,6000.0,29000.0
565000.0,585000.0,567000.0,20000.0,2000.0
2025000.0,2010000.0,2300000.0,15000.0,275000.0
519000.0,508000.0,519900.0,11000.0,900.0
1956500.0,2070000.0,2040000.0,113500.0,83500.0
710000.0,720000.0,715000.0,10000.0,5000.0
823000.0,840000.0,815000.0,17000.0,8000.0
610000.0,600000.0,600000.0,10000.0,10000.0
775000.0,760000.0,750000.0,15000.0,25000.0
717000.0,690000.0,690000.0,27000.0,27000.0
1439500.0,1446990.0,1446990.0,7490.0,7490.0
835000.0,815000.0,830000.0,20000.0,5000.0
1503920.0,1517726.0,1610000.0,13806.0,106080.0
802763.0,715000.0,729000.0,87763.0,73763.0
752000.0,725000.0,725000.0,27000.0,27000.0
1700000.0,1700000.0,1851000.0,0.0,151000.0
1340000.0,1365000.0,1420000.0,25000.0,80000.0
750000.0,1035000.0,1000000.0,285000.0,250000.0
999888.0,1085000.0,1025000.0,85112.0,25112.0
430000.0,325000.0,325000.0,105000.0,105000.0
1500000.0,1795000.0,1750000.0,295000.0,250000.0
355000.0,325000.0,340000.0,30000.0,15000.0
485187.0,495689.0,495689.0,10502.0,10502.0
650000.0,669000.0,678000.0,19000.0,28000.0
835000.0,851383.0,853000.0,16383.0,18000.0
1980000.0,2150000.0,2050000.0,170000.0,70000.0
1499990.0,1380000.0,1500000.0,119990.0,10.0
755000.0,720000.0,740000.0,35000.0,15000.0
385000.0,375000.0,375000.0,10000.0,10000.0
850000.0,810000.0,840000.0,40000.0,10000.0
10100000.0,10000000.0,11100000.0,100000.0,1000000.0
4100000.0,3925000.0,3900000.0,175000.0,200000.0
793000.0,799000.0,760000.0,6000.0,33000.0
749000.0,749000.0,750000.0,0.0,1000.0
425000.0,432000.0,409500.0,7000.0,15500.0
995000.0,995000.0,989000.0,0.0,6000.0
1339000.0,1300000.0,1315000.0,39000.0,24000.0
2820000.0,2823500.0,2875000.0,3500.0,55000.0
617000.0,600000.0,665000.0,17000.0,48000.0
1580000.0,1560000.0,1560000.0,20000.0,20000.0
392000.0,377600.0,350000.0,14400.0,42000.0
620000.0,690000.0,697500.0,70000.0,77500.0
4250000.0,4500000.0,4500000.0,250000.0,250000.0
395000.0,395000.0,400000.0,0.0,5000.0
829999.0,830000.0,820000.0,1.0,9999.0
869000.0,865000.0,835000.0,4000.0,34000.0
820000.0,829000.0,830000.0,9000.0,10000.0
1054005.0,995000.0,1040900.0,59005.0,13105.0
1300000.0,1290000.0,1280000.0,10000.0,20000.0
650000.0,665000.0,650000.0,15000.0,0.0
649000.0,659000.0,645000.0,10000.0,4000.0
650000.0,656000.0,659000.0,6000.0,9000.0
415000.0,464500.0,464500.0,49500.0,49500.0
815000.0,860000.0,840000.0,45000.0,25000.0
1230000.0,1250000.0,1239999.0,20000.0,9999.0
535000.0,545000.0,530000.0,10000.0,5000.0
646900.0,631588.0,615000.0,15312.0,31900.0
1387000.0,1325000.0,1445000.0,62000.0,58000.0
597000.0,590000.0,595000.0,7000.0,2000.0
632260.0,615000.0,619990.0,17260.0,12270.0
1450000.0,1515000.0,1600000.0,65000.0,150000.0
8172000.0,7976500.0,8550000.0,195500.0,378000.0
599990.0,628220.0,600000.0,28230.0,10.0
1279000.0,1349990.0,1330000.0,70990.0,51000.0
1055000.0,1255000.0,1045000.0,200000.0,10000.0
643000.0,600000.0,665000.0,43000.0,22000.0
1105000.0,1119500.0,1119500.0,14500.0,14500.0
475000.0,440000.0,514400.0,35000.0,39400.0
2575000.0,2150000.0,2580000.0,425000.0,5000.0
475000.0,480000.0,480000.0,5000.0,5000.0
1240000.0,1225000.0,1225000.0,15000.0,15000.0
510000.0,555918.0,555918.0,45918.0,45918.0
800000.0,849888.0,865000.0,49888.0,65000.0
850000.0,815000.0,810000.0,35000.0,40000.0
1665000.0,1700000.0,1710000.0,35000.0,45000.0
673000.0,699990.0,705000.0,26990.0,32000.0
700000.0,747500.0,747500.0,47500.0,47500.0
1500000.0,1526500.0,1467375.0,26500.0,32625.0
1529000.0,1500000.0,1620000.0,29000.0,91000.0
930000.0,953000.0,930000.0,23000.0,0.0
2975000.0,3050000.0,2968334.0,75000.0,6666.0
2299000.0,2395000.0,2395000.0,96000.0,96000.0
870000.0,1150000.0,900000.0,280000.0,30000.0
555000.0,610000.0,580000.0,55000.0,25000.0
790000.0,873000.0,860000.0,83000.0,70000.0
800000.0,1016000.0,1016000.0,216000.0,216000.0
775000.0,740000.0,856000.0,35000.0,81000.0
860000.0,939000.0,920000.0,79000.0,60000.0
290000.0,285000.0,276500.0,5000.0,13500.0
790000.0,750000.0,805000.0,40000.0,15000.0
820000.0,870000.0,870000.0,50000.0,50000.0
749900.0,765000.0,745000.0,15100.0,4900.0
515000.0,519990.0,515000.0,4990.0,0.0
1375000.0,1475000.0,1615141.0,100000.0,240141.0
1600000.0,1620000.0,1650000.0,20000.0,50000.0
1010778.0,900000.0,1087500.0,110778.0,76722.0
3450000.0,3162500.0,3598000.0,287500.0,148000.0
585000.0,540000.0,590000.0,45000.0,5000.0
512000.0,512000.0,500000.0,0.0,12000.0
420000.0,470000.0,430000.0,50000.0,10000.0
640000.0,650000.0,645000.0,10000.0,5000.0
1200000.0,1175000.0,1173000.0,25000.0,27000.0
1445000.0,1455000.0,1450000.0,10000.0,5000.0
490141.0,455300.0,465000.0,34841.0,25141.0
422892.0,409990.0,413000.0,12902.0,9892.0
565000.0,575000.0,540000.0,10000.0,25000.0
669000.0,674888.0,680000.0,5888.0,11000.0
755000.0,750000.0,751750.0,5000.0,3250.0
495000.0,475000.0,480000.0,20000.0,15000.0
865000.0,850000.0,880000.0,15000.0,15000.0
290000.0,259000.0,259000.0,31000.0,31000.0
723000.0,715000.0,715000.0,8000.0,8000.0
865000.0,894500.0,894500.0,29500.0,29500.0
830000.0,805000.0,802000.0,25000.0,28000.0
405000.0,410000.0,415000.0,5000.0,10000.0
774900.0,768000.0,765000.0,6900.0,9900.0
1260000.0,1225000.0,1225000.0,35000.0,35000.0
672584.0,685878.0,679900.0,13294.0,7316.0
685000.0,700000.0,685000.0,15000.0,0.0
425000.0,390000.0,409000.0,35000.0,16000.0
364000.0,370000.0,355000.0,6000.0,9000.0
750000.0,785000.0,815000.0,35000.0,65000.0
560000.0,565000.0,600000.0,5000.0,40000.0
425000.0,350000.0,350000.0,75000.0,75000.0
665000.0,665000.0,664870.0,0.0,130.0
1450000.0,1427000.0,1427000.0,23000.0,23000.0
745000.0,735000.0,730000.0,10000.0,15000.0
470000.0,475000.0,470000.0,5000.0,0.0
405000.0,430000.0,400000.0,25000.0,5000.0
915000.0,1143800.0,1143800.0,228800.0,228800.0
850000.0,825000.0,825000.0,25000.0,25000.0
910000.0,915000.0,910420.0,5000.0,420.0
725000.0,720000.0,735000.0,5000.0,10000.0
640000.0,665000.0,720000.0,25000.0,80000.0
4250000.0,3950000.0,3965000.0,300000.0,285000.0
890000.0,915000.0,915000.0,25000.0,25000.0
685000.0,700000.0,675000.0,15000.0,10000.0
1800000.0,1863000.0,1863000.0,63000.0,63000.0
1600000.0,1735000.0,1700000.0,135000.0,100000.0
1075000.0,1125000.0,1100000.0,50000.0,25000.0
480000.0,535000.0,505535.0,55000.0,25535.0
492681.0,495000.0,527818.0,2319.0,35137.0
849999.0,875000.0,860000.0,25001.0,10001.0
347500.0,335000.0,326000.0,12500.0,21500.0
1599000.0,1630000.0,1639000.0,31000.0,40000.0
875000.0,855000.0,890000.0,20000.0,15000.0
155500.0,145000.0,161000.0,10500.0,5500.0
315000.0,270000.0,310000.0,45000.0,5000.0
670000.0,755000.0,750000.0,85000.0,80000.0
695400.0,700000.0,725000.0,4600.0,29600.0
1465000.0,1475000.0,1465000.0,10000.0,0.0
460000.0,463000.0,450000.0,3000.0,10000.0
670000.0,652000.0,640000.0,18000.0,30000.0
643230.0,639990.0,639990.0,3240.0,3240.0
590000.0,620000.0,620000.0,30000.0,30000.0
980000.0,990000.0,990000.0,10000.0,10000.0
660000.0,655000.0,651000.0,5000.0,9000.0
600000.0,610000.0,609000.0,10000.0,9000.0
2350000.0,2500000.0,2500000.0,150000.0,150000.0
1409900.0,1315000.0,1400000.0,94900.0,9900.0
639000.0,689900.0,689900.0,50900.0,50900.0
1775000.0,1925000.0,2048010.0,150000.0,273010.0
455000.0,450000.0,440000.0,5000.0,15000.0
760000.0,749000.0,705000.0,11000.0,55000.0
618432.0,612116.0,579000.0,6316.0,39432.0
670000.0,625000.0,639000.0,45000.0,31000.0
1530000.0,1775000.0,1550000.0,245000.0,20000.0
875000.0,885000.0,825000.0,10000.0,50000.0
410000.0,400000.0,425000.0,10000.0,15000.0
1580000.0,1680000.0,1725000.0,100000.0,145000.0
688000.0,725000.0,675000.0,37000.0,13000.0
1989000.0,1985000.0,1933500.0,4000.0,55500.0
976000.0,1000000.0,1049999.0,24000.0,73999.0
595000.0,560000.0,546000.0,35000.0,49000.0
760000.0,805000.0,910000.0,45000.0,150000.0
2180500.0,2290000.0,2269990.0,109500.0,89490.0
455000.0,477000.0,477000.0,22000.0,22000.0
271000.0,262000.0,269900.0,9000.0,1100.0
1395000.0,1354000.0,1500000.0,41000.0,105000.0
1625000.0,1625000.0,1700000.0,0.0,75000.0
2500000.0,2600000.0,2357000.0,100000.0,143000.0
1525000.0,1510000.0,1475000.0,15000.0,50000.0
901500.0,905000.0,925000.0,3500.0,23500.0
850000.0,815000.0,859250.0,35000.0,9250.0
2000000.0,2064000.0,1950000.0,64000.0,50000.0
2400000.0,2350000.0,2600000.0,50000.0,200000.0
1390000.0,1350000.0,1400000.0,40000.0,10000.0
3060000.0,3187500.0,3250000.0,127500.0,190000.0
1420000.0,1390000.0,1395000.0,30000.0,25000.0
475000.0,465000.0,475000.0,10000.0,0.0
780000.0,790000.0,822000.0,10000.0,42000.0
564000.0,535000.0,555900.0,29000.0,8100.0
584830.0,575000.0,585000.0,9830.0,170.0
1650000.0,1569000.0,1590000.0,81000.0,60000.0
700000.0,700000.0,700000.0,0.0,0.0
505000.0,515000.0,515000.0,10000.0,10000.0
330000.0,340000.0,340000.0,10000.0,10000.0
215000.0,220000.0,182500.0,5000.0,32500.0
1035000.0,1121000.0,1121000.0,86000.0,86000.0
2435000.0,2525000.0,2275000.0,90000.0,160000.0
675000.0,680000.0,675000.0,5000.0,0.0
650000.0,669000.0,669000.0,19000.0,19000.0
1000000.0,1010000.0,950000.0,10000.0,50000.0
4000000.0,3580000.0,3580000.0,420000.0,420000.0
4850000.0,4200000.0,4200000.0,650000.0,650000.0
219000.0,222000.0,220000.0,3000.0,1000.0
4330000.0,4750000.0,4777500.0,420000.0,447500.0
1567000.0,1550000.0,1550000.0,17000.0,17000.0
7000000.0,5500000.0,5500000.0,1500000.0,1500000.0
444888.0,495000.0,450000.0,50112.0,5112.0
690000.0,712000.0,677000.0,22000.0,13000.0
500000.0,541746.0,545990.0,41746.0,45990.0
4900000.0,5200000.0,4930000.0,300000.0,30000.0
325000.0,315000.0,305000.0,10000.0,20000.0
1685000.0,1690000.0,1720000.0,5000.0,35000.0
981243.0,924358.0,890000.0,56885.0,91243.0
699900.0,671990.0,694990.0,27910.0,4910.0
1850000.0,2250000.0,2300000.0,400000.0,450000.0
6550000.0,6900000.0,6350000.0,350000.0,200000.0
830000.0,874999.0,875000.0,44999.0,45000.0
520000.0,520000.0,520000.0,0.0,0.0
8175000.0,9000000.0,9000000.0,825000.0,825000.0
600000.0,599990.0,600000.0,10.0,0.0
829999.0,835000.0,800000.0,5001.0,29999.0
739990.0,740000.0,733000.0,10.0,6990.0
717000.0,683575.0,655990.0,33425.0,61010.0
660000.0,700000.0,695000.0,40000.0,35000.0
985000.0,984900.0,1000005.0,100.0,15005.0
2350000.0,2700000.0,2500000.0,350000.0,150000.0
955000.0,900000.0,900000.0,55000.0,55000.0
620000.0,625000.0,640000.0,5000.0,20000.0
1060000.0,1160000.0,1160000.0,100000.0,100000.0
1888000.0,2100000.0,2100000.0,212000.0,212000.0
830000.0,865000.0,870000.0,35000.0,40000.0
717000.0,731000.0,737500.0,14000.0,20500.0
730000.0,725000.0,725000.0,5000.0,5000.0
2300000.0,2200000.0,2360000.0,100000.0,60000.0
1450000.0,1625000.0,1725000.0,175000.0,275000.0
448999.0,459000.0,460000.0,10001.0,11001.0
525000.0,515000.0,500000.0,10000.0,25000.0
1210000.0,1225000.0,1165000.0,15000.0,45000.0
799000.0,770000.0,782500.0,29000.0,16500.0
775000.0,795000.0,787000.0,20000.0,12000.0
4000000.0,3800000.0,3846103.0,200000.0,153897.0
3345000.0,3020000.0,3020000.0,325000.0,325000.0
510000.0,500000.0,504000.0,10000.0,6000.0
2760000.0,2660000.0,2650000.0,100000.0,110000.0
799000.0,815000.0,820000.0,16000.0,21000.0
851000.0,849000.0,865000.0,2000.0,14000.0
545000.0,654000.0,654000.0,109000.0,109000.0
1450000.0,1440000.0,1700000.0,10000.0,250000.0
585000.0,540000.0,515000.0,45000.0,70000.0
485000.0,474575.0,475000.0,10425.0,10000.0
1850000.0,1900000.0,1806000.0,50000.0,44000.0
235000.0,260000.0,236000.0,25000.0,1000.0
570000.0,585000.0,587850.0,15000.0,17850.0
320000.0,320000.0,310000.0,0.0,10000.0
1230000.0,1200000.0,1250000.0,30000.0,20000.0
545000.0,545000.0,542500.0,0.0,2500.0
739900.0,735000.0,739900.0,4900.0,0.0
310000.0,280000.0,280000.0,30000.0,30000.0
430000.0,450000.0,440000.0,20000.0,10000.0
870000.0,835000.0,850000.0,35000.0,20000.0
1362500.0,1389000.0,1399000.0,26500.0,36500.0
385000.0,375000.0,377000.0,10000.0,8000.0
972000.0,990000.0,1060000.0,18000.0,88000.0
389900.0,399000.0,399000.0,9100.0,9100.0
2400000.0,2450000.0,2436670.0,50000.0,36670.0
1800000.0,1790000.0,2080000.0,10000.0,280000.0
2600000.0,2579000.0,2400000.0,21000.0,200000.0
2389000.0,2225000.0,2250000.0,164000.0,139000.0
6900000.0,7450000.0,7450000.0,550000.0,550000.0
950000.0,1000000.0,1058000.0,50000.0,108000.0
775000.0,795000.0,760000.0,20000.0,15000.0
2049500.0,2090000.0,1850000.0,40500.0,199500.0
5770000.0,6500000.0,5600000.0,730000.0,170000.0
855000.0,890000.0,850000.0,35000.0,5000.0
1175000.0,1210000.0,1210000.0,35000.0,35000.0
97972500.0,990000.0,969000.0,96982500.0,97003500.0
715000.0,715000.0,715000.0,0.0,0.0
465000.0,465000.0,455000.0,0.0,10000.0
385000.0,375000.0,385000.0,10000.0,0.0
1410000.0,1429000.0,1485000.0,19000.0,75000.0
477400.0,475000.0,470000.0,2400.0,7400.0
1625000.0,1620000.0,1760000.0,5000.0,135000.0
618000.0,620880.0,620880.0,2880.0,2880.0
435000.0,429900.0,445000.0,5100.0,10000.0
860000.0,900000.0,929000.0,40000.0,69000.0
1625000.0,1710000.0,1655000.0,85000.0,30000.0
689000.0,689000.0,695000.0,0.0,6000.0
735000.0,770000.0,740000.0,35000.0,5000.0
460000.0,441900.0,450000.0,18100.0,10000.0
862500.0,855000.0,850000.0,7500.0,12500.0
5300000.0,5675000.0,5675000.0,375000.0,375000.0
1450000.0,1600000.0,1590000.0,150000.0,140000.0
1100000.0,1200000.0,1190000.0,100000.0,90000.0
299000.0,345000.0,335000.0,46000.0,36000.0
197500.0,201620.0,201620.0,4120.0,4120.0
295000.0,303000.0,311000.0,8000.0,16000.0
2100000.0,1620000.0,1620000.0,480000.0,480000.0
631000.0,600000.0,605000.0,31000.0,26000.0
529000.0,532500.0,500000.0,3500.0,29000.0
699000.0,700000.0,699000.0,1000.0,0.0
639000.0,620000.0,639900.0,19000.0,900.0
1310000.0,1530000.0,1425000.0,220000.0,115000.0
719990.0,719990.0,715000.0,0.0,4990.0
659000.0,670000.0,645000.0,11000.0,14000.0
700000.0,700000.0,670000.0,0.0,30000.0
620000.0,640000.0,540000.0,20000.0,80000.0
300000.0,270000.0,270000.0,30000.0,30000.0
430000.0,430000.0,425000.0,0.0,5000.0
850000.0,830000.0,840000.0,20000.0,10000.0
460000.0,510000.0,510000.0,50000.0,50000.0
799000.0,805000.0,805000.0,6000.0,6000.0
600000.0,625000.0,625000.0,25000.0,25000.0
948000.0,950000.0,940000.0,2000.0,8000.0
1385000.0,1500000.0,1360000.0,115000.0,25000.0
905000.0,850000.0,890000.0,55000.0,15000.0
4525000.0,4710000.0,4750000.0,185000.0,225000.0
1580000.0,1620000.0,1685000.0,40000.0,105000.0
2865000.0,2700000.0,2880000.0,165000.0,15000.0
2750000.0,2570000.0,2700000.0,180000.0,50000.0
390000.0,415000.0,385000.0,25000.0,5000.0
490000.0,499800.0,485000.0,9800.0,5000.0
700000.0,720000.0,705000.0,20000.0,5000.0
365000.0,365000.0,360000.0,0.0,5000.0
1800000.0,1800000.0,1885000.0,0.0,85000.0
269000.0,269900.0,245000.0,900.0,24000.0
399900.0,399000.0,385000.0,900.0,14900.0
620000.0,620000.0,630000.0,0.0,10000.0
899000.0,895000.0,895000.0,4000.0,4000.0
1080000.0,1333000.0,1333000.0,253000.0,253000.0
1060000.0,1130000.0,1099000.0,70000.0,39000.0
515000.0,520000.0,526000.0,5000.0,11000.0
700000.0,699000.0,695000.0,1000.0,5000.0
1325000.0,1260000.0,1316700.0,65000.0,8300.0
2175000.0,2135000.0,2130000.0,40000.0,45000.0
2118000.0,2245000.0,2090500.0,127000.0,27500.0
2925000.0,2752000.0,2926000.0,173000.0,1000.0
1325000.0,1275000.0,1335000.0,50000.0,10000.0
678800.0,680000.0,665000.0,1200.0,13800.0
1580000.0,1510000.0,1526360.0,70000.0,53640.0
1080000.0,925000.0,1168000.0,155000.0,88000.0
820000.0,815000.0,825000.0,5000.0,5000.0
660000.0,743000.0,625000.0,83000.0,35000.0
3750000.0,4375000.0,4375000.0,625000.0,625000.0
1937000.0,1765000.0,2450000.0,172000.0,513000.0
374000.0,340000.0,365000.0,34000.0,9000.0
1995000.0,2500000.0,1860000.0,505000.0,135000.0
1289950.0,1290000.0,1300000.0,50.0,10050.0
275000.0,265000.0,295000.0,10000.0,20000.0
333000.0,275000.0,275000.0,58000.0,58000.0
540000.0,535000.0,545000.0,5000.0,5000.0
1715000.0,1850000.0,1799000.0,135000.0,84000.0
2800000.0,2900000.0,2696000.0,100000.0,104000.0
4500000.0,4725000.0,4825000.0,225000.0,325000.0
3275000.0,3385000.0,3385000.0,110000.0,110000.0
499000.0,495000.0,365000.0,4000.0,134000.0
285000.0,259000.0,259000.0,26000.0,26000.0
2800000.0,2700000.0,2700000.0,100000.0,100000.0
575000.0,560000.0,584250.0,15000.0,9250.0
1780000.0,1825000.0,1950000.0,45000.0,170000.0
769000.0,740000.0,750000.0,29000.0,19000.0
2075000.0,1900000.0,2456666.0,175000.0,381666.0
429000.0,415000.0,395000.0,14000.0,34000.0
295000.0,279000.0,284000.0,16000.0,11000.0
1040000.0,1190000.0,1185000.0,150000.0,145000.0
799000.0,875000.0,825000.0,76000.0,26000.0
399000.0,409000.0,405000.0,10000.0,6000.0
769444.0,735000.0,735000.0,34444.0,34444.0
1535000.0,1550000.0,1549000.0,15000.0,14000.0
870000.0,850000.0,843410.0,20000.0,26590.0
585000.0,605000.0,620000.0,20000.0,35000.0
820000.0,815000.0,875000.0,5000.0,55000.0
1025000.0,1065000.0,990000.0,40000.0,35000.0
1483020.0,1450000.0,1350000.0,33020.0,133020.0
383000.0,375000.0,362000.0,8000.0,21000.0
499700.0,500000.0,499900.0,300.0,200.0
1020000.0,1070000.0,1100000.0,50000.0,80000.0
2625000.0,2775000.0,2800000.0,150000.0,175000.0
1390000.0,1330000.0,1300000.0,60000.0,90000.0
570000.0,580000.0,560000.0,10000.0,10000.0
985000.0,1020000.0,1065000.0,35000.0,80000.0
298000.0,315000.0,309000.0,17000.0,11000.0
1200000.0,1171000.0,1194000.0,29000.0,6000.0
1160000.0,1175000.0,1175000.0,15000.0,15000.0
842000.0,760000.0,880000.0,82000.0,38000.0
1785000.0,1935000.0,1938000.0,150000.0,153000.0
1260000.0,1285500.0,1280000.0,25500.0,20000.0
5155000.0,5465000.0,5550000.0,310000.0,395000.0
4050000.0,4040000.0,4334000.0,10000.0,284000.0
1350000.0,1500000.0,1500000.0,150000.0,150000.0
690000.0,685000.0,699000.0,5000.0,9000.0
475000.0,457000.0,465000.0,18000.0,10000.0
1600000.0,1710000.0,1715000.0,110000.0,115000.0
324900.0,337918.0,310000.0,13018.0,14900.0
535000.0,537000.0,535000.0,2000.0,0.0
978000.0,969000.0,975000.0,9000.0,3000.0
865000.0,899000.0,875000.0,34000.0,10000.0
325000.0,505000.0,496000.0,180000.0,171000.0
480000.0,563990.0,555000.0,83990.0,75000.0
810000.0,865000.0,860000.0,55000.0,50000.0
2775000.0,2621242.0,2550000.0,153758.0,225000.0
765000.0,755000.0,755000.0,10000.0,10000.0
1600000.0,1725000.0,1660000.0,125000.0,60000.0
2500000.0,2500000.0,2699000.0,0.0,199000.0
625000.0,575000.0,575000.0,50000.0,50000.0
610990.0,600000.0,599000.0,10990.0,11990.0
1075000.0,1000000.0,1015000.0,75000.0,60000.0
705000.0,698888.0,705000.0,6112.0,0.0
980000.0,950000.0,865000.0,30000.0,115000.0
1460000.0,1550000.0,1510000.0,90000.0,50000.0
450000.0,484500.0,477000.0,34500.0,27000.0
5000000.0,5325000.0,5100000.0,325000.0,100000.0
580000.0,590000.0,595000.0,10000.0,15000.0
1010000.0,1050000.0,1150000.0,40000.0,140000.0
950000.0,982000.0,1050000.0,32000.0,100000.0
575000.0,605000.0,620000.0,30000.0,45000.0
605000.0,590000.0,610000.0,15000.0,5000.0
810000.0,820000.0,820000.0,10000.0,10000.0
245000.0,242000.0,240000.0,3000.0,5000.0
365000.0,420500.0,385111.0,55500.0,20111.0
795000.0,775000.0,780000.0,20000.0,15000.0
364900.0,365000.0,363000.0,100.0,1900.0
707500.0,725000.0,721000.0,17500.0,13500.0
310000.0,309000.0,309000.0,1000.0,1000.0
650000.0,790000.0,815000.0,140000.0,165000.0
599000.0,585000.0,606000.0,14000.0,7000.0
750000.0,750000.0,760000.0,0.0,10000.0
1430000.0,1346500.0,1460000.0,83500.0,30000.0
980000.0,890000.0,890000.0,90000.0,90000.0
615000.0,620000.0,670000.0,5000.0,55000.0
465000.0,451000.0,460000.0,14000.0,5000.0
479000.0,475000.0,475000.0,4000.0,4000.0
875000.0,874000.0,815000.0,1000.0,60000.0
775000.0,799000.0,799000.0,24000.0,24000.0
650000.0,745000.0,735000.0,95000.0,85000.0
4800000.0,4903765.0,5200000.0,103765.0,400000.0
750000.0,750000.0,743000.0,0.0,7000.0
6900000.0,6700000.0,6330000.0,200000.0,570000.0
1340000.0,1349990.0,1349990.0,9990.0,9990.0
1843000.0,2025000.0,1930000.0,182000.0,87000.0
450000.0,475000.0,495000.0,25000.0,45000.0
1170000.0,1255000.0,1255000.0,85000.0,85000.0
310000.0,375000.0,375000.0,65000.0,65000.0
4300000.0,4300000.0,3999999.0,0.0,300001.0
1275000.0,1300000.0,1360000.0,25000.0,85000.0
1000000.0,995000.0,1040000.0,5000.0,40000.0
420000.0,440000.0,429999.0,20000.0,9999.0
1448000.0,1530000.0,1603888.0,82000.0,155888.0
960000.0,950000.0,980000.0,10000.0,20000.0
300000.0,290000.0,290000.0,10000.0,10000.0
655000.0,664000.0,655000.0,9000.0,0.0
555000.0,525000.0,610000.0,30000.0,55000.0
750000.0,806000.0,780000.0,56000.0,30000.0
789000.0,800000.0,800000.0,11000.0,11000.0
510000.0,550000.0,530000.0,40000.0,20000.0
365000.0,380000.0,380000.0,15000.0,15000.0
1450000.0,1425000.0,1450000.0,25000.0,0.0
460000.0,475000.0,469000.0,15000.0,9000.0
2225000.0,2315000.0,2320000.0,90000.0,95000.0
1000000.0,1020000.0,1010000.0,20000.0,10000.0
3200000.0,3255000.0,3265000.0,55000.0,65000.0
596610.0,609665.0,609665.0,13055.0,13055.0
425000.0,430000.0,435000.0,5000.0,10000.0
565000.0,508000.0,508000.0,57000.0,57000.0
1525000.0,1555555.0,1485000.0,30555.0,40000.0
275000.0,330000.0,340000.0,55000.0,65000.0
4350000.0,5243810.0,5150000.0,893810.0,800000.0
1900000.0,2770000.0,2770000.0,870000.0,870000.0
400000.0,425000.0,423245.0,25000.0,23245.0
2900000.0,2860000.0,2950000.0,40000.0,50000.0
590000.0,610000.0,590000.0,20000.0,0.0
1525000.0,1513000.0,1525000.0,12000.0,0.0
1159500.0,1130000.0,1200000.0,29500.0,40500.0
785000.0,785000.0,787000.0,0.0,2000.0
860000.0,858888.0,820000.0,1112.0,40000.0
1228000.0,1175000.0,1200000.0,53000.0,28000.0
1620000.0,1650000.0,1662000.0,30000.0,42000.0
800000.0,840000.0,830000.0,40000.0,30000.0
850000.0,885000.0,880000.0,35000.0,30000.0
799000.0,750000.0,795000.0,49000.0,4000.0
875000.0,803000.0,689000.0,72000.0,186000.0
424000.0,425000.0,415000.0,1000.0,9000.0
1075000.0,1075000.0,1128000.0,0.0,53000.0
3230000.0,3300000.0,3200000.0,70000.0,30000.0
450000.0,640000.0,612000.0,190000.0,162000.0
3625000.0,3600000.0,3775000.0,25000.0,150000.0
350000.0,360000.0,362000.0,10000.0,12000.0
450000.0,398000.0,479000.0,52000.0,29000.0
360000.0,295000.0,295000.0,65000.0,65000.0
467500.0,449000.0,440000.0,18500.0,27500.0
1387443.0,1395000.0,1395000.0,7557.0,7557.0
4500000.0,4675000.0,4400000.0,175000.0,100000.0
1680640.0,2000000.0,1646000.0,319360.0,34640.0
849999.0,862660.0,838900.0,12661.0,11099.0
519000.0,525000.0,540000.0,6000.0,21000.0
5885000.0,5950000.0,5900000.0,65000.0,15000.0
1745000.0,1300000.0,1833391.0,445000.0,88391.0
920000.0,988200.0,990000.0,68200.0,70000.0
261000.0,267000.0,269000.0,6000.0,8000.0
1279900.0,1450000.0,1289000.0,170100.0,9100.0
1677000.0,3100000.0,3150000.0,1423000.0,1473000.0
950000.0,850000.0,940000.0,100000.0,10000.0
435000.0,425000.0,420000.0,10000.0,15000.0
853610.0,825000.0,835000.0,28610.0,18610.0
540000.0,550000.0,540000.0,10000.0,0.0
2771404.0,2925000.0,2920125.0,153596.0,148721.0
725000.0,720000.0,730000.0,5000.0,5000.0
2580000.0,2699000.0,2550000.0,119000.0,30000.0
575000.0,560000.0,575000.0,15000.0,0.0
505000.0,524970.0,524000.0,19970.0,19000.0
500000.0,500000.0,500000.0,0.0,0.0
703000.0,710000.0,703500.0,7000.0,500.0
1400000.0,1325000.0,1392500.0,75000.0,7500.0
2025000.0,2265000.0,2000000.0,240000.0,25000.0
4000000.0,4300000.0,3500000.0,300000.0,500000.0
1525000.0,1425000.0,1500000.0,100000.0,25000.0
2800000.0,2500000.0,2500000.0,300000.0,300000.0
869000.0,916000.0,878888.0,47000.0,9888.0
1825000.0,1850000.0,1867800.0,25000.0,42800.0
2500000.0,2554000.0,2550000.0,54000.0,50000.0
1275000.0,1298000.0,1190000.0,23000.0,85000.0
2150000.0,2200000.0,2200000.0,50000.0,50000.0
765000.0,759000.0,758500.0,6000.0,6500.0
775000.0,780000.0,765000.0,5000.0,10000.0
820000.0,900000.0,889000.0,80000.0,69000.0
1199000.0,1199999.0,1199999.0,999.0,999.0
660000.0,681000.0,681000.0,21000.0,21000.0
500000.0,500000.0,425000.0,0.0,75000.0
17000000.0,17550000.0,18800000.0,550000.0,1800000.0
550000.0,530000.0,535000.0,20000.0,15000.0
1800000.0,1800000.0,2205000.0,0.0,405000.0
1300000.0,1360000.0,1355000.0,60000.0,55000.0
1267500.0,1275000.0,1245000.0,7500.0,22500.0
580000.0,615000.0,595000.0,35000.0,15000.0
490000.0,475000.0,490000.0,15000.0,0.0
2050000.0,2150000.0,2150000.0,100000.0,100000.0
660000.0,685000.0,625000.0,25000.0,35000.0
1060000.0,1000000.0,1034000.0,60000.0,26000.0
3300000.0,2953000.0,3850000.0,347000.0,550000.0
435000.0,355000.0,463000.0,80000.0,28000.0
230000.0,238000.0,247000.0,8000.0,17000.0
590000.0,500000.0,580000.0,90000.0,10000.0
1298500.0,1350000.0,1350000.0,51500.0,51500.0
770000.0,819000.0,820000.0,49000.0,50000.0
2700000.0,2950000.0,2870000.0,250000.0,170000.0
1495000.0,1542000.0,1460000.0,47000.0,35000.0
1163900.0,1130625.0,1240000.0,33275.0,76100.0
465000.0,449000.0,450000.0,16000.0,15000.0
975000.0,940000.0,940000.0,35000.0,35000.0
495000.0,510000.0,500000.0,15000.0,5000.0
765000.0,795000.0,775000.0,30000.0,10000.0
740000.0,700000.0,725000.0,40000.0,15000.0
1275000.0,1350000.0,1276880.0,75000.0,1880.0
432500.0,440600.0,425000.0,8100.0,7500.0
975000.0,949900.0,950000.0,25100.0,25000.0
741900.0,662833.0,730000.0,79067.0,11900.0
529000.0,529000.0,529000.0,0.0,0.0
535000.0,560000.0,545000.0,25000.0,10000.0
525000.0,580000.0,556000.0,55000.0,31000.0
2160000.0,2395000.0,2335000.0,235000.0,175000.0
745000.0,750000.0,790000.0,5000.0,45000.0
850000.0,868000.0,840000.0,18000.0,10000.0
421000.0,385000.0,417000.0,36000.0,4000.0
710000.0,805000.0,850000.0,95000.0,140000.0
585000.0,601000.0,601000.0,16000.0,16000.0
710000.0,761000.0,730000.0,51000.0,20000.0
569000.0,562000.0,562000.0,7000.0,7000.0
2650000.0,2500000.0,2500000.0,150000.0,150000.0
3850000.0,4250000.0,3950000.0,400000.0,100000.0
930000.0,1020000.0,1045000.0,90000.0,115000.0
875000.0,850000.0,842500.0,25000.0,32500.0
525000.0,525000.0,510000.0,0.0,15000.0
2900000.0,3020000.0,3000000.0,120000.0,100000.0
379900.0,370000.0,370000.0,9900.0,9900.0
1255000.0,1140000.0,1250000.0,115000.0,5000.0
800000.0,865000.0,820000.0,65000.0,20000.0
620000.0,628000.0,620000.0,8000.0,0.0
797613.0,735000.0,770000.0,62613.0,27613.0
523000.0,620000.0,620000.0,97000.0,97000.0
815000.0,779000.0,785000.0,36000.0,30000.0
595000.0,620000.0,585000.0,25000.0,10000.0
1329000.0,1275000.0,1275000.0,54000.0,54000.0
369000.0,370000.0,369900.0,1000.0,900.0
1750000.0,1630000.0,1990000.0,120000.0,240000.0
310000.0,280000.0,312000.0,30000.0,2000.0
1400000.0,1372000.0,1398000.0,28000.0,2000.0
3125000.0,3000000.0,3025000.0,125000.0,100000.0
613000.0,599900.0,599900.0,13100.0,13100.0
305000.0,340000.0,340000.0,35000.0,35000.0
5800000.0,6150000.0,5800000.0,350000.0,0.0
248700.0,242000.0,242000.0,6700.0,6700.0
2250000.0,2300000.0,2030000.0,50000.0,220000.0
1475000.0,1800000.0,1800000.0,325000.0,325000.0
660000.0,663000.0,700000.0,3000.0,40000.0
450924.0,465000.0,450000.0,14076.0,924.0
2175000.0,2100000.0,2100000.0,75000.0,75000.0
1050000.0,1140000.0,1100000.0,90000.0,50000.0
840000.0,852900.0,849000.0,12900.0,9000.0
2600000.0,2895000.0,2700000.0,295000.0,100000.0
915000.0,1150000.0,924000.0,235000.0,9000.0
290000.0,284900.0,297000.0,5100.0,7000.0
2200000.0,2188875.0,2375000.0,11125.0,175000.0
1025000.0,1030000.0,1000000.0,5000.0,25000.0
4300000.0,4334000.0,4350000.0,34000.0,50000.0
1075000.0,1190000.0,1086000.0,115000.0,11000.0
1671000.0,1700000.0,1675000.0,29000.0,4000.0
1100000.0,1348000.0,1550524.0,248000.0,450524.0
490000.0,580000.0,576000.0,90000.0,86000.0
450000.0,460000.0,450000.0,10000.0,0.0
2411000.0,2499000.0,2450000.0,88000.0,39000.0
770000.0,769000.0,810000.0,1000.0,40000.0
2900000.0,2880000.0,2975000.0,20000.0,75000.0
1450000.0,1040000.0,1130000.0,410000.0,320000.0
990000.0,975000.0,1040000.0,15000.0,50000.0
515000.0,500000.0,500000.0,15000.0,15000.0
1750000.0,1515000.0,1600000.0,235000.0,150000.0
1650000.0,1560000.0,1608755.0,90000.0,41245.0
680000.0,700000.0,705000.0,20000.0,25000.0
1735000.0,1662500.0,1795000.0,72500.0,60000.0
1737000.0,1683000.0,1852000.0,54000.0,115000.0
1150000.0,1260000.0,1200000.0,110000.0,50000.0
1600000.0,1530000.0,1508486.0,70000.0,91514.0
2499000.0,2579000.0,2300000.0,80000.0,199000.0
488000.0,478000.0,470000.0,10000.0,18000.0
580000.0,565000.0,575000.0,15000.0,5000.0
580000.0,562000.0,569100.0,18000.0,10900.0
2720000.0,2750000.0,2750000.0,30000.0,30000.0
365000.0,360000.0,360000.0,5000.0,5000.0
855000.0,830000.0,826500.0,25000.0,28500.0
700000.0,740000.0,769000.0,40000.0,69000.0
450000.0,507500.0,499000.0,57500.0,49000.0
690000.0,722000.0,690000.0,32000.0,0.0
5750000.0,5695000.0,5695000.0,55000.0,55000.0
3695000.0,3500000.0,3600000.0,195000.0,95000.0
589000.0,590000.0,585000.0,1000.0,4000.0
518000.0,545000.0,535000.0,27000.0,17000.0
795000.0,795000.0,792000.0,0.0,3000.0
553036.0,520000.0,507000.0,33036.0,46036.0
5867505.0,6000000.0,5750000.0,132495.0,117505.0
930000.0,915000.0,915000.0,15000.0,15000.0
774000.0,789000.0,800000.0,15000.0,26000.0
1590000.0,1710000.0,1590000.0,120000.0,0.0
1400000.0,1400000.0,1460000.0,0.0,60000.0
2775000.0,2750000.0,2900000.0,25000.0,125000.0
465000.0,469000.0,470000.0,4000.0,5000.0
950000.0,1053000.0,1105000.0,103000.0,155000.0
442000.0,465000.0,428000.0,23000.0,14000.0
475000.0,475000.0,489000.0,0.0,14000.0
500000.0,485000.0,495000.0,15000.0,5000.0
580000.0,585000.0,572000.0,5000.0,8000.0
855000.0,890000.0,890000.0,35000.0,35000.0
280000.0,292000.0,291900.0,12000.0,11900.0
608000.0,580000.0,510000.0,28000.0,98000.0
560000.0,560000.0,545000.0,0.0,15000.0
424000.0,450000.0,415000.0,26000.0,9000.0
192000.0,170000.0,199900.0,22000.0,7900.0
465000.0,450000.0,474000.0,15000.0,9000.0
2025000.0,2000000.0,2195000.0,25000.0,170000.0
18500000.0,17965000.0,17830000.0,535000.0,670000.0
1181065.0,1150000.0,1150000.0,31065.0,31065.0
1315000.0,1283000.0,1380000.0,32000.0,65000.0
960000.0,1150000.0,1005000.0,190000.0,45000.0
22500000.0,20000000.0,22950000.0,2500000.0,450000.0
580000.0,610000.0,648900.0,30000.0,68900.0
625000.0,630000.0,648000.0,5000.0,23000.0
717500.0,710000.0,725000.0,7500.0,7500.0
420000.0,430000.0,415000.0,10000.0,5000.0
1998000.0,2100000.0,1900000.0,102000.0,98000.0
3058000.0,2900000.0,3270000.0,158000.0,212000.0
986515.0,1130000.0,1167000.0,143485.0,180485.0
1190000.0,1190000.0,1040999.0,0.0,149001.0
838600.0,820000.0,840000.0,18600.0,1400.0
1800000.0,1855000.0,1820000.0,55000.0,20000.0
5850000.0,6069500.0,6050000.0,219500.0,200000.0
935000.0,925000.0,925000.0,10000.0,10000.0
935000.0,950000.0,955000.0,15000.0,20000.0
585000.0,625000.0,600000.0,40000.0,15000.0
1125000.0,1210000.0,1165000.0,85000.0,40000.0
582000.0,575000.0,580000.0,7000.0,2000.0
1299000.0,1199999.0,1263000.0,99001.0,36000.0
615000.0,632000.0,550000.0,17000.0,65000.0
1135000.0,1250000.0,1250000.0,115000.0,115000.0
635000.0,695000.0,717000.0,60000.0,82000.0
642005.0,615000.0,603990.0,27005.0,38015.0
345000.0,320000.0,350000.0,25000.0,5000.0
1225000.0,1350000.0,1350000.0,125000.0,125000.0
5295000.0,5250000.0,5250000.0,45000.0,45000.0
745000.0,740000.0,804000.0,5000.0,59000.0
2160000.0,2250000.0,2199000.0,90000.0,39000.0
450000.0,440000.0,460000.0,10000.0,10000.0
1733000.0,1700000.0,1725000.0,33000.0,8000.0
883975.0,834000.0,889000.0,49975.0,5025.0
1135000.0,1160000.0,1150000.0,25000.0,15000.0
2300000.0,2405000.0,2330000.0,105000.0,30000.0
737500.0,747500.0,747500.0,10000.0,10000.0
442500.0,475000.0,455000.0,32500.0,12500.0
919900.0,920000.0,910000.0,100.0,9900.0
585000.0,575000.0,630000.0,10000.0,45000.0
859900.0,840000.0,810000.0,19900.0,49900.0
759000.0,735000.0,749000.0,24000.0,10000.0
3800000.0,4300000.0,4188000.0,500000.0,388000.0
735000.0,769800.0,691000.0,34800.0,44000.0
1874000.0,1965000.0,1955000.0,91000.0,81000.0
995000.0,995000.0,920000.0,0.0,75000.0
745000.0,760000.0,820000.0,15000.0,75000.0
565000.0,579000.0,525000.0,14000.0,40000.0
395000.0,387000.0,394990.0,8000.0,10.0
860000.0,795000.0,825000.0,65000.0,35000.0
788000.0,755000.0,820000.0,33000.0,32000.0
304000.0,299500.0,295000.0,4500.0,9000.0
1130000.0,1179000.0,1155000.0,49000.0,25000.0
533129.0,574637.0,531061.0,41508.0,2068.0
8500000.0,8550000.0,8965000.0,50000.0,465000.0
779000.0,790000.0,785500.0,11000.0,6500.0
1050000.0,1032000.0,1035000.0,18000.0,15000.0
1249000.0,1230000.0,1230000.0,19000.0,19000.0
1450000.0,1500000.0,1550000.0,50000.0,100000.0
1019276.0,1026448.0,1026448.0,7172.0,7172.0
134000.0,130000.0,130000.0,4000.0,4000.0
460000.0,450000.0,463000.0,10000.0,3000.0
543000.0,560000.0,579000.0,17000.0,36000.0
1625000.0,1640000.0,1650000.0,15000.0,25000.0
620000.0,645000.0,635000.0,25000.0,15000.0
400000.0,389900.0,394900.0,10100.0,5100.0
2145000.0,2114000.0,2353000.0,31000.0,208000.0
925000.0,951000.0,906000.0,26000.0,19000.0
825000.0,829000.0,800000.0,4000.0,25000.0
120000.0,120000.0,150000.0,0.0,30000.0
1455000.0,1482500.0,1482500.0,27500.0,27500.0
1202460.0,1159990.0,1169857.0,42470.0,32603.0
1265000.0,1340000.0,1300000.0,75000.0,35000.0
2200000.0,2190000.0,2100000.0,10000.0,100000.0
1450000.0,1625000.0,1807000.0,175000.0,357000.0
900000.0,910000.0,920000.0,10000.0,20000.0
1000000.0,1015000.0,1025000.0,15000.0,25000.0
4015000.0,4350000.0,4100000.0,335000.0,85000.0
960000.0,1045000.0,1165000.0,85000.0,205000.0
470000.0,489000.0,480000.0,19000.0,10000.0
415000.0,450000.0,530000.0,35000.0,115000.0
460000.0,446000.0,446000.0,14000.0,14000.0
1445000.0,1530000.0,1430000.0,85000.0,15000.0
2400000.0,3500000.0,3500000.0,1100000.0,1100000.0
695000.0,725000.0,750000.0,30000.0,55000.0
1258600.0,1315000.0,1300000.0,56400.0,41400.0
810000.0,800000.0,825000.0,10000.0,15000.0
505000.0,521000.0,525000.0,16000.0,20000.0
2850000.0,3461110.0,2675000.0,611110.0,175000.0
575000.0,624900.0,600000.0,49900.0,25000.0
1655000.0,1615000.0,1500000.0,40000.0,155000.0
1090000.0,1195000.0,1210000.0,105000.0,120000.0
2319000.0,2350000.0,2350000.0,31000.0,31000.0
1445000.0,1450000.0,1513000.0,5000.0,68000.0
365000.0,365000.0,380000.0,0.0,15000.0
4225000.0,4450000.0,4450000.0,225000.0,225000.0
250000.0,225000.0,245000.0,25000.0,5000.0
1765000.0,1775000.0,1834953.0,10000.0,69953.0
1557000.0,1522500.0,1545000.0,34500.0,12000.0
897000.0,875000.0,875000.0,22000.0,22000.0
325000.0,310000.0,320000.0,15000.0,5000.0
1505000.0,1600000.0,1600000.0,95000.0,95000.0
322000.0,337918.0,300000.0,15918.0,22000.0
720000.0,735000.0,778000.0,15000.0,58000.0
1600000.0,1787500.0,1805000.0,187500.0,205000.0
500000.0,510000.0,515000.0,10000.0,15000.0
540000.0,522000.0,520000.0,18000.0,20000.0
650000.0,830000.0,830000.0,180000.0,180000.0
2400000.0,2495000.0,2600000.0,95000.0,200000.0
787500.0,740000.0,740000.0,47500.0,47500.0
1974000.0,2500000.0,2200000.0,526000.0,226000.0
6275000.0,6625000.0,6330000.0,350000.0,55000.0
2670000.0,2500000.0,2640000.0,170000.0,30000.0
1310000.0,1369750.0,1349990.0,59750.0,39990.0
775000.0,680000.0,755000.0,95000.0,20000.0
520990.0,589463.0,592000.0,68473.0,71010.0
935000.0,910000.0,960000.0,25000.0,25000.0
1190000.0,1238100.0,1177000.0,48100.0,13000.0
474000.0,485000.0,450000.0,11000.0,24000.0
685000.0,670000.0,670000.0,15000.0,15000.0
520000.0,520000.0,530000.0,0.0,10000.0
1225000.0,1343800.0,1220000.0,118800.0,5000.0
638000.0,670000.0,670000.0,32000.0,32000.0
850888.0,850000.0,825000.0,888.0,25888.0
710000.0,735000.0,705000.0,25000.0,5000.0
2225000.0,2300000.0,2325000.0,75000.0,100000.0
510000.0,490000.0,500000.0,20000.0,10000.0
715000.0,815000.0,855750.0,100000.0,140750.0
925000.0,900000.0,910000.0,25000.0,15000.0
1370000.0,1378000.0,1411000.0,8000.0,41000.0
529900.0,530000.0,530000.0,100.0,100.0
2925000.0,3035000.0,2900000.0,110000.0,25000.0
821000.0,860000.0,830000.0,39000.0,9000.0
329000.0,335000.0,335000.0,6000.0,6000.0
570000.0,565000.0,560000.0,5000.0,10000.0
280000.0,279000.0,279000.0,1000.0,1000.0
450000.0,485000.0,505000.0,35000.0,55000.0
975000.0,965000.0,970000.0,10000.0,5000.0
1995000.0,1978000.0,2070000.0,17000.0,75000.0
1047000.0,1150000.0,978000.0,103000.0,69000.0
1450000.0,1375000.0,1350000.0,75000.0,100000.0
1410000.0,1455000.0,1434672.0,45000.0,24672.0
800000.0,835000.0,835000.0,35000.0,35000.0
464000.0,495000.0,495000.0,31000.0,31000.0
4800000.0,3750000.0,5000000.0,1050000.0,200000.0
1825000.0,2005000.0,1965000.0,180000.0,140000.0
355000.0,327000.0,340000.0,28000.0,15000.0
555000.0,584000.0,580000.0,29000.0,25000.0
1934000.0,1400000.0,1400000.0,534000.0,534000.0
780000.0,818000.0,770000.0,38000.0,10000.0
1200000.0,1200000.0,1308000.0,0.0,108000.0
460000.0,468000.0,460000.0,8000.0,0.0
1810000.0,1750000.0,1760000.0,60000.0,50000.0
26800.0,8000.0,31000.0,18800.0,4200.0
305000.0,295000.0,297000.0,10000.0,8000.0
888000.0,835000.0,835000.0,53000.0,53000.0
355000.0,376000.0,369999.0,21000.0,14999.0
680000.0,730000.0,740000.0,50000.0,60000.0
452772.0,446990.0,440000.0,5782.0,12772.0
900000.0,937500.0,937500.0,37500.0,37500.0
537900.0,525000.0,535000.0,12900.0,2900.0
1285000.0,1200000.0,1230000.0,85000.0,55000.0
695500.0,699990.0,699990.0,4490.0,4490.0
425000.0,395000.0,395000.0,30000.0,30000.0
339000.0,338000.0,345000.0,1000.0,6000.0
404507.0,390000.0,402000.0,14507.0,2507.0
455122.0,443000.0,440000.0,12122.0,15122.0
360000.0,360000.0,360000.0,0.0,0.0
438046.0,426511.0,426511.0,11535.0,11535.0
1200000.0,1100000.0,1040000.0,100000.0,160000.0
3180000.0,3480000.0,3380000.0,300000.0,200000.0
310000.0,310000.0,310000.0,0.0,0.0
985000.0,945000.0,1000000.0,40000.0,15000.0
730000.0,720000.0,702000.0,10000.0,28000.0
612090.0,626900.0,626900.0,14810.0,14810.0
643000.0,675000.0,680000.0,32000.0,37000.0
851000.0,848000.0,829950.0,3000.0,21050.0
570000.0,650000.0,600000.0,80000.0,30000.0
915000.0,915000.0,900000.0,0.0,15000.0
420000.0,393000.0,428000.0,27000.0,8000.0
329000.0,322500.0,330000.0,6500.0,1000.0
450000.0,500000.0,510000.0,50000.0,60000.0
885000.0,800000.0,869000.0,85000.0,16000.0
6555000.0,6565000.0,6565000.0,10000.0,10000.0
100000.0,100000.0,130000.0,0.0,30000.0
1149000.0,1115000.0,1100000.0,34000.0,49000.0
190000.0,165000.0,180000.0,25000.0,10000.0
656000.0,712000.0,741000.0,56000.0,85000.0
700000.0,745000.0,740000.0,45000.0,40000.0
799000.0,799000.0,790000.0,0.0,9000.0
1775000.0,2127500.0,1725000.0,352500.0,50000.0
1960000.0,1835550.0,2070000.0,124450.0,110000.0
565000.0,561000.0,575000.0,4000.0,10000.0
765000.0,800000.0,780000.0,35000.0,15000.0
3850000.0,4100000.0,3997000.0,250000.0,147000.0
1270250.0,1525000.0,1430000.0,254750.0,159750.0
1200000.0,1265000.0,1265000.0,65000.0,65000.0
615000.0,624460.0,631000.0,9460.0,16000.0
477750.0,495000.0,493506.0,17250.0,15756.0
740000.0,850000.0,820000.0,110000.0,80000.0
1050000.0,1075000.0,1075000.0,25000.0,25000.0
5995000.0,6500000.0,5400000.0,505000.0,595000.0
529645.0,525000.0,525000.0,4645.0,4645.0
975000.0,935000.0,1025000.0,40000.0,50000.0
494990.0,502758.0,497721.0,7768.0,2731.0
445000.0,449900.0,450000.0,4900.0,5000.0
1260000.0,1175000.0,1100000.0,85000.0,160000.0
725000.0,729000.0,735000.0,4000.0,10000.0
300000.0,290000.0,300000.0,10000.0,0.0
430000.0,400000.0,440000.0,30000.0,10000.0
660000.0,694995.0,670000.0,34995.0,10000.0
1260000.0,1425000.0,1300000.0,165000.0,40000.0
418000.0,424990.0,400000.0,6990.0,18000.0
475000.0,477000.0,484500.0,2000.0,9500.0
650000.0,660000.0,680000.0,10000.0,30000.0
1299000.0,1235000.0,1250000.0,64000.0,49000.0
980000.0,900000.0,952000.0,80000.0,28000.0
2599000.0,2850000.0,2850000.0,251000.0,251000.0
480000.0,490000.0,490000.0,10000.0,10000.0
1050000.0,1180000.0,1200000.0,130000.0,150000.0
182000.0,201620.0,203000.0,19620.0,21000.0
555000.0,549900.0,540000.0,5100.0,15000.0
885000.0,890000.0,895000.0,5000.0,10000.0
589000.0,607076.0,584000.0,18076.0,5000.0
615000.0,630000.0,615000.0,15000.0,0.0
725000.0,800000.0,854413.0,75000.0,129413.0
850000.0,900000.0,900000.0,50000.0,50000.0
489150.0,489642.0,489642.0,492.0,492.0
502224.0,468599.0,468599.0,33625.0,33625.0
850000.0,814500.0,855000.0,35500.0,5000.0
2467500.0,2300000.0,2300000.0,167500.0,167500.0
441000.0,350000.0,355000.0,91000.0,86000.0
587339.0,580987.0,571500.0,6352.0,15839.0
562029.0,549990.0,550000.0,12039.0,12029.0
3455000.0,3475000.0,3650000.0,20000.0,195000.0
1300000.0,1300000.0,1300000.0,0.0,0.0
699990.0,690000.0,700000.0,9990.0,10.0
5250000.0,5200000.0,5200000.0,50000.0,50000.0
900000.0,850000.0,870000.0,50000.0,30000.0
335000.0,359000.0,359000.0,24000.0,24000.0
615000.0,585000.0,565000.0,30000.0,50000.0
780000.0,800000.0,819000.0,20000.0,39000.0
350000.0,350000.0,350000.0,0.0,0.0
10019375.0,9500000.0,9000000.0,519375.0,1019375.0
830000.0,815000.0,835000.0,15000.0,5000.0
332000.0,345000.0,340000.0,13000.0,8000.0
500000.0,450000.0,450000.0,50000.0,50000.0
755000.0,770000.0,745000.0,15000.0,10000.0
1650000.0,2655000.0,2655000.0,1005000.0,1005000.0
775000.0,738000.0,757000.0,37000.0,18000.0
325000.0,330000.0,330000.0,5000.0,5000.0
500000.0,525000.0,535000.0,25000.0,35000.0
639990.0,639990.0,639990.0,0.0,0.0
904960.0,885000.0,890000.0,19960.0,14960.0
405000.0,410000.0,405000.0,5000.0,0.0
500000.0,520000.0,520000.0,20000.0,20000.0
455000.0,450000.0,425000.0,5000.0,30000.0
539000.0,550000.0,530000.0,11000.0,9000.0
789453.0,770000.0,840000.0,19453.0,50547.0
770000.0,839000.0,830000.0,69000.0,60000.0
1500000.0,1465000.0,1490000.0,35000.0,10000.0
880000.0,955000.0,915000.0,75000.0,35000.0
960000.0,915000.0,900000.0,45000.0,60000.0
5550000.0,5860000.0,5800000.0,310000.0,250000.0
225000.0,243000.0,235000.0,18000.0,10000.0
580000.0,578000.0,570000.0,2000.0,10000.0
520000.0,524900.0,527000.0,4900.0,7000.0
1860000.0,1880000.0,1824990.0,20000.0,35010.0
855000.0,820000.0,825000.0,35000.0,30000.0
1200000.0,1176000.0,1150000.0,24000.0,50000.0
995000.0,1100000.0,1070000.0,105000.0,75000.0
810000.0,819000.0,865000.0,9000.0,55000.0
815000.0,824000.0,810000.0,9000.0,5000.0
440000.0,445000.0,458000.0,5000.0,18000.0
785000.0,775000.0,784000.0,10000.0,1000.0
5800000.0,5800000.0,6000000.0,0.0,200000.0
415000.0,425000.0,425000.0,10000.0,10000.0
1475000.0,1520000.0,1499000.0,45000.0,24000.0
4550000.0,5100000.0,5100000.0,550000.0,550000.0
1325000.0,1359900.0,1450000.0,34900.0,125000.0
925000.0,970000.0,929000.0,45000.0,4000.0
915000.0,870000.0,889000.0,45000.0,26000.0
220000.0,294200.0,280000.0,74200.0,60000.0
850000.0,1150000.0,1500000.0,300000.0,650000.0
700000.0,700000.0,690000.0,0.0,10000.0
475000.0,485000.0,500000.0,10000.0,25000.0
85000.0,85000.0,70000.0,0.0,15000.0
400000.0,425000.0,395000.0,25000.0,5000.0
11150000.0,11150000.0,12000000.0,0.0,850000.0
725000.0,715000.0,710000.0,10000.0,15000.0
1715000.0,1800000.0,1965000.0,85000.0,250000.0
646500.0,749000.0,760000.0,102500.0,113500.0
360000.0,367000.0,367000.0,7000.0,7000.0
541900.0,542900.0,556000.0,1000.0,14100.0
278000.0,255000.0,340000.0,23000.0,62000.0
527777.0,475000.0,515000.0,52777.0,12777.0
930000.0,965000.0,954000.0,35000.0,24000.0
684000.0,698900.0,700000.0,14900.0,16000.0
605000.0,631000.0,605000.0,26000.0,0.0
479000.0,515000.0,510000.0,36000.0,31000.0
880000.0,865000.0,850000.0,15000.0,30000.0
1275000.0,1250000.0,1290000.0,25000.0,15000.0
655000.0,640000.0,622990.0,15000.0,32010.0
1110100.0,1100000.0,1200000.0,10100.0,89900.0
899900.0,700000.0,899000.0,199900.0,900.0
925000.0,925000.0,907500.0,0.0,17500.0
485000.0,975000.0,975000.0,490000.0,490000.0
1495000.0,1425000.0,1425000.0,70000.0,70000.0
3975000.0,4000000.0,4000000.0,25000.0,25000.0
1330000.0,1380000.0,1340000.0,50000.0,10000.0
385000.0,380000.0,380000.0,5000.0,5000.0
740000.0,765000.0,878000.0,25000.0,138000.0
1993000.0,1765000.0,1800000.0,228000.0,193000.0
2100000.0,2390000.0,2140000.0,290000.0,40000.0
406000.0,410000.0,295000.0,4000.0,111000.0
3650000.0,4261590.0,4261590.0,611590.0,611590.0
630000.0,640000.0,665000.0,10000.0,35000.0
1250000.0,1224990.0,1230000.0,25010.0,20000.0
649000.0,575000.0,605000.0,74000.0,44000.0
1439000.0,1392000.0,1390000.0,47000.0,49000.0
765000.0,785000.0,779000.0,20000.0,14000.0
1750000.0,2195000.0,2275000.0,445000.0,525000.0
439000.0,435000.0,434900.0,4000.0,4100.0
652000.0,705000.0,660000.0,53000.0,8000.0
680000.0,660000.0,640000.0,20000.0,40000.0
4790000.0,5600000.0,5600000.0,810000.0,810000.0
615000.0,672000.0,672000.0,57000.0,57000.0
550000.0,640000.0,550000.0,90000.0,0.0
729000.0,725000.0,690000.0,4000.0,39000.0
900000.0,865500.0,877500.0,34500.0,22500.0
4750000.0,5000000.0,4800000.0,250000.0,50000.0
1600000.0,1311000.0,1311000.0,289000.0,289000.0
567000.0,555000.0,575000.0,12000.0,8000.0
1375000.0,1400000.0,1550000.0,25000.0,175000.0
13000000.0,14250000.0,15300000.0,1250000.0,2300000.0
1125000.0,1087500.0,900000.0,37500.0,225000.0
690000.0,685000.0,680000.0,5000.0,10000.0
955000.0,969000.0,995000.0,14000.0,40000.0
451034.0,437000.0,429000.0,14034.0,22034.0
1105175.0,950990.0,965000.0,154185.0,140175.0
590000.0,570000.0,574000.0,20000.0,16000.0
770000.0,610000.0,765000.0,160000.0,5000.0
3208000.0,3350000.0,3800000.0,142000.0,592000.0
555000.0,635000.0,610000.0,80000.0,55000.0
631000.0,607500.0,620000.0,23500.0,11000.0
621039.0,615000.0,615000.0,6039.0,6039.0
935000.0,1100000.0,1000000.0,165000.0,65000.0
1000000.0,1015000.0,1000000.0,15000.0,0.0
500000.0,520000.0,500000.0,20000.0,0.0
630000.0,600000.0,625000.0,30000.0,5000.0
2454000.0,2575000.0,2560000.0,121000.0,106000.0
163000.0,145000.0,155000.0,18000.0,8000.0
1650000.0,2150000.0,2000000.0,500000.0,350000.0
2995000.0,3075000.0,3150000.0,80000.0,155000.0
701000.0,760000.0,777000.0,59000.0,76000.0
520000.0,535000.0,540000.0,15000.0,20000.0
950000.0,945000.0,944000.0,5000.0,6000.0
6150000.0,6100000.0,6250000.0,50000.0,100000.0
750000.0,730000.0,730000.0,20000.0,20000.0
1475000.0,1325000.0,1475000.0,150000.0,0.0
2279000.0,2323000.0,2350000.0,44000.0,71000.0
355000.0,350000.0,368000.0,5000.0,13000.0
1500000.0,1440000.0,1482500.0,60000.0,17500.0
382000.0,415000.0,415000.0,33000.0,33000.0
950000.0,1063700.0,1351000.0,113700.0,401000.0
800000.0,815000.0,790000.0,15000.0,10000.0
600000.0,635000.0,630000.0,35000.0,30000.0
482000.0,377000.0,365000.0,105000.0,117000.0
850000.0,840000.0,805000.0,10000.0,45000.0
770000.0,768000.0,759000.0,2000.0,11000.0
1297500.0,1399000.0,1425000.0,101500.0,127500.0
400000.0,400000.0,405000.0,0.0,5000.0
375000.0,375000.0,390000.0,0.0,15000.0
610000.0,571000.0,580000.0,39000.0,30000.0
845000.0,880000.0,901960.0,35000.0,56960.0
4150000.0,4000000.0,3960000.0,150000.0,190000.0
870000.0,949900.0,949900.0,79900.0,79900.0
2575000.0,2605000.0,2629990.0,30000.0,54990.0
1800000.0,2290000.0,1999000.0,490000.0,199000.0
786785.0,796637.0,796637.0,9852.0,9852.0
785000.0,770000.0,782500.0,15000.0,2500.0
392000.0,399900.0,399000.0,7900.0,7000.0
6600000.0,6396250.0,6400000.0,203750.0,200000.0
496500.0,520000.0,605000.0,23500.0,108500.0
700000.0,680000.0,690000.0,20000.0,10000.0
507992.0,507469.0,527818.0,523.0,19826.0
517000.0,510000.0,519990.0,7000.0,2990.0
500000.0,500000.0,504000.0,0.0,4000.0
1565000.0,1520000.0,1590000.0,45000.0,25000.0
617000.0,599900.0,610000.0,17100.0,7000.0
4530000.0,4995000.0,5200000.0,465000.0,670000.0
1735000.0,1775000.0,1730000.0,40000.0,5000.0
499999.0,575000.0,505000.0,75001.0,5001.0
1450000.0,1500000.0,1500000.0,50000.0,50000.0
750000.0,765000.0,790000.0,15000.0,40000.0
900000.0,925000.0,925000.0,25000.0,25000.0
3500000.0,3360000.0,3660000.0,140000.0,160000.0
535000.0,550000.0,555000.0,15000.0,20000.0
660000.0,575000.0,599000.0,85000.0,61000.0
419000.0,415000.0,420000.0,4000.0,1000.0
1050000.0,1120000.0,1125000.0,70000.0,75000.0
1700000.0,1742500.0,1588500.0,42500.0,111500.0
835000.0,845000.0,885000.0,10000.0,50000.0
920000.0,960000.0,936500.0,40000.0,16500.0
4600000.0,4800000.0,4680000.0,200000.0,80000.0
635000.0,675000.0,654000.0,40000.0,19000.0
925000.0,900000.0,900000.0,25000.0,25000.0
550000.0,567000.0,533000.0,17000.0,17000.0
625000.0,610000.0,645000.0,15000.0,20000.0
750000.0,763000.0,750000.0,13000.0,0.0
240000.0,240000.0,240000.0,0.0,0.0
669000.0,615000.0,615000.0,54000.0,54000.0
520000.0,565000.0,570000.0,45000.0,50000.0
630000.0,550000.0,600000.0,80000.0,30000.0
497900.0,505000.0,495000.0,7100.0,2900.0
2730000.0,2753000.0,2800000.0,23000.0,70000.0
618000.0,600000.0,630000.0,18000.0,12000.0
740000.0,745000.0,820000.0,5000.0,80000.0
1264000.0,1175000.0,1190000.0,89000.0,74000.0
555000.0,570000.0,540000.0,15000.0,15000.0
650000.0,625000.0,640000.0,25000.0,10000.0
820000.0,815000.0,845900.0,5000.0,25900.0
940000.0,900000.0,930000.0,40000.0,10000.0
830000.0,858888.0,830000.0,28888.0,0.0
770000.0,770000.0,750000.0,0.0,20000.0
807500.0,800000.0,830000.0,7500.0,22500.0
817000.0,790000.0,876000.0,27000.0,59000.0
4900000.0,4700000.0,5200000.0,200000.0,300000.0
735000.0,745000.0,756800.0,10000.0,21800.0
748800.0,734000.0,750000.0,14800.0,1200.0
740000.0,738500.0,750000.0,1500.0,10000.0
495000.0,499900.0,480000.0,4900.0,15000.0
750000.0,717500.0,715000.0,32500.0,35000.0
1775000.0,2205000.0,1850000.0,430000.0,75000.0
690000.0,719000.0,705000.0,29000.0,15000.0
667000.0,610000.0,480000.0,57000.0,187000.0
450000.0,460000.0,459000.0,10000.0,9000.0
530000.0,615000.0,615000.0,85000.0,85000.0
1925000.0,1925000.0,1925000.0,0.0,0.0
545000.0,585000.0,580000.0,40000.0,35000.0
639000.0,630000.0,658965.0,9000.0,19965.0
610000.0,605000.0,600000.0,5000.0,10000.0
417000.0,430000.0,429000.0,13000.0,12000.0
342500.0,340000.0,332500.0,2500.0,10000.0
697694.0,671990.0,685000.0,25704.0,12694.0
615000.0,575000.0,610000.0,40000.0,5000.0
1260000.0,1210000.0,1250000.0,50000.0,10000.0
800000.0,875000.0,875000.0,75000.0,75000.0
1295000.0,1313000.0,1313000.0,18000.0,18000.0
1215000.0,1340000.0,1255000.0,125000.0,40000.0
470000.0,485000.0,485000.0,15000.0,15000.0
850000.0,885000.0,861000.0,35000.0,11000.0
340000.0,325000.0,340000.0,15000.0,0.0
5000000.0,5200000.0,5298000.0,200000.0,298000.0
1307415.0,1299880.0,1235000.0,7535.0,72415.0
600000.0,614888.0,615000.0,14888.0,15000.0
950000.0,925000.0,925000.0,25000.0,25000.0
374000.0,369000.0,370000.0,5000.0,4000.0
1288000.0,1335000.0,1310000.0,47000.0,22000.0
420000.0,420000.0,435000.0,0.0,15000.0
790000.0,830000.0,830000.0,40000.0,40000.0
373000.0,385000.0,379000.0,12000.0,6000.0
660000.0,720000.0,699000.0,60000.0,39000.0
890000.0,1060000.0,963963.0,170000.0,73963.0
600000.0,640000.0,645000.0,40000.0,45000.0
299000.0,294000.0,285000.0,5000.0,14000.0
607000.0,599500.0,615000.0,7500.0,8000.0
409500.0,500000.0,480000.0,90500.0,70500.0
387000.0,375000.0,380000.0,12000.0,7000.0
125000.0,132000.0,130000.0,7000.0,5000.0
912150.0,930000.0,939000.0,17850.0,26850.0
649990.0,629990.0,687305.0,20000.0,37315.0
770000.0,725000.0,765000.0,45000.0,5000.0
75000.0,75000.0,70000.0,0.0,5000.0
520000.0,522000.0,555000.0,2000.0,35000.0
680000.0,730000.0,775000.0,50000.0,95000.0
1710000.0,1735000.0,1789000.0,25000.0,79000.0
1125000.0,985000.0,1025000.0,140000.0,100000.0
415000.0,420000.0,436000.0,5000.0,21000.0
3288000.0,3400000.0,3400000.0,112000.0,112000.0
530000.0,530000.0,535000.0,0.0,5000.0
450000.0,447000.0,450000.0,3000.0,0.0
410000.0,405000.0,425000.0,5000.0,15000.0
880000.0,948000.0,970000.0,68000.0,90000.0
487500.0,450000.0,450000.0,37500.0,37500.0
640000.0,650000.0,655000.0,10000.0,15000.0
415000.0,375000.0,393000.0,40000.0,22000.0
465000.0,465000.0,495000.0,0.0,30000.0
480000.0,476175.0,477500.0,3825.0,2500.0
2300000.0,2500000.0,2590000.0,200000.0,290000.0
550000.0,560000.0,510000.0,10000.0,40000.0
580000.0,620000.0,589900.0,40000.0,9900.0
928000.0,937579.0,917000.0,9579.0,11000.0
550500.0,499990.0,495000.0,50510.0,55500.0
325000.0,320000.0,300000.0,5000.0,25000.0
946000.0,937579.0,937579.0,8421.0,8421.0
715000.0,715000.0,740000.0,0.0,25000.0
1150000.0,1200000.0,1200000.0,50000.0,50000.0
900000.0,885000.0,885000.0,15000.0,15000.0
1115000.0,1160000.0,1127311.0,45000.0,12311.0
415000.0,385000.0,385000.0,30000.0,30000.0
629990.0,629990.0,629990.0,0.0,0.0
1350000.0,1400000.0,1455000.0,50000.0,105000.0
1685000.0,1820000.0,1775000.0,135000.0,90000.0
410000.0,440000.0,405000.0,30000.0,5000.0
355000.0,380000.0,360000.0,25000.0,5000.0
1245000.0,1300000.0,1280000.0,55000.0,35000.0
1595000.0,1658000.0,1650000.0,63000.0,55000.0
835000.0,977400.0,871000.0,142400.0,36000.0
649900.0,650000.0,645000.0,100.0,4900.0
499000.0,455000.0,515000.0,44000.0,16000.0
17750000.0,20000000.0,20124685.0,2250000.0,2374685.0
735000.0,775000.0,765000.0,40000.0,30000.0
600000.0,630000.0,597000.0,30000.0,3000.0
538790.0,475000.0,534823.0,63790.0,3967.0
584900.0,565000.0,600000.0,19900.0,15100.0
1215000.0,1200000.0,1300000.0,15000.0,85000.0
649988.0,660000.0,670000.0,10012.0,20012.0
626000.0,620000.0,620000.0,6000.0,6000.0
265000.0,265000.0,280000.0,0.0,15000.0
1600000.0,1650000.0,1543000.0,50000.0,57000.0
700000.0,722000.0,752000.0,22000.0,52000.0
709900.0,690000.0,705000.0,19900.0,4900.0
1745000.0,1798000.0,1820000.0,53000.0,75000.0
185000.0,190000.0,194900.0,5000.0,9900.0
845000.0,880000.0,880000.0,35000.0,35000.0
635000.0,620000.0,625000.0,15000.0,10000.0
732574.0,725000.0,725000.0,7574.0,7574.0
550000.0,580000.0,583000.0,30000.0,33000.0
239750.0,229000.0,250000.0,10750.0,10250.0
1145000.0,1150000.0,1269619.0,5000.0,124619.0
1900000.0,2280000.0,2300000.0,380000.0,400000.0
1414304.0,1400000.0,1380000.0,14304.0,34304.0
353000.0,280000.0,345000.0,73000.0,8000.0
2500000.0,4100000.0,4000000.0,1600000.0,1500000.0
354000.0,335000.0,349000.0,19000.0,5000.0
947000.0,1080000.0,1049000.0,133000.0,102000.0
10700000.0,8000000.0,11147500.0,2700000.0,447500.0
1600000.0,1480000.0,1546500.0,120000.0,53500.0
480000.0,550000.0,472500.0,70000.0,7500.0
1675000.0,1750000.0,1675000.0,75000.0,0.0
700000.0,900000.0,750000.0,200000.0,50000.0
485000.0,485000.0,485000.0,0.0,0.0
589650.0,569000.0,579534.0,20650.0,10116.0
918083.0,905000.0,905000.0,13083.0,13083.0
445000.0,450000.0,450000.0,5000.0,5000.0
703990.0,740000.0,715490.0,36010.0,11500.0
404500.0,360000.0,399900.0,44500.0,4600.0
330000.0,325000.0,320000.0,5000.0,10000.0
760000.0,876500.0,835000.0,116500.0,75000.0
560000.0,585000.0,530000.0,25000.0,30000.0
428000.0,505000.0,499000.0,77000.0,71000.0
754000.0,760000.0,749990.0,6000.0,4010.0
510000.0,525000.0,585000.0,15000.0,75000.0
910000.0,922500.0,936000.0,12500.0,26000.0
607000.0,599000.0,561500.0,8000.0,45500.0
452000.0,467000.0,420000.0,15000.0,32000.0
725000.0,700000.0,739900.0,25000.0,14900.0
295000.0,305000.0,312000.0,10000.0,17000.0
650000.0,649900.0,645000.0,100.0,5000.0
5250000.0,6000000.0,5250000.0,750000.0,0.0
2725000.0,2600000.0,2621242.0,125000.0,103758.0
299500.0,299000.0,283500.0,500.0,16000.0
445000.0,398000.0,450000.0,47000.0,5000.0
654000.0,640000.0,621000.0,14000.0,33000.0
6600000.0,6585000.0,6585000.0,15000.0,15000.0
1390000.0,1500000.0,1500000.0,110000.0,110000.0
840000.0,870500.0,930000.0,30500.0,90000.0
420000.0,450000.0,410000.0,30000.0,10000.0
530000.0,540000.0,520000.0,10000.0,10000.0
999000.0,1300000.0,1070000.0,301000.0,71000.0
1170000.0,1570000.0,1375000.0,400000.0,205000.0
379999.0,380000.0,365000.0,1.0,14999.0
635000.0,675000.0,680000.0,40000.0,45000.0
755000.0,754900.0,751000.0,100.0,4000.0
1019764.0,879000.0,878000.0,140764.0,141764.0
1700000.0,1462500.0,1462500.0,237500.0,237500.0
725000.0,699000.0,760000.0,26000.0,35000.0
810000.0,825000.0,815000.0,15000.0,5000.0
680000.0,690000.0,690000.0,10000.0,10000.0
935000.0,920000.0,950000.0,15000.0,15000.0
985000.0,1050000.0,1050000.0,65000.0,65000.0
1000000.0,1080000.0,1088888.0,80000.0,88888.0
460000.0,489000.0,485000.0,29000.0,25000.0
1150000.0,1150000.0,1125000.0,0.0,25000.0
275000.0,272500.0,275500.0,2500.0,500.0
477835.0,480000.0,452000.0,2165.0,25835.0
425000.0,429900.0,450000.0,4900.0,25000.0
2050000.0,2225000.0,2100000.0,175000.0,50000.0
215000.0,249000.0,230000.0,34000.0,15000.0
650000.0,660000.0,645000.0,10000.0,5000.0
850000.0,855000.0,840000.0,5000.0,10000.0
375000.0,340000.0,340000.0,35000.0,35000.0
62700.0,59900.0,59000.0,2800.0,3700.0
1400000.0,1425000.0,1575000.0,25000.0,175000.0
332500.0,271000.0,330000.0,61500.0,2500.0
760000.0,730000.0,748000.0,30000.0,12000.0
785000.0,770000.0,800000.0,15000.0,15000.0
384070.0,369500.0,380000.0,14570.0,4070.0
545000.0,500000.0,560000.0,45000.0,15000.0
480000.0,470000.0,460000.0,10000.0,20000.0
535000.0,565000.0,535000.0,30000.0,0.0
319000.0,324000.0,324000.0,5000.0,5000.0
820000.0,783000.0,783000.0,37000.0,37000.0
1280000.0,1335000.0,1325000.0,55000.0,45000.0
593000.0,665000.0,670000.0,72000.0,77000.0
990000.0,1070000.0,1070000.0,80000.0,80000.0
4459500.0,4840000.0,4850000.0,380500.0,390500.0
778735.0,700000.0,700000.0,78735.0,78735.0
890000.0,878000.0,880000.0,12000.0,10000.0
545000.0,407000.0,407000.0,138000.0,138000.0
1359000.0,1385000.0,1350000.0,26000.0,9000.0
424900.0,420000.0,420000.0,4900.0,4900.0
825000.0,820000.0,810000.0,5000.0,15000.0
520000.0,500000.0,510000.0,20000.0,10000.0
560000.0,580000.0,589000.0,20000.0,29000.0
385000.0,390000.0,390000.0,5000.0,5000.0
443000.0,450000.0,450000.0,7000.0,7000.0
2800000.0,2825000.0,2900000.0,25000.0,100000.0
440000.0,460000.0,445000.0,20000.0,5000.0
1749000.0,1625000.0,1712500.0,124000.0,36500.0
254000.0,241000.0,268000.0,13000.0,14000.0
290000.0,348500.0,360000.0,58500.0,70000.0
718000.0,735000.0,615000.0,17000.0,103000.0
365000.0,395000.0,392000.0,30000.0,27000.0
815000.0,900000.0,900000.0,85000.0,85000.0
285000.0,284000.0,285000.0,1000.0,0.0
632900.0,629990.0,622000.0,2910.0,10900.0
1102000.0,1153000.0,1153000.0,51000.0,51000.0
2470000.0,2475000.0,2620000.0,5000.0,150000.0
130000.0,140000.0,107500.0,10000.0,22500.0
800000.0,840000.0,850000.0,40000.0,50000.0
2050000.0,2270000.0,2050000.0,220000.0,0.0
345000.0,349950.0,349950.0,4950.0,4950.0
490000.0,495000.0,479000.0,5000.0,11000.0
1285000.0,1250000.0,1263000.0,35000.0,22000.0
315000.0,300000.0,309000.0,15000.0,6000.0
2050000.0,1998000.0,2040000.0,52000.0,10000.0
340000.0,280000.0,297000.0,60000.0,43000.0
401700.0,410000.0,410000.0,8300.0,8300.0
1050000.0,1075000.0,1075000.0,25000.0,25000.0
523000.0,490000.0,520000.0,33000.0,3000.0
1175000.0,1725000.0,1552000.0,550000.0,377000.0
430000.0,440000.0,400000.0,10000.0,30000.0
2290000.0,2315000.0,2323000.0,25000.0,33000.0
675000.0,715000.0,725000.0,40000.0,50000.0
645000.0,690000.0,675000.0,45000.0,30000.0
865000.0,869000.0,900000.0,4000.0,35000.0
610000.0,615000.0,550000.0,5000.0,60000.0
545000.0,570000.0,560000.0,25000.0,15000.0
549000.0,605000.0,520000.0,56000.0,29000.0
611000.0,585000.0,530000.0,26000.0,81000.0
1410250.0,1510000.0,1550000.0,99750.0,139750.0
665000.0,658990.0,650000.0,6010.0,15000.0
400000.0,445000.0,295000.0,45000.0,105000.0
190000.0,182500.0,185000.0,7500.0,5000.0
990000.0,1030000.0,998000.0,40000.0,8000.0
525000.0,535000.0,525000.0,10000.0,0.0
530000.0,575000.0,580000.0,45000.0,50000.0
1500000.0,1550000.0,1550000.0,50000.0,50000.0
763000.0,765000.0,760000.0,2000.0,3000.0
630000.0,629990.0,625000.0,10.0,5000.0
2100000.0,2050000.0,2050000.0,50000.0,50000.0
4850000.0,4695000.0,4835000.0,155000.0,15000.0
5299000.0,5299000.0,5850000.0,0.0,551000.0
775000.0,790000.0,786000.0,15000.0,11000.0
1260000.0,1325000.0,1330000.0,65000.0,70000.0
4450000.0,4500000.0,4500000.0,50000.0,50000.0
225000.0,238000.0,235000.0,13000.0,10000.0
562000.0,567000.0,533000.0,5000.0,29000.0
750000.0,826000.0,826000.0,76000.0,76000.0
530000.0,528000.0,500888.0,2000.0,29112.0
390000.0,409000.0,405000.0,19000.0,15000.0
960000.0,950000.0,961000.0,10000.0,1000.0
360000.0,259000.0,345000.0,101000.0,15000.0
455000.0,444900.0,444900.0,10100.0,10100.0
695000.0,700000.0,705000.0,5000.0,10000.0
650000.0,645000.0,660000.0,5000.0,10000.0
399999.0,402000.0,400000.0,2001.0,1.0
260000.0,295000.0,295000.0,35000.0,35000.0
380000.0,370000.0,360000.0,10000.0,20000.0
585000.0,599000.0,599000.0,14000.0,14000.0
150000.0,280000.0,275000.0,130000.0,125000.0
573800.0,570000.0,550000.0,3800.0,23800.0
670000.0,740000.0,730000.0,70000.0,60000.0
3300000.0,3600000.0,3333175.0,300000.0,33175.0
2690000.0,2725000.0,2650000.0,35000.0,40000.0
360000.0,385000.0,385000.0,25000.0,25000.0
1885000.0,1900000.0,2065000.0,15000.0,180000.0
250000.0,240000.0,240000.0,10000.0,10000.0
522242.0,574637.0,531061.0,52395.0,8819.0
775000.0,745000.0,760000.0,30000.0,15000.0
204800.0,240000.0,209000.0,35200.0,4200.0
600000.0,605000.0,599999.0,5000.0,1.0
185000.0,135000.0,170000.0,50000.0,15000.0
525000.0,525000.0,519516.0,0.0,5484.0
835000.0,1005000.0,860000.0,170000.0,25000.0
1825000.0,1875000.0,1900000.0,50000.0,75000.0
590362.0,584153.0,575000.0,6209.0,15362.0
765000.0,761000.0,759000.0,4000.0,6000.0
584000.0,580000.0,585000.0,4000.0,1000.0
622000.0,664000.0,665000.0,42000.0,43000.0
485000.0,494000.0,494000.0,9000.0,9000.0
3268000.0,3300000.0,3265000.0,32000.0,3000.0
450000.0,450000.0,458000.0,0.0,8000.0
880000.0,899000.0,894000.0,19000.0,14000.0
310000.0,280000.0,290000.0,30000.0,20000.0
337000.0,335000.0,310000.0,2000.0,27000.0
1078325.0,1088990.0,1088990.0,10665.0,10665.0
825000.0,842000.0,820000.0,17000.0,5000.0
665000.0,669500.0,670000.0,4500.0,5000.0
887500.0,860000.0,803000.0,27500.0,84500.0
458000.0,520000.0,505000.0,62000.0,47000.0
3825000.0,4300000.0,4100000.0,475000.0,275000.0
342000.0,340000.0,331700.0,2000.0,10300.0
320000.0,353000.0,360000.0,33000.0,40000.0
315000.0,370000.0,342000.0,55000.0,27000.0
6500000.0,6725000.0,6850000.0,225000.0,350000.0
1120000.0,1055000.0,1159000.0,65000.0,39000.0
1255000.0,1210000.0,1210000.0,45000.0,45000.0
495000.0,514999.0,510000.0,19999.0,15000.0
290000.0,277660.0,300000.0,12340.0,10000.0
735000.0,720000.0,710000.0,15000.0,25000.0
1050000.0,1450000.0,952000.0,400000.0,98000.0
865000.0,865000.0,875000.0,0.0,10000.0
885000.0,807000.0,807000.0,78000.0,78000.0
570000.0,595000.0,620000.0,25000.0,50000.0
830000.0,930000.0,825000.0,100000.0,5000.0
450000.0,490000.0,499999.0,40000.0,49999.0
495000.0,544000.0,549900.0,49000.0,54900.0
1210000.0,1280000.0,1415000.0,70000.0,205000.0
445000.0,480000.0,465000.0,35000.0,20000.0
1300000.0,1311000.0,1300000.0,11000.0,0.0
1225000.0,1230000.0,1205000.0,5000.0,20000.0
640000.0,600000.0,615000.0,40000.0,25000.0
495000.0,530000.0,505000.0,35000.0,10000.0
345000.0,359000.0,365000.0,14000.0,20000.0
325000.0,300000.0,300000.0,25000.0,25000.0
2625000.0,2575000.0,2400000.0,50000.0,225000.0
1735000.0,1725000.0,1675000.0,10000.0,60000.0
610000.0,655000.0,664000.0,45000.0,54000.0
2550000.0,2590000.0,2675000.0,40000.0,125000.0
715000.0,715000.0,715000.0,0.0,0.0
900000.0,890000.0,925000.0,10000.0,25000.0
1600000.0,1649000.0,1677500.0,49000.0,77500.0
1410205.0,1560000.0,1360000.0,149795.0,50205.0
690000.0,700000.0,692000.0,10000.0,2000.0
554000.0,553656.0,550000.0,344.0,4000.0
615000.0,596000.0,600000.0,19000.0,15000.0
615000.0,625000.0,630000.0,10000.0,15000.0
1874500.0,1850000.0,1865000.0,24500.0,9500.0
700000.0,710000.0,725000.0,10000.0,25000.0
335000.0,345000.0,349000.0,10000.0,14000.0
2575000.0,2450000.0,2550000.0,125000.0,25000.0
2390000.0,2375000.0,2250000.0,15000.0,140000.0
835000.0,835000.0,840000.0,0.0,5000.0
830000.0,820000.0,850000.0,10000.0,20000.0
4200000.0,4500000.0,4500000.0,300000.0,300000.0
439900.0,450000.0,440000.0,10100.0,100.0
725000.0,775000.0,765000.0,50000.0,40000.0
410000.0,402000.0,425000.0,8000.0,15000.0
899000.0,805000.0,899000.0,94000.0,0.0
2950000.0,2750000.0,2800000.0,200000.0,150000.0
799900.0,845000.0,805000.0,45100.0,5100.0
1195000.0,1125000.0,1150000.0,70000.0,45000.0
380000.0,370000.0,370000.0,10000.0,10000.0
1154974.0,1150000.0,1125000.0,4974.0,29974.0
1750000.0,1627800.0,1800000.0,122200.0,50000.0
1112000.0,1130000.0,1080000.0,18000.0,32000.0
545000.0,550000.0,545000.0,5000.0,0.0
1210000.0,1270000.0,1375000.0,60000.0,165000.0
428000.0,435000.0,470000.0,7000.0,42000.0
600000.0,595000.0,606542.0,5000.0,6542.0
430000.0,410000.0,400000.0,20000.0,30000.0
1063500.0,1260000.0,1260000.0,196500.0,196500.0
452500.0,465000.0,479000.0,12500.0,26500.0
1500000.0,1515000.0,1525000.0,15000.0,25000.0
640000.0,665000.0,685000.0,25000.0,45000.0
1965000.0,1950000.0,1950000.0,15000.0,15000.0
420000.0,435000.0,445000.0,15000.0,25000.0
309000.0,325000.0,299000.0,16000.0,10000.0
3435000.0,3400000.0,3250000.0,35000.0,185000.0
790000.0,775000.0,860000.0,15000.0,70000.0
505000.0,515000.0,551000.0,10000.0,46000.0
2205100.0,2135000.0,2130000.0,70100.0,75100.0
575000.0,565000.0,565000.0,10000.0,10000.0
2554000.0,2375000.0,2390000.0,179000.0,164000.0
875000.0,875000.0,875000.0,0.0,0.0
550000.0,499999.0,490000.0,50001.0,60000.0
637000.0,625000.0,630000.0,12000.0,7000.0
1270000.0,1360000.0,1250000.0,90000.0,20000.0
1700000.0,1885000.0,1900000.0,185000.0,200000.0
1240000.0,1250000.0,1364750.0,10000.0,124750.0
399000.0,385000.0,390000.0,14000.0,9000.0
875000.0,906000.0,850000.0,31000.0,25000.0
1280000.0,1349000.0,1343000.0,69000.0,63000.0
1950000.0,2075000.0,2300000.0,125000.0,350000.0
896000.0,895000.0,925000.0,1000.0,29000.0
497000.0,480000.0,495000.0,17000.0,2000.0
599900.0,599990.0,579000.0,90.0,20900.0
600000.0,600000.0,599000.0,0.0,1000.0
314000.0,300000.0,300000.0,14000.0,14000.0
1700000.0,1700000.0,1950000.0,0.0,250000.0
270000.0,278000.0,275000.0,8000.0,5000.0
4100000.0,4000000.0,4000000.0,100000.0,100000.0
1660000.0,1700000.0,1640000.0,40000.0,20000.0
520000.0,527000.0,430000.0,7000.0,90000.0
265000.0,250000.0,235000.0,15000.0,30000.0
350000.0,330000.0,345000.0,20000.0,5000.0
340000.0,350000.0,340000.0,10000.0,0.0
895000.0,935000.0,860000.0,40000.0,35000.0
747290.0,795000.0,759990.0,47710.0,12700.0
340000.0,325000.0,325000.0,15000.0,15000.0
615000.0,612000.0,625000.0,3000.0,10000.0
1030000.0,1065000.0,1075000.0,35000.0,45000.0
835000.0,775000.0,850000.0,60000.0,15000.0
850000.0,880000.0,870000.0,30000.0,20000.0
862000.0,896000.0,880000.0,34000.0,18000.0
395000.0,390000.0,395000.0,5000.0,0.0
614500.0,640000.0,640000.0,25500.0,25500.0
794990.0,795000.0,759990.0,10.0,35000.0
448000.0,415000.0,430000.0,33000.0,18000.0
593000.0,550000.0,580000.0,43000.0,13000.0
970000.0,989000.0,990000.0,19000.0,20000.0
2999000.0,2755000.0,2850000.0,244000.0,149000.0
269000.0,279000.0,278500.0,10000.0,9500.0
682491.0,1008000.0,1025000.0,325509.0,342509.0
705000.0,500000.0,500000.0,205000.0,205000.0
669000.0,715000.0,805000.0,46000.0,136000.0
170000.0,185000.0,200000.0,15000.0,30000.0
190000.0,212600.0,220000.0,22600.0,30000.0
765000.0,810000.0,750000.0,45000.0,15000.0
1722708.0,1620000.0,1695000.0,102708.0,27708.0
820095.0,797868.0,765000.0,22227.0,55095.0
1848570.0,1890000.0,1849000.0,41430.0,430.0
2120000.0,2323000.0,2325000.0,203000.0,205000.0
790000.0,820000.0,775000.0,30000.0,15000.0
588000.0,556000.0,580000.0,32000.0,8000.0
750000.0,751000.0,800000.0,1000.0,50000.0
3300000.0,3675000.0,3850000.0,375000.0,550000.0
750000.0,749990.0,765000.0,10.0,15000.0
835888.0,839000.0,880000.0,3112.0,44112.0
1630000.0,1545000.0,1610000.0,85000.0,20000.0
410000.0,415000.0,373000.0,5000.0,37000.0
10287500.0,11586250.0,11450000.0,1298750.0,1162500.0
506000.0,532174.0,531061.0,26174.0,25061.0
810000.0,835000.0,810000.0,25000.0,0.0
495000.0,470000.0,480000.0,25000.0,15000.0
550000.0,585000.0,585000.0,35000.0,35000.0
580000.0,600000.0,600000.0,20000.0,20000.0
2250000.0,2130000.0,2350000.0,120000.0,100000.0
712500.0,712000.0,700000.0,500.0,12500.0
375000.0,369000.0,369500.0,6000.0,5500.0
580000.0,585000.0,565000.0,5000.0,15000.0
541000.0,585000.0,535000.0,44000.0,6000.0
470000.0,475000.0,459800.0,5000.0,10200.0
650000.0,700000.0,795000.0,50000.0,145000.0
940000.0,960000.0,875000.0,20000.0,65000.0
1272000.0,1260000.0,1300000.0,12000.0,28000.0
1075000.0,1050000.0,1050000.0,25000.0,25000.0
2750000.0,2950000.0,3000000.0,200000.0,250000.0
1375000.0,1165000.0,1385000.0,210000.0,10000.0
655000.0,715000.0,685990.0,60000.0,30990.0
5350000.0,5415000.0,5415000.0,65000.0,65000.0
698000.0,690000.0,699000.0,8000.0,1000.0
210000.0,225000.0,228000.0,15000.0,18000.0
525000.0,500000.0,530000.0,25000.0,5000.0
950000.0,880000.0,1102000.0,70000.0,152000.0
2460000.0,2525000.0,2470000.0,65000.0,10000.0
797500.0,829000.0,740000.0,31500.0,57500.0
828196.0,796637.0,760000.0,31559.0,68196.0
145000.0,160000.0,150000.0,15000.0,5000.0
1435000.0,1429000.0,1500000.0,6000.0,65000.0
580000.0,621000.0,630000.0,41000.0,50000.0
1000000.0,1200000.0,1200000.0,200000.0,200000.0
5750000.0,6160000.0,6160000.0,410000.0,410000.0
3662000.0,4200000.0,3850000.0,538000.0,188000.0
900000.0,932000.0,980000.0,32000.0,80000.0
690000.0,641949.0,640000.0,48051.0,50000.0
302500.0,317000.0,305000.0,14500.0,2500.0
799999.0,795000.0,875000.0,4999.0,75001.0
1080000.0,1100000.0,1100000.0,20000.0,20000.0
1085310.0,1094174.0,1094174.0,8864.0,8864.0
369000.0,388000.0,370000.0,19000.0,1000.0
877000.0,895000.0,895000.0,18000.0,18000.0
630000.0,630000.0,600000.0,0.0,30000.0
715000.0,704000.0,712500.0,11000.0,2500.0
725000.0,850000.0,880000.0,125000.0,155000.0
400000.0,390000.0,390000.0,10000.0,10000.0
326500.0,370000.0,370000.0,43500.0,43500.0
755000.0,740000.0,755000.0,15000.0,0.0
1975000.0,2069000.0,2250000.0,94000.0,275000.0
1259000.0,1250000.0,1355000.0,9000.0,96000.0
715000.0,780000.0,780000.0,65000.0,65000.0
1530000.0,1550000.0,1550000.0,20000.0,20000.0
520000.0,547000.0,535000.0,27000.0,15000.0
730000.0,710000.0,736000.0,20000.0,6000.0
2100000.0,2150000.0,2400000.0,50000.0,300000.0
1360000.0,1525000.0,1430000.0,165000.0,70000.0
1450000.0,1450000.0,1380000.0,0.0,70000.0
459000.0,459000.0,430000.0,0.0,29000.0
3800000.0,4200000.0,4000000.0,400000.0,200000.0
6900000.0,6175000.0,6175000.0,725000.0,725000.0
2360000.0,2400000.0,2400000.0,40000.0,40000.0
1775000.0,1770000.0,1840000.0,5000.0,65000.0
2600000.0,2450000.0,2436670.0,150000.0,163330.0
775000.0,775000.0,750000.0,0.0,25000.0
375000.0,400000.0,375000.0,25000.0,0.0
1350000.0,1350000.0,1430000.0,0.0,80000.0
505000.0,503000.0,510000.0,2000.0,5000.0
487000.0,472000.0,505000.0,15000.0,18000.0
1125000.0,1175000.0,1200000.0,50000.0,75000.0
425000.0,415000.0,472770.0,10000.0,47770.0
10900000.0,10000000.0,10184000.0,900000.0,716000.0
832500.0,840000.0,850000.0,7500.0,17500.0
725000.0,721000.0,696000.0,4000.0,29000.0
300000.0,293000.0,285000.0,7000.0,15000.0
650000.0,559500.0,600000.0,90500.0,50000.0
355000.0,365000.0,360000.0,10000.0,5000.0
325000.0,359000.0,356000.0,34000.0,31000.0
367000.0,390000.0,399000.0,23000.0,32000.0
785000.0,735000.0,725000.0,50000.0,60000.0
3525000.0,3665000.0,3700000.0,140000.0,175000.0
119800.0,124900.0,120000.0,5100.0,200.0
800000.0,799900.0,830000.0,100.0,30000.0
825000.0,805000.0,805000.0,20000.0,20000.0
1008000.0,1200000.0,1200000.0,192000.0,192000.0
470000.0,464000.0,450000.0,6000.0,20000.0
475000.0,475000.0,460000.0,0.0,15000.0
1449015.0,1555000.0,1499000.0,105985.0,49985.0
410000.0,425000.0,400000.0,15000.0,10000.0
305000.0,305000.0,287000.0,0.0,18000.0
1300000.0,1435000.0,1420000.0,135000.0,120000.0
303000.0,270000.0,320000.0,33000.0,17000.0
550000.0,535000.0,525000.0,15000.0,25000.0
837750.0,905000.0,911100.0,67250.0,73350.0
1701410.0,1600000.0,1608755.0,101410.0,92655.0
510000.0,500000.0,510000.0,10000.0,0.0
650000.0,690000.0,678000.0,40000.0,28000.0
1333000.0,1500000.0,1340000.0,167000.0,7000.0
322000.0,331000.0,331000.0,9000.0,9000.0
338000.0,333000.0,320000.0,5000.0,18000.0
905000.0,965000.0,967500.0,60000.0,62500.0
865000.0,936000.0,899999.0,71000.0,34999.0
2300000.0,2708888.0,2325000.0,408888.0,25000.0
1880000.0,1880000.0,1858000.0,0.0,22000.0
1800000.0,1900000.0,1950000.0,100000.0,150000.0
990000.0,985000.0,985000.0,5000.0,5000.0
735000.0,735000.0,750000.0,0.0,15000.0
1048500.0,1050000.0,1050000.0,1500.0,1500.0
225000.0,235000.0,240000.0,10000.0,15000.0
373000.0,320000.0,445000.0,53000.0,72000.0
7980000.0,7650000.0,7600000.0,330000.0,380000.0
349000.0,355000.0,345000.0,6000.0,4000.0
1450000.0,1360000.0,1431510.0,90000.0,18490.0
215000.0,205000.0,172000.0,10000.0,43000.0
550000.0,510000.0,510000.0,40000.0,40000.0
1750000.0,2030000.0,1950000.0,280000.0,200000.0
405000.0,375000.0,390000.0,30000.0,15000.0
380000.0,375000.0,360000.0,5000.0,20000.0
1399000.0,1280000.0,1305000.0,119000.0,94000.0
655000.0,580000.0,640000.0,75000.0,15000.0
2000000.0,2000000.0,2015000.0,0.0,15000.0
1700000.0,1825000.0,1775000.0,125000.0,75000.0
635000.0,650000.0,650000.0,15000.0,15000.0
615000.0,590000.0,579000.0,25000.0,36000.0
560000.0,555000.0,540000.0,5000.0,20000.0
479000.0,479000.0,470000.0,0.0,9000.0
359000.0,380000.0,359900.0,21000.0,900.0
845000.0,920000.0,879000.0,75000.0,34000.0
4100000.0,4220000.0,4675000.0,120000.0,575000.0
680000.0,625000.0,610000.0,55000.0,70000.0
735000.0,724900.0,739000.0,10100.0,4000.0
600000.0,603000.0,608000.0,3000.0,8000.0
840000.0,910000.0,906000.0,70000.0,66000.0
1979990.0,1875000.0,2025000.0,104990.0,45010.0
500000.0,532000.0,540000.0,32000.0,40000.0
880000.0,860000.0,870000.0,20000.0,10000.0
2900000.0,3100000.0,3100000.0,200000.0,200000.0
660000.0,640000.0,625000.0,20000.0,35000.0
853128.0,760000.0,760000.0,93128.0,93128.0
1299990.0,1199000.0,1250000.0,100990.0,49990.0
765000.0,745000.0,745000.0,20000.0,20000.0
405000.0,405000.0,385000.0,0.0,20000.0
540000.0,450000.0,450000.0,90000.0,90000.0
585000.0,612000.0,615000.0,27000.0,30000.0
4200000.0,4835000.0,4630000.0,635000.0,430000.0
1377889.0,1365000.0,1380000.0,12889.0,2111.0
450000.0,472500.0,472000.0,22500.0,22000.0
1638800.0,1625000.0,1650000.0,13800.0,11200.0
699000.0,650000.0,669000.0,49000.0,30000.0
691318.0,660000.0,670000.0,31318.0,21318.0
970000.0,935000.0,995000.0,35000.0,25000.0
1185000.0,1000000.0,900000.0,185000.0,285000.0
925000.0,891000.0,891000.0,34000.0,34000.0
268000.0,274000.0,269000.0,6000.0,1000.0
268000.0,270000.0,278100.0,2000.0,10100.0
635000.0,657200.0,652000.0,22200.0,17000.0
1750000.0,1750000.0,1705000.0,0.0,45000.0
335000.0,340000.0,350000.0,5000.0,15000.0
789999.0,790000.0,800000.0,1.0,10001.0
645000.0,620000.0,644900.0,25000.0,100.0
1220000.0,1342000.0,1194000.0,122000.0,26000.0
1768500.0,1850000.0,1700000.0,81500.0,68500.0
3560000.0,3725000.0,3950000.0,165000.0,390000.0
3371000.0,3600000.0,3750000.0,229000.0,379000.0
748990.0,735000.0,735000.0,13990.0,13990.0
323000.0,340000.0,345000.0,17000.0,22000.0
290000.0,300000.0,317500.0,10000.0,27500.0
750000.0,750000.0,758500.0,0.0,8500.0
839000.0,893000.0,888000.0,54000.0,49000.0
790000.0,799000.0,860000.0,9000.0,70000.0
780000.0,795000.0,777000.0,15000.0,3000.0
4050000.0,4400000.0,4500000.0,350000.0,450000.0
780000.0,799000.0,810000.0,19000.0,30000.0
405000.0,400000.0,393990.0,5000.0,11010.0
580000.0,585000.0,569000.0,5000.0,11000.0
1337000.0,1425000.0,1425000.0,88000.0,88000.0
610000.0,579000.0,609990.0,31000.0,10.0
525000.0,551610.0,545000.0,26610.0,20000.0
5000000.0,5415000.0,5298000.0,415000.0,298000.0
410000.0,389900.0,390000.0,20100.0,20000.0
675000.0,670000.0,710000.0,5000.0,35000.0
485000.0,496500.0,504000.0,11500.0,19000.0
3500000.0,3600000.0,3750000.0,100000.0,250000.0
375000.0,385000.0,380000.0,10000.0,5000.0
2210000.0,2405000.0,2330000.0,195000.0,120000.0
2825000.0,2800000.0,2850000.0,25000.0,25000.0
1380000.0,1399000.0,1375000.0,19000.0,5000.0
650000.0,697900.0,697900.0,47900.0,47900.0
1900000.0,1700000.0,1900000.0,200000.0,0.0
517500.0,495000.0,495000.0,22500.0,22500.0
319800.0,315000.0,355000.0,4800.0,35200.0
125000.0,150000.0,150000.0,25000.0,25000.0
3275000.0,3250000.0,3200000.0,25000.0,75000.0
900000.0,932000.0,935000.0,32000.0,35000.0
372000.0,990000.0,950000.0,618000.0,578000.0
410000.0,390000.0,390000.0,20000.0,20000.0
1425000.0,1650000.0,1700000.0,225000.0,275000.0
1165000.0,1225000.0,1230000.0,60000.0,65000.0
1023085.0,1025000.0,985000.0,1915.0,38085.0
1150000.0,1300000.0,1300000.0,150000.0,150000.0
2999500.0,2975000.0,2800000.0,24500.0,199500.0
1200000.0,1295000.0,1250000.0,95000.0,50000.0
1365000.0,1495000.0,1300000.0,130000.0,65000.0
1480000.0,1675000.0,1639000.0,195000.0,159000.0
590000.0,584000.0,575000.0,6000.0,15000.0
550000.0,565000.0,585000.0,15000.0,35000.0
1068000.0,1140000.0,1185000.0,72000.0,117000.0
500000.0,481000.0,481000.0,19000.0,19000.0
2500000.0,2900000.0,2775000.0,400000.0,275000.0
692990.0,673090.0,695000.0,19900.0,2010.0
1059000.0,1000000.0,1000000.0,59000.0,59000.0
1075000.0,1020000.0,1045000.0,55000.0,30000.0
400000.0,380000.0,362500.0,20000.0,37500.0
1074650.0,740000.0,740000.0,334650.0,334650.0
769500.0,864415.0,839990.0,94915.0,70490.0
721305.0,800000.0,820000.0,78695.0,98695.0
585000.0,605000.0,603000.0,20000.0,18000.0
1979990.0,1875000.0,2025000.0,104990.0,45010.0
580000.0,559500.0,585000.0,20500.0,5000.0
327000.0,338000.0,338000.0,11000.0,11000.0
1300000.0,1399000.0,1350000.0,99000.0,50000.0
405000.0,398700.0,400000.0,6300.0,5000.0
1072000.0,1080000.0,1080000.0,8000.0,8000.0
855000.0,825000.0,850000.0,30000.0,5000.0
645000.0,650000.0,615000.0,5000.0,30000.0
470000.0,475000.0,470000.0,5000.0,0.0
775000.0,830000.0,850000.0,55000.0,75000.0
750000.0,830000.0,799000.0,80000.0,49000.0
769900.0,780000.0,755000.0,10100.0,14900.0
2600000.0,2475000.0,2555000.0,125000.0,45000.0
950000.0,987870.0,959900.0,37870.0,9900.0
580000.0,555000.0,535000.0,25000.0,45000.0
575000.0,635000.0,609000.0,60000.0,34000.0
890000.0,865000.0,875000.0,25000.0,15000.0
625000.0,639900.0,635000.0,14900.0,10000.0
755000.0,765000.0,780000.0,10000.0,25000.0
657500.0,645000.0,645000.0,12500.0,12500.0
1125000.0,1235000.0,1150000.0,110000.0,25000.0
530000.0,518900.0,505000.0,11100.0,25000.0
840000.0,850000.0,865000.0,10000.0,25000.0
650000.0,700000.0,705000.0,50000.0,55000.0
720000.0,745000.0,754000.0,25000.0,34000.0
713000.0,850000.0,815000.0,137000.0,102000.0
2995000.0,3450000.0,3450000.0,455000.0,455000.0
201000.0,183500.0,183500.0,17500.0,17500.0
2665000.0,2725000.0,2680000.0,60000.0,15000.0
1600000.0,1650000.0,1600000.0,50000.0,0.0
2100000.0,2200000.0,2240000.0,100000.0,140000.0
225000.0,225000.0,249900.0,0.0,24900.0
925349.0,915000.0,910000.0,10349.0,15349.0
1850000.0,1955000.0,2150000.0,105000.0,300000.0
1075000.0,1090000.0,1100000.0,15000.0,25000.0
710000.0,680000.0,710000.0,30000.0,0.0
1188000.0,1365000.0,1330000.0,177000.0,142000.0
1050000.0,1180000.0,1165000.0,130000.0,115000.0
379000.0,405000.0,405000.0,26000.0,26000.0
500856.0,475000.0,481500.0,25856.0,19356.0
900000.0,888000.0,854000.0,12000.0,46000.0
665000.0,670000.0,695000.0,5000.0,30000.0
1500000.0,1500000.0,1520000.0,0.0,20000.0
1822500.0,2325000.0,2325000.0,502500.0,502500.0
600000.0,600000.0,600000.0,0.0,0.0
4000000.0,4050000.0,4050000.0,50000.0,50000.0
534718.0,534823.0,534823.0,105.0,105.0
296500.0,290000.0,290000.0,6500.0,6500.0
665990.0,641949.0,650000.0,24041.0,15990.0
300000.0,310500.0,310000.0,10500.0,10000.0
700000.0,750000.0,750000.0,50000.0,50000.0
1000000.0,1065000.0,1020000.0,65000.0,20000.0
1122500.0,1125000.0,1235000.0,2500.0,112500.0
1500000.0,1532000.0,1650000.0,32000.0,150000.0
583888.0,575000.0,550000.0,8888.0,33888.0
550000.0,540000.0,540000.0,10000.0,10000.0
700000.0,875000.0,890000.0,175000.0,190000.0
695000.0,670000.0,640000.0,25000.0,55000.0
494900.0,494900.0,494900.0,0.0,0.0
525000.0,512000.0,525000.0,13000.0,0.0
377000.0,370000.0,400000.0,7000.0,23000.0
1245000.0,1288000.0,1300000.0,43000.0,55000.0
850000.0,905000.0,920000.0,55000.0,70000.0
320000.0,320000.0,355000.0,0.0,35000.0
875000.0,895000.0,850000.0,20000.0,25000.0
1300000.0,1340000.0,1310000.0,40000.0,10000.0
740000.0,740000.0,699000.0,0.0,41000.0
1199990.0,1175000.0,1175000.0,24990.0,24990.0
629000.0,575000.0,650000.0,54000.0,21000.0
560000.0,559000.0,569000.0,1000.0,9000.0
1364900.0,1325000.0,1570000.0,39900.0,205100.0
2953850.0,2810000.0,2810000.0,143850.0,143850.0
2983648.0,2850000.0,2600000.0,133648.0,383648.0
450000.0,505000.0,507500.0,55000.0,57500.0
412500.0,420000.0,430000.0,7500.0,17500.0
1045000.0,1228160.0,1000000.0,183160.0,45000.0
830000.0,830000.0,830000.0,0.0,0.0
1365000.0,1475000.0,1510000.0,110000.0,145000.0
155000.0,275000.0,300000.0,120000.0,145000.0
6300000.0,6277000.0,6277000.0,23000.0,23000.0
500000.0,510000.0,585000.0,10000.0,85000.0
791000.0,838000.0,1045000.0,47000.0,254000.0
470000.0,475000.0,501000.0,5000.0,31000.0
680000.0,685000.0,635990.0,5000.0,44010.0
265000.0,270000.0,263000.0,5000.0,2000.0
2700000.0,2802500.0,2890000.0,102500.0,190000.0
1340000.0,1350000.0,1350000.0,10000.0,10000.0
1720000.0,1660000.0,1625000.0,60000.0,95000.0
639000.0,606000.0,650000.0,33000.0,11000.0
419880.0,441490.0,409990.0,21610.0,9890.0
425000.0,440000.0,429500.0,15000.0,4500.0
856077.0,777824.0,740000.0,78253.0,116077.0
432950.0,450000.0,439000.0,17050.0,6050.0
527750.0,560000.0,549900.0,32250.0,22150.0
695000.0,600000.0,600000.0,95000.0,95000.0
3070000.0,3380000.0,3160000.0,310000.0,90000.0
408000.0,410000.0,400000.0,2000.0,8000.0
325000.0,306000.0,310000.0,19000.0,15000.0
710000.0,695000.0,700000.0,15000.0,10000.0
1225000.0,1275000.0,1230000.0,50000.0,5000.0
400000.0,400000.0,411000.0,0.0,11000.0
260000.0,260000.0,235000.0,0.0,25000.0
963800.0,985000.0,985000.0,21200.0,21200.0
710000.0,800000.0,700000.0,90000.0,10000.0
1100000.0,1260000.0,1250000.0,160000.0,150000.0
730000.0,760000.0,750000.0,30000.0,20000.0
621316.0,620000.0,600000.0,1316.0,21316.0
199000.0,215000.0,200555.0,16000.0,1555.0
6380000.0,7750000.0,7600000.0,1370000.0,1220000.0
700000.0,695000.0,630000.0,5000.0,70000.0
585000.0,600000.0,600000.0,15000.0,15000.0
11213000.0,12000000.0,12000000.0,787000.0,787000.0
245000.0,247000.0,250000.0,2000.0,5000.0
720000.0,752000.0,760000.0,32000.0,40000.0
2575200.0,2717642.0,2660000.0,142442.0,84800.0
325000.0,343048.0,306000.0,18048.0,19000.0
6395000.0,6080000.0,6500000.0,315000.0,105000.0
635339.0,595000.0,590000.0,40339.0,45339.0
715000.0,715000.0,675000.0,0.0,40000.0
14000000.0,14250000.0,15225000.0,250000.0,1225000.0
235000.0,280000.0,315600.0,45000.0,80600.0
320000.0,360000.0,334000.0,40000.0,14000.0
750000.0,790000.0,790000.0,40000.0,40000.0
992000.0,972000.0,1002000.0,20000.0,10000.0
875000.0,930000.0,916500.0,55000.0,41500.0
299000.0,280000.0,299000.0,19000.0,0.0
505000.0,510000.0,510200.0,5000.0,5200.0
375000.0,350000.0,330000.0,25000.0,45000.0
585000.0,585000.0,580000.0,0.0,5000.0
144000.0,130000.0,130000.0,14000.0,14000.0
1590000.0,1742500.0,1600000.0,152500.0,10000.0
255000.0,259000.0,259000.0,4000.0,4000.0
980000.0,1039990.0,1050000.0,59990.0,70000.0
625000.0,638000.0,635000.0,13000.0,10000.0
400000.0,360000.0,360000.0,40000.0,40000.0
1147000.0,1199900.0,1200000.0,52900.0,53000.0
760000.0,765000.0,775000.0,5000.0,15000.0
849990.0,820000.0,840000.0,29990.0,9990.0
1000000.0,1025000.0,1049950.0,25000.0,49950.0
274999.0,275000.0,275000.0,1.0,1.0
1400000.0,1455000.0,1500000.0,55000.0,100000.0
800000.0,850000.0,810000.0,50000.0,10000.0
360000.0,369000.0,368000.0,9000.0,8000.0
712249.0,695000.0,719317.0,17249.0,7068.0
685000.0,685000.0,710000.0,0.0,25000.0
1310000.0,1400000.0,1502000.0,90000.0,192000.0
575000.0,730000.0,730000.0,155000.0,155000.0
460000.0,490000.0,479000.0,30000.0,19000.0
1020000.0,1015000.0,990000.0,5000.0,30000.0
525000.0,505535.0,525000.0,19465.0,0.0
670000.0,687000.0,683000.0,17000.0,13000.0
2600000.0,2715000.0,2630000.0,115000.0,30000.0
480000.0,460000.0,460000.0,20000.0,20000.0
1005000.0,1350000.0,950000.0,345000.0,55000.0
525000.0,545000.0,550000.0,20000.0,25000.0
300000.0,314000.0,317000.0,14000.0,17000.0
510000.0,525000.0,545000.0,15000.0,35000.0
598000.0,602500.0,595000.0,4500.0,3000.0
635000.0,593900.0,600000.0,41100.0,35000.0
2950000.0,3400000.0,3050000.0,450000.0,100000.0
560000.0,565000.0,559000.0,5000.0,1000.0
465000.0,449000.0,446766.0,16000.0,18234.0
585000.0,585000.0,579000.0,0.0,6000.0
16250000.0,15050000.0,18800000.0,1200000.0,2550000.0
13500000.0,14000000.0,14000000.0,500000.0,500000.0
830000.0,920000.0,850000.0,90000.0,20000.0
250000.0,250000.0,245000.0,0.0,5000.0
442500.0,425000.0,458000.0,17500.0,15500.0
460000.0,499990.0,515000.0,39990.0,55000.0
1150000.0,1135000.0,1190000.0,15000.0,40000.0
665000.0,833000.0,825000.0,168000.0,160000.0
500000.0,525000.0,510000.0,25000.0,10000.0
1670000.0,1750000.0,1750000.0,80000.0,80000.0
602608.0,595000.0,580000.0,7608.0,22608.0
999000.0,980000.0,975000.0,19000.0,24000.0
495000.0,485000.0,485000.0,10000.0,10000.0
888000.0,900000.0,876000.0,12000.0,12000.0
1435000.0,1550000.0,1600000.0,115000.0,165000.0
510000.0,520000.0,511500.0,10000.0,1500.0
3350000.0,3310000.0,3470000.0,40000.0,120000.0
622000.0,680000.0,858000.0,58000.0,236000.0
510000.0,530000.0,500000.0,20000.0,10000.0
385900.0,390000.0,390000.0,4100.0,4100.0
949000.0,965000.0,965000.0,16000.0,16000.0
730000.0,765000.0,735000.0,35000.0,5000.0
3300000.0,3065000.0,3100000.0,235000.0,200000.0
1643000.0,1800000.0,1649500.0,157000.0,6500.0
625000.0,625000.0,617000.0,0.0,8000.0
915000.0,1051111.0,1130000.0,136111.0,215000.0
640000.0,680000.0,1019223.0,40000.0,379223.0
6400000.0,8100000.0,8100000.0,1700000.0,1700000.0
1200000.0,1215000.0,1200000.0,15000.0,0.0
570000.0,589900.0,590000.0,19900.0,20000.0
5500000.0,5650000.0,6010000.0,150000.0,510000.0
1000000.0,1050000.0,1050000.0,50000.0,50000.0
205000.0,220000.0,230000.0,15000.0,25000.0
625000.0,590000.0,600000.0,35000.0,25000.0
890000.0,803000.0,689000.0,87000.0,201000.0
600000.0,615000.0,615000.0,15000.0,15000.0
390000.0,415000.0,416000.0,25000.0,26000.0
699000.0,685000.0,690000.0,14000.0,9000.0
2675000.0,2875000.0,2715000.0,200000.0,40000.0
274000.0,230000.0,287000.0,44000.0,13000.0
950000.0,1025000.0,1025000.0,75000.0,75000.0
500000.0,526500.0,495000.0,26500.0,5000.0
1200000.0,1260000.0,1200000.0,60000.0,0.0
400000.0,420000.0,420000.0,20000.0,20000.0
422000.0,425000.0,430000.0,3000.0,8000.0
320000.0,340000.0,325000.0,20000.0,5000.0
1585000.0,1880000.0,1815000.0,295000.0,230000.0
760000.0,770000.0,770000.0,10000.0,10000.0
1975000.0,2175000.0,1870000.0,200000.0,105000.0
620000.0,615000.0,600000.0,5000.0,20000.0
960000.0,950000.0,930000.0,10000.0,30000.0
765000.0,775000.0,780000.0,10000.0,15000.0
456000.0,506234.0,489900.0,50234.0,33900.0
599000.0,610000.0,587000.0,11000.0,12000.0
580000.0,660000.0,705000.0,80000.0,125000.0
368000.0,360000.0,373000.0,8000.0,5000.0
220000.0,182500.0,189000.0,37500.0,31000.0
410000.0,429999.0,400000.0,19999.0,10000.0
725000.0,785000.0,796637.0,60000.0,71637.0
465000.0,440000.0,440000.0,25000.0,25000.0
520900.0,520900.0,520900.0,0.0,0.0
1321797.0,1050000.0,1050000.0,271797.0,271797.0
5298000.0,5200000.0,5500000.0,98000.0,202000.0
340000.0,300000.0,322000.0,40000.0,18000.0
465000.0,495000.0,515000.0,30000.0,50000.0
1200000.0,1197000.0,1220000.0,3000.0,20000.0
525000.0,600000.0,602000.0,75000.0,77000.0
875000.0,830000.0,882000.0,45000.0,7000.0
440000.0,450000.0,475000.0,10000.0,35000.0
1080000.0,1350070.0,1045000.0,270070.0,35000.0
900000.0,899000.0,899000.0,1000.0,1000.0
249000.0,260000.0,245000.0,11000.0,4000.0
585000.0,595000.0,592000.0,10000.0,7000.0
349999.0,380000.0,350000.0,30001.0,1.0
900000.0,936000.0,900000.0,36000.0,0.0
700000.0,715000.0,635000.0,15000.0,65000.0
860000.0,915000.0,859900.0,55000.0,100.0
564000.0,568000.0,563990.0,4000.0,10.0
2100000.0,2540000.0,2710000.0,440000.0,610000.0
1350000.0,1350000.0,1354000.0,0.0,4000.0
855000.0,825000.0,849000.0,30000.0,6000.0
1450000.0,1500000.0,1500000.0,50000.0,50000.0
461000.0,495000.0,485000.0,34000.0,24000.0
527957.0,490000.0,467300.0,37957.0,60657.0
282300.0,369000.0,370000.0,86700.0,87700.0
2550000.0,2425888.0,2750000.0,124112.0,200000.0
2085000.0,2214421.0,2400000.0,129421.0,315000.0
729750.0,705000.0,695000.0,24750.0,34750.0
1250000.0,1370000.0,1287500.0,120000.0,37500.0
1500000.0,1650000.0,1660000.0,150000.0,160000.0
1050000.0,1120000.0,1075000.0,70000.0,25000.0
560000.0,570000.0,560000.0,10000.0,0.0
270000.0,275000.0,275000.0,5000.0,5000.0
1300000.0,1600000.0,1600000.0,300000.0,300000.0
499000.0,407000.0,407000.0,92000.0,92000.0
180000.0,230000.0,200000.0,50000.0,20000.0
2600000.0,3050000.0,3000000.0,450000.0,400000.0
1950000.0,2360000.0,2100000.0,410000.0,150000.0
760000.0,785000.0,804000.0,25000.0,44000.0
435000.0,457000.0,449000.0,22000.0,14000.0
300000.0,310000.0,277800.0,10000.0,22200.0
1400000.0,1550000.0,1467375.0,150000.0,67375.0
820000.0,805000.0,825000.0,15000.0,5000.0
260000.0,265000.0,280000.0,5000.0,20000.0
625000.0,625000.0,639888.0,0.0,14888.0
645000.0,610000.0,648000.0,35000.0,3000.0
477000.0,456000.0,450690.0,21000.0,26310.0
2250000.0,2650000.0,2440000.0,400000.0,190000.0
221500.0,230000.0,222000.0,8500.0,500.0
419900.0,420000.0,420000.0,100.0,100.0
1150000.0,1200000.0,1100000.0,50000.0,50000.0
1200000.0,1300000.0,1288500.0,100000.0,88500.0
650000.0,600000.0,639900.0,50000.0,10100.0
1145000.0,1225000.0,1140000.0,80000.0,5000.0
540000.0,575000.0,555000.0,35000.0,15000.0
6350000.0,6675000.0,6463000.0,325000.0,113000.0
590000.0,600000.0,625000.0,10000.0,35000.0
367000.0,379500.0,379500.0,12500.0,12500.0
630000.0,625000.0,635000.0,5000.0,5000.0
440000.0,443000.0,440000.0,3000.0,0.0
2763000.0,3200000.0,3200000.0,437000.0,437000.0
435000.0,450000.0,450000.0,15000.0,15000.0
2150000.0,2280000.0,2420000.0,130000.0,270000.0
17000000.0,16200000.0,16200000.0,800000.0,800000.0
2900000.0,2200000.0,2730000.0,700000.0,170000.0
8750000.0,8750000.0,8750000.0,0.0,0.0
395000.0,411000.0,411000.0,16000.0,16000.0
5750000.0,6150000.0,5600000.0,400000.0,150000.0
440000.0,443000.0,440000.0,3000.0,0.0
610000.0,630000.0,640000.0,20000.0,30000.0
534900.0,534000.0,530000.0,900.0,4900.0
424000.0,450000.0,455000.0,26000.0,31000.0
600000.0,600000.0,613825.0,0.0,13825.0
2125000.0,2200000.0,1900000.0,75000.0,225000.0
570000.0,550000.0,605000.0,20000.0,35000.0
7425000.0,7650000.0,7730000.0,225000.0,305000.0
567230.0,579500.0,585000.0,12270.0,17770.0
430000.0,425000.0,425000.0,5000.0,5000.0
600742.0,568900.0,560000.0,31842.0,40742.0
1000000.0,1000000.0,955000.0,0.0,45000.0
580000.0,595500.0,710000.0,15500.0,130000.0
399900.0,399900.0,385000.0,0.0,14900.0
275000.0,310000.0,310000.0,35000.0,35000.0
955000.0,1000000.0,1075000.0,45000.0,120000.0
340000.0,407000.0,385000.0,67000.0,45000.0
1160000.0,1166000.0,1170000.0,6000.0,10000.0
871000.0,900000.0,875000.0,29000.0,4000.0
875000.0,875000.0,865000.0,0.0,10000.0
729000.0,765000.0,730000.0,36000.0,1000.0
320000.0,317000.0,319000.0,3000.0,1000.0
1150000.0,1300000.0,1300000.0,150000.0,150000.0
1425000.0,1680000.0,1480000.0,255000.0,55000.0
3200000.0,3255000.0,3190000.0,55000.0,10000.0
1695773.0,1800000.0,1767691.0,104227.0,71918.0
1170000.0,1200000.0,1235777.0,30000.0,65777.0
307500.0,270000.0,270000.0,37500.0,37500.0
849900.0,800000.0,840000.0,49900.0,9900.0
327000.0,336000.0,340000.0,9000.0,13000.0
319000.0,340000.0,329000.0,21000.0,10000.0
1720000.0,1745000.0,1775600.0,25000.0,55600.0
2490000.0,2565000.0,2495000.0,75000.0,5000.0
600000.0,795000.0,750000.0,195000.0,150000.0
451500.0,500000.0,447000.0,48500.0,4500.0
345000.0,340000.0,358000.0,5000.0,13000.0
585900.0,585000.0,580000.0,900.0,5900.0
549000.0,527000.0,527000.0,22000.0,22000.0
760000.0,799000.0,770000.0,39000.0,10000.0
1600000.0,1500000.0,1760000.0,100000.0,160000.0
525990.0,525000.0,545000.0,990.0,19010.0
400000.0,430000.0,472000.0,30000.0,72000.0
820000.0,937000.0,937000.0,117000.0,117000.0
999000.0,980000.0,950000.0,19000.0,49000.0
730000.0,737500.0,750000.0,7500.0,20000.0
755000.0,750000.0,750000.0,5000.0,5000.0
305000.0,290000.0,300000.0,15000.0,5000.0
1200000.0,1230000.0,1290000.0,30000.0,90000.0
283000.0,284900.0,285000.0,1900.0,2000.0
1630000.0,1625000.0,1584999.0,5000.0,45001.0
1570000.0,1560000.0,1480000.0,10000.0,90000.0
330000.0,340000.0,340000.0,10000.0,10000.0
26000.0,31000.0,31000.0,5000.0,5000.0
4658800.0,5200000.0,5200000.0,541200.0,541200.0
390000.0,400000.0,400000.0,10000.0,10000.0
355000.0,330000.0,329000.0,25000.0,26000.0
315000.0,315000.0,310000.0,0.0,5000.0
1399000.0,1429990.0,1300000.0,30990.0,99000.0
2160000.0,2362000.0,2330000.0,202000.0,170000.0
575000.0,508000.0,500000.0,67000.0,75000.0
2200000.0,2100000.0,2130000.0,100000.0,70000.0
2960000.0,2752000.0,2900000.0,208000.0,60000.0
386000.0,375000.0,375000.0,11000.0,11000.0
510000.0,675000.0,670000.0,165000.0,160000.0
1880000.0,2180000.0,2075000.0,300000.0,195000.0
527000.0,525000.0,510000.0,2000.0,17000.0
380000.0,407000.0,399000.0,27000.0,19000.0
508900.0,505000.0,485000.0,3900.0,23900.0
1150000.0,1962000.0,1962000.0,812000.0,812000.0
150000.0,1287500.0,1425000.0,1137500.0,1275000.0
449000.0,449000.0,438500.0,0.0,10500.0
812000.0,765000.0,890000.0,47000.0,78000.0
370000.0,390000.0,390000.0,20000.0,20000.0
775000.0,745000.0,689000.0,30000.0,86000.0
755000.0,735000.0,725000.0,20000.0,30000.0
1075000.0,1379985.0,1150000.0,304985.0,75000.0
770000.0,760500.0,780000.0,9500.0,10000.0
337500.0,331000.0,360000.0,6500.0,22500.0
490000.0,495000.0,495000.0,5000.0,5000.0
339000.0,329000.0,339000.0,10000.0,0.0
523000.0,555000.0,530000.0,32000.0,7000.0
1310000.0,1300000.0,1490000.0,10000.0,180000.0
285000.0,260000.0,255000.0,25000.0,30000.0
10380000.0,14500000.0,14500000.0,4120000.0,4120000.0
2200000.0,2300000.0,2250000.0,100000.0,50000.0
440000.0,450000.0,440000.0,10000.0,0.0
1800000.0,1990192.0,1990192.0,190192.0,190192.0
950000.0,1043000.0,840000.0,93000.0,110000.0
645000.0,640000.0,640000.0,5000.0,5000.0
965000.0,950000.0,970000.0,15000.0,5000.0
629000.0,820000.0,805000.0,191000.0,176000.0
725000.0,929000.0,929000.0,204000.0,204000.0
540000.0,560000.0,550000.0,20000.0,10000.0
1265000.0,1298000.0,1300000.0,33000.0,35000.0
445000.0,476000.0,495000.0,31000.0,50000.0
455000.0,792000.0,775000.0,337000.0,320000.0
1850000.0,1800000.0,1875000.0,50000.0,25000.0
655000.0,715000.0,650000.0,60000.0,5000.0
21500000.0,22500000.0,19800000.0,1000000.0,1700000.0
410000.0,330000.0,330000.0,80000.0,80000.0
